собаки;метис;"972270000175103";"07.05.2011";9;
собаки;метис;"972270000162938";"08.05.2011";9;
собаки;метис;"900164000425999";"09.05.2011";9;
собаки;метис;"972000000865448";"10.05.2011";9;
собаки;метис;"972270000314092";"11.05.2011";9;
собаки;метис;"900164000423097";"12.05.2011";9;
собаки;метис;"972270000136854";"13.05.2011";9;
собаки;метис;"643110700002323";"14.05.2011";9;
собаки;метис;"972270000165445";"15.05.2011";9;
собаки;метис;"643110700026003";"16.05.2011";9;
собаки;метис;"643090531782396";"17.05.2011";9;
собаки;метис;"643095317832209";"18.05.2011";9;
собаки;метис;"643095317832208";"19.05.2011";9;
собаки;метис;"643095317832396";"20.05.2011";9;
собаки;метис;"643095317832356";"21.05.2011";9;
собаки;метис;"643095317832332";"22.05.2011";9;
собаки;метис;"643095317832333";"23.05.2011";9;
собаки;метис;"643095317832658";"24.05.2011";9;
собаки;метис;"643095317832678";"25.05.2011";9;
собаки;метис;"643095317832670";"26.05.2011";9;
собаки;метис;"643095317832668";"27.05.2011";9;
собаки;метис;"643095317832680";"28.05.2011";9;
собаки;метис;"643095317832667";"29.05.2011";9;
собаки;метис;"972000000902239";"30.05.2011";9;
собаки;метис;"941000002599535";"31.05.2011";9;
собаки;метис;"972000000845124";"01.06.2011";9;
собаки;метис;"972000000873365";"02.06.2011";9;
собаки;метис;"643094100011875";"03.06.2011";9;
собаки;метис;"972000010012655";"04.06.2011";9;
собаки;метис;"643094100014149";"05.06.2011";9;
собаки;метис;"643094100009171";"06.06.2011";9;
собаки;метис;"972000000876830";"07.06.2011";9;
собаки;метис;"643094100007705";"08.06.2011";9;
собаки;метис;"972000000873925";"09.06.2011";9;
собаки;метис;"643094100010345";"10.06.2011";9;
собаки;метис;"972000000860099";"11.06.2011";9;
собаки;метис;"643094100016246";"12.06.2011";9;
собаки;метис;"643094100007106";"13.06.2011";9;
собаки;метис;"643094100008280";"14.06.2011";9;
собаки;метис;"643094100015996";"15.06.2011";9;
собаки;метис;"643094100008385";"16.06.2011";9;
собаки;метис;"972000000863111";"17.06.2011";9;
собаки;метис;"941000002016800";"18.06.2011";9;
собаки;метис;"643094100016397";"19.06.2011";9;
собаки;метис;"643094100016487";"20.06.2011";9;
собаки;метис;"643094100013420";"21.06.2011";9;
собаки;метис;"643094100016119";"22.06.2011";9;
собаки;метис;"643094100015283";"23.06.2011";9;
собаки;метис;"643010000001992";"24.06.2011";9;
собаки;метис;"643094100011728";"25.06.2011";9;
собаки;метис;"643094100012597";"26.06.2011";9;
собаки;метис;"643110000036340";"27.06.2011";9;
собаки;метис;"643110000036885";"28.06.2011";9;
собаки;метис;"643094100013402";"29.06.2011";9;
собаки;метис;"643094100012954";"30.06.2011";9;
собаки;метис;"643094100011606";"01.07.2011";9;
собаки;метис;"643094100012329";"02.07.2011";9;
собаки;метис;"643094100011117";"03.07.2011";9;
собаки;метис;"972000010004299";"04.07.2011";9;
собаки;метис;"643110000027261";"05.07.2011";9;
собаки;метис;"972000010001018";"06.07.2011";9;
собаки;метис;"643110000027666";"07.07.2011";9;
собаки;метис;"972270000029785";"08.07.2011";9;
собаки;метис;"972270000026513";"09.07.2011";9;
собаки;метис;"643110000027981";"10.07.2011";9;
собаки;метис;"972270000027761";"11.07.2011";9;
собаки;метис;"972270000031097";"12.07.2011";9;
собаки;метис;"972270000025896";"13.07.2011";9;
собаки;метис;"972270000027102";"14.07.2011";9;
собаки;метис;"972270000020673";"15.07.2011";9;
собаки;метис;"972270000030176";"16.07.2011";9;
собаки;метис;"972270000020385";"17.07.2011";9;
собаки;метис;"972270000023430";"18.07.2011";9;
собаки;метис;"972270000023587";"19.07.2011";9;
собаки;метис;"972270000029410";"20.07.2011";9;
собаки;метис;"972270000115577";"21.07.2011";9;
собаки;метис;"972270000119244";"22.07.2011";9;
собаки;метис;"972270000114951";"23.07.2011";9;
собаки;метис;"972270000118503";"24.07.2011";9;
собаки;метис;"972270000117341";"25.07.2011";9;
собаки;метис;"972270000119558";"26.07.2011";9;
собаки;метис;"972270000110672";"27.07.2011";9;
собаки;метис;"972270000118934";"28.07.2011";9;
собаки;метис;"972270000116950";"29.07.2011";9;
собаки;метис;"972270000116104";"30.07.2011";9;
собаки;метис;"972270000113354";"31.07.2011";9;
собаки;метис;"972270000110601";"01.08.2011";9;
собаки;метис;"972270000114885";"02.08.2011";9;
собаки;метис;"972270000117105";"03.08.2011";9;
собаки;метис;"972270000115965";"04.08.2011";9;
собаки;метис;"972270000115999";"05.08.2011";9;
собаки;метис;"972270000113164";"06.08.2011";9;
собаки;метис;"972270000116863";"07.08.2011";9;
собаки;метис;"972270000117479";"08.08.2011";9;
собаки;метис;"972270000110686";"09.08.2011";9;
собаки;метис;"972270000115905";"10.08.2011";9;
собаки;метис;"972270000111822";"11.08.2011";9;
собаки;метис;"972270000118005";"12.08.2011";9;
собаки;метис;"972270000112029";"13.08.2011";9;
собаки;метис;"972270000186426";"14.08.2011";9;
собаки;метис;"972270000188432";"15.08.2011";9;
собаки;метис;"972270000186893";"16.08.2011";9;
собаки;метис;"972270000186003";"17.08.2011";9;
собаки;метис;"972270000112609";"18.08.2011";9;
собаки;метис;"972270000118212";"19.08.2011";9;
собаки;метис;"972270000186593";"20.08.2011";9;
собаки;метис;"972270000112344";"21.08.2011";9;
собаки;метис;"972270000165947";"22.08.2011";9;
собаки;метис;"972270000175475";"23.08.2011";9;
собаки;метис;"972270000186616";"24.08.2011";9;
собаки;метис;"972270000171555";"25.08.2011";9;
собаки;метис;"972270000115872";"26.08.2011";9;
собаки;метис;"972270000175346";"27.08.2011";9;
собаки;метис;"972270000165778";"28.08.2011";9;
собаки;метис;"972270000175241";"29.08.2011";9;
собаки;метис;"972270000130100";"30.08.2011";9;
собаки;метис;"972270000175279";"31.08.2011";9;
собаки;метис;"972270000174438";"01.09.2011";9;
собаки;метис;"972270000171728";"02.09.2011";9;
собаки;метис;"972270000112820";"03.09.2011";9;
собаки;метис;"972270000174095";"04.09.2011";9;
собаки;метис;"972270000175300";"05.09.2011";9;
собаки;метис;"972270000165900";"06.09.2011";9;
собаки;метис;"972270000118393";"07.09.2011";9;
собаки;метис;"972270000171208";"08.09.2011";9;
собаки;метис;"972270000117929";"09.09.2011";9;
собаки;метис;"972270000136859";"10.09.2011";9;
собаки;метис;"972270000116338";"11.09.2011";9;
собаки;метис;"972270000186180";"12.09.2011";9;
собаки;метис;"972270000188868";"13.09.2011";9;
собаки;метис;"972270000114749";"14.09.2011";9;
собаки;метис;"972270000174755";"15.09.2011";9;
собаки;метис;"972270000175652";"16.09.2011";9;
собаки;метис;"972270000115248";"17.09.2011";9;
собаки;метис;"972270000118576";"18.09.2011";9;
собаки;метис;"972270000119474";"19.09.2011";9;
собаки;метис;"972270000117729";"20.09.2011";9;
собаки;метис;"972270000112308";"21.09.2011";9;
собаки;метис;"972270000119154";"22.09.2011";9;
собаки;метис;"972270000119479";"23.09.2011";9;
собаки;метис;"972270000119881";"24.09.2011";9;
собаки;метис;"972270000110516";"25.09.2011";9;
собаки;метис;"972270000116350";"26.09.2011";9;
собаки;метис;"972270000115374";"27.09.2011";9;
собаки;метис;"643090000271323";"28.09.2011";9;
собаки;метис;"972270000118592";"29.09.2011";9;
собаки;метис;"972270000119323";"30.09.2011";9;
собаки;метис;"972270000117902";"01.10.2011";9;
собаки;метис;"972270000130686";"02.10.2011";9;
собаки;метис;"972270000136591";"03.10.2011";9;
собаки;метис;"972270000119732";"04.10.2011";9;
собаки;метис;"972270000117119";"05.10.2011";9;
собаки;метис;"972270000111773";"06.10.2011";9;
собаки;метис;"972270000110881";"07.10.2011";9;
собаки;метис;"972270000117825";"08.10.2011";9;
собаки;метис;"972270000116428";"09.10.2011";9;
собаки;метис;"972270000119387";"10.10.2011";9;
собаки;метис;"972270000119785";"11.10.2011";9;
собаки;метис;"972270000111288";"12.10.2011";9;
собаки;метис;"972270000117462";"13.10.2011";9;
собаки;метис;"972270000112355";"14.10.2011";9;
собаки;метис;"972270000111381";"15.10.2011";9;
собаки;метис;"972270000119437";"16.10.2011";9;
собаки;метис;"972270000112114";"17.10.2011";9;
собаки;метис;"972270000110639";"18.10.2011";9;
собаки;метис;"972270000117909";"19.10.2011";9;
собаки;метис;"972270000118621";"20.10.2011";9;
собаки;метис;"972270000118492";"21.10.2011";9;
собаки;метис;"972270000165853";"22.10.2011";9;
собаки;метис;"972270000117327";"23.10.2011";9;
собаки;метис;"972270000116274";"24.10.2011";9;
собаки;метис;"972270000112557";"25.10.2011";9;
собаки;метис;"972270000115465";"26.10.2011";9;
собаки;метис;"972270000175710";"27.10.2011";9;
собаки;метис;"972270000114655";"28.10.2011";9;
собаки;метис;"972270000170772";"29.10.2011";9;
собаки;метис;"972270000118453";"30.10.2011";9;
собаки;метис;"972270000174348";"31.10.2011";9;
собаки;метис;"972270000174320";"01.11.2011";9;
собаки;метис;"972270000165573";"02.11.2011";9;
собаки;метис;"972270000115815";"03.11.2011";9;
собаки;метис;"972270000114637";"04.11.2011";9;
собаки;метис;"972270000117612";"05.11.2011";9;
собаки;метис;"972270000113932";"06.11.2011";9;
собаки;метис;"972270000116772";"07.11.2011";9;
собаки;метис;"972270000112095";"08.11.2011";9;
собаки;метис;"972270000115681";"09.11.2011";9;
собаки;метис;"972270000111422";"10.11.2011";9;
собаки;метис;"972270000115209";"11.11.2011";9;
собаки;метис;"972270000113239";"12.11.2011";9;
собаки;метис;"972270000116291";"13.11.2011";9;
собаки;метис;"972270000117875";"14.11.2011";9;
собаки;метис;"972270000116047";"15.11.2011";9;
собаки;метис;"972270000110073";"16.11.2011";9;
собаки;метис;"972270000118704";"17.11.2011";9;
собаки;метис;"972270000112608";"18.11.2011";9;
собаки;метис;"972270000119668";"19.11.2011";9;
собаки;метис;"972270000119331";"20.11.2011";9;
собаки;метис;"972270000115457";"21.11.2011";9;
собаки;метис;"972270000119153";"22.11.2011";9;
собаки;метис;"972270000118374";"23.11.2011";9;
собаки;метис;"972270000118521";"24.11.2011";9;
собаки;метис;"972270000117669";"25.11.2011";9;
собаки;метис;"972270000119319";"26.11.2011";9;
собаки;метис;"972270000112071";"27.11.2011";9;
собаки;метис;"972270000119958";"28.11.2011";9;
собаки;метис;"972270000111558";"29.11.2011";9;
собаки;метис;"972270000110329";"30.11.2011";9;
собаки;метис;"972270000114752";"01.12.2011";9;
собаки;метис;"972270000113533";"02.12.2011";9;
собаки;метис;"972270000113709";"03.12.2011";9;
собаки;метис;"972270000116176";"04.12.2011";9;
собаки;метис;"972270000115164";"05.12.2011";9;
собаки;метис;"972270000112977";"06.12.2011";9;
собаки;метис;"972270000116806";"07.12.2011";9;
собаки;метис;"972270000115706";"08.12.2011";9;
собаки;метис;"972270000113511";"09.12.2011";9;
собаки;метис;"972270000170898";"10.12.2011";9;
собаки;метис;"972270000160330";"11.12.2011";9;
собаки;метис;"972270000185455";"12.12.2011";9;
собаки;метис;"972270000170853";"13.12.2011";9;
собаки;метис;"972270000160477";"14.12.2011";9;
собаки;метис;"972270000164579";"15.12.2011";9;
собаки;метис;"972270000175900";"16.12.2011";9;
собаки;метис;"972270000170515";"17.12.2011";9;
собаки;метис;"972270000160441";"18.12.2011";9;
собаки;метис;"972270000165018";"19.12.2011";9;
собаки;метис;"972270000175643";"20.12.2011";9;
собаки;метис;"972270000160662";"21.12.2011";9;
собаки;метис;"972270000165686";"22.12.2011";9;
собаки;метис;"972270000165879";"23.12.2011";9;
собаки;метис;"972270000165654";"24.12.2011";9;
собаки;метис;"972270000175820";"25.12.2011";9;
собаки;метис;"972270000165485";"26.12.2011";9;
собаки;метис;"972270000175100";"27.12.2011";9;
собаки;метис;"972270000174177";"28.12.2011";9;
собаки;метис;"972270000185571";"29.12.2011";9;
собаки;метис;"972270000165408";"30.12.2011";9;
собаки;метис;"972270000188422";"31.12.2011";9;
собаки;метис;"972270000175477";"01.01.2012";9;
собаки;метис;"972270000165175";"02.01.2012";9;
собаки;метис;"972270000186100";"03.01.2012";9;
собаки;метис;"972270000186295";"04.01.2012";9;
собаки;метис;"972270000174724";"05.01.2012";9;
собаки;метис;"972270000185648";"06.01.2012";9;
собаки;метис;"972270000179326";"07.01.2012";9;
собаки;метис;"972270000160403";"08.01.2012";9;
собаки;метис;"972270000160683";"09.01.2012";9;
собаки;метис;"972270000185725";"10.01.2012";9;
собаки;метис;"972270000162097";"11.01.2012";9;
собаки;метис;"972270000186525";"12.01.2012";9;
собаки;метис;"972270000162156";"13.01.2012";9;
собаки;метис;"972270000162214";"14.01.2012";9;
собаки;метис;"972270000160993";"15.01.2012";9;
собаки;метис;"972270000185233";"16.01.2012";9;
собаки;метис;"972270000174472";"17.01.2012";9;
собаки;метис;"972270000170631";"18.01.2012";9;
собаки;метис;"972270000186661";"19.01.2012";9;
собаки;метис;"972270000174710";"20.01.2012";9;
собаки;метис;"972270000174203";"21.01.2012";9;
собаки;метис;"972270000170875";"22.01.2012";9;
собаки;метис;"972270000174078";"23.01.2012";9;
собаки;метис;"972270000174944";"24.01.2012";9;
собаки;метис;"972270000185834";"25.01.2012";9;
собаки;метис;"972270000170665";"26.01.2012";9;
собаки;метис;"972270000174690";"27.01.2012";9;
собаки;метис;"972270000186574";"28.01.2012";9;
собаки;метис;"972270000168243";"29.01.2012";9;
собаки;метис;"972270000185329";"30.01.2012";9;
собаки;метис;"972270000164614";"31.01.2012";9;
собаки;метис;"972270000186855";"01.02.2012";9;
собаки;метис;"972270000185305";"02.02.2012";9;
собаки;метис;"972270000164061";"03.02.2012";9;
собаки;метис;"972270000170609";"04.02.2012";9;
собаки;метис;"972270000170640";"05.02.2012";9;
собаки;метис;"972270000175015";"06.02.2012";9;
собаки;метис;"972270000174761";"07.02.2012";9;
собаки;метис;"972270000162570";"08.02.2012";9;
собаки;метис;"972270000164158";"09.02.2012";9;
собаки;метис;"972270000186153";"10.02.2012";9;
собаки;метис;"972270000164900";"11.02.2012";9;
собаки;метис;"972270000171348";"12.02.2012";9;
собаки;метис;"972270000171747";"13.02.2012";9;
собаки;метис;"972270000171817";"14.02.2012";9;
собаки;метис;"972270000160437";"15.02.2012";9;
собаки;метис;"972270000170398";"16.02.2012";9;
собаки;метис;"972270000185442";"17.02.2012";9;
собаки;метис;"972270000170240";"18.02.2012";9;
собаки;метис;"972270000171985";"19.02.2012";9;
собаки;метис;"972270000186951";"20.02.2012";9;
собаки;метис;"972270000174493";"21.02.2012";9;
собаки;метис;"972270000188977";"22.02.2012";9;
собаки;метис;"972270000171264";"23.02.2012";9;
собаки;метис;"972270000162081";"24.02.2012";9;
собаки;метис;"972270000160004";"25.02.2012";9;
собаки;метис;"972270000304276";"26.02.2012";9;
собаки;метис;"972270000304218";"27.02.2012";9;
собаки;метис;"972270000285189";"28.02.2012";9;
собаки;метис;"972270000285659";"29.02.2012";9;
собаки;метис;"972270000171224";"01.03.2012";9;
собаки;метис;"972270000179109";"02.03.2012";9;
собаки;метис;"972270000179080";"03.03.2012";9;
собаки;метис;"972270000170438";"04.03.2012";9;
собаки;метис;"972270000170729";"05.03.2012";9;
собаки;метис;"972270000305178";"06.03.2012";9;
собаки;метис;"972270000305955";"07.03.2012";9;
собаки;метис;"972270000285524";"08.03.2012";9;
собаки;метис;"972270000284029";"09.03.2012";9;
собаки;метис;"972270000188018";"10.03.2012";9;
собаки;метис;"972270000186252";"11.03.2012";9;
собаки;метис;"972270000186451";"12.03.2012";9;
собаки;метис;"972270000285879";"13.03.2012";9;
собаки;метис;"972270000305654";"14.03.2012";9;
собаки;метис;"972270000305709";"15.03.2012";9;
собаки;метис;"972270000305108";"16.03.2012";9;
собаки;метис;"972270000283212";"17.03.2012";9;
собаки;метис;"972270000285184";"18.03.2012";9;
собаки;метис;"972270000286122";"19.03.2012";9;
собаки;метис;"972270000304284";"20.03.2012";9;
собаки;метис;"972270000285771";"21.03.2012";9;
собаки;метис;"972270000304008";"22.03.2012";9;
собаки;метис;"972270000304878";"23.03.2012";9;
собаки;метис;"972270000283041";"24.03.2012";9;
собаки;метис;"972270000285331";"25.03.2012";9;
собаки;метис;"972270000304200";"26.03.2012";9;
собаки;метис;"972270000286865";"27.03.2012";9;
собаки;метис;"972270000285661";"28.03.2012";9;
собаки;метис;"972270000322214";"29.03.2012";9;
собаки;метис;"972270000286637";"30.03.2012";9;
собаки;метис;"972270000313576";"31.03.2012";9;
собаки;метис;"972270000283873";"01.04.2012";9;
собаки;метис;"972270000305936";"02.04.2012";9;
собаки;метис;"972270000297923";"03.04.2012";9;
собаки;метис;"972270000286382";"04.04.2012";9;
собаки;метис;"972270000314733";"05.04.2012";9;
собаки;метис;"972270000323731";"06.04.2012";9;
собаки;метис;"972270000313323";"07.04.2012";9;
собаки;метис;"972270000312422";"08.04.2012";9;
собаки;метис;"972270000323379";"09.04.2012";9;
собаки;метис;"972270000313259";"10.04.2012";9;
собаки;метис;"972270000307642";"11.04.2012";9;
собаки;метис;"972270000314019";"12.04.2012";9;
собаки;метис;"972270000323269";"13.04.2012";9;
собаки;метис;"972270000306293";"14.04.2012";9;
собаки;метис;"972270000315645";"15.04.2012";9;
собаки;метис;"972270000314454";"16.04.2012";9;
собаки;метис;"972270000284881";"17.04.2012";9;
собаки;метис;"972270000306306";"18.04.2012";9;
собаки;метис;"972270000322776";"19.04.2012";9;
собаки;метис;"972270000283913";"20.04.2012";9;
собаки;метис;"972270000308905";"21.04.2012";9;
собаки;метис;"972270000314590";"22.04.2012";9;
собаки;метис;"972270000306686";"23.04.2012";9;
собаки;метис;"972270000312707";"24.04.2012";9;
собаки;метис;"972270000323632";"25.04.2012";9;
собаки;метис;"972270000314206";"26.04.2012";9;
собаки;метис;"972270000308042";"27.04.2012";9;
собаки;метис;"972270000307137";"28.04.2012";9;
собаки;метис;"972270000312348";"29.04.2012";9;
собаки;метис;"972270000323320";"30.04.2012";9;
собаки;метис;"972270000307644";"01.05.2012";9;
собаки;метис;"972270000170101";"02.05.2012";9;
собаки;метис;"972270000164637";"03.05.2012";9;
собаки;метис;"972270000168707";"04.05.2012";9;
собаки;метис;"972270000174671";"05.05.2012";9;
собаки;метис;"972270000160674";"06.05.2012";9;
собаки;метис;"972270000170572";"07.05.2012";9;
собаки;метис;"972270000116099";"08.05.2012";9;
собаки;метис;"972270000323682";"09.05.2012";9;
собаки;метис;"972270000165680";"10.05.2012";9;
собаки;метис;"972270000160111";"11.05.2012";9;
собаки;метис;"972270000160700";"12.05.2012";9;
собаки;метис;"972270000322897";"13.05.2012";9;
собаки;метис;"972270000168405";"14.05.2012";9;
собаки;метис;"972270000168348";"15.05.2012";9;
собаки;метис;"972270000313960";"16.05.2012";9;
собаки;метис;"972270000306966";"17.05.2012";9;
собаки;метис;"972270000315620";"18.05.2012";9;
собаки;метис;"972270000164933";"19.05.2012";9;
собаки;метис;"972270000315355";"20.05.2012";9;
собаки;метис;"972270000340478";"21.05.2012";9;
собаки;метис;"972270000341838";"22.05.2012";9;
собаки;метис;"972270000160910";"23.05.2012";9;
собаки;метис;"972270000345926";"24.05.2012";9;
собаки;метис;"972270000170311";"25.05.2012";9;
собаки;метис;"972270000313049";"26.05.2012";9;
собаки;метис;"972270000322704";"27.05.2012";9;
собаки;метис;"972270000306302";"28.05.2012";9;
собаки;метис;"972270000334476";"29.05.2012";9;
собаки;метис;"900164000425457";"30.05.2012";9;
собаки;метис;"900164000425116";"31.05.2012";9;
собаки;метис;"900164000425285";"01.06.2012";9;
собаки;метис;"900164000425120";"02.06.2012";9;
собаки;метис;"972270000171467";"03.06.2012";9;
собаки;метис;"900164000426367";"04.06.2012";9;
собаки;метис;"900164000426355";"05.06.2012";9;
собаки;метис;"900164000426780";"06.06.2012";9;
собаки;метис;"900164000427258";"07.06.2012";9;
собаки;метис;"900164000426973";"08.06.2012";9;
собаки;метис;"900164000426984";"09.06.2012";9;
собаки;метис;"900164000426961";"10.06.2012";9;
собаки;метис;"900164000426893";"11.06.2012";9;
собаки;метис;"900164000426974";"12.06.2012";9;
собаки;метис;"900164000426952";"13.06.2012";9;
собаки;метис;"972270000158385";"14.06.2012";9;
собаки;метис;"900164000427128";"15.06.2012";9;
собаки;метис;"900164000426986";"16.06.2012";9;
собаки;метис;"972270000189541";"17.06.2012";9;
собаки;метис;"900164000427251";"18.06.2012";9;
собаки;метис;"972270000189259";"19.06.2012";9;
собаки;метис;"900164000427268";"20.06.2012";9;
собаки;метис;"972270000148054";"21.06.2012";9;
собаки;метис;"972270000335893";"22.06.2012";9;
собаки;метис;"900164000426931";"23.06.2012";9;
собаки;метис;"900164000427180";"24.06.2012";9;
собаки;метис;"900164000427177";"25.06.2012";9;
собаки;метис;"900164000426748";"26.06.2012";9;
собаки;метис;"900164000426734";"27.06.2012";9;
собаки;метис;"900164000426597";"28.06.2012";9;
собаки;метис;"900164000427218";"29.06.2012";9;
собаки;метис;"900164000427212";"30.06.2012";9;
собаки;метис;"900164000425753";"01.07.2012";9;
собаки;метис;"900164000427214";"02.07.2012";9;
собаки;метис;"900164000426444";"03.07.2012";9;
собаки;метис;"900164000426602";"04.07.2012";9;
собаки;метис;"900164000427211";"05.07.2012";9;
собаки;метис;"900164000425759";"06.07.2012";9;
собаки;метис;"900164000426607";"07.07.2012";9;
собаки;метис;"900164000425755";"08.07.2012";9;
собаки;метис;"900164000426265";"09.07.2012";9;
собаки;метис;"900164000426495";"10.07.2012";9;
собаки;метис;"900164000426254";"11.07.2012";9;
собаки;метис;"900164000426029";"12.07.2012";9;
собаки;метис;"900164000426027";"13.07.2012";9;
собаки;метис;"900164000426012";"14.07.2012";9;
собаки;метис;"900164000426442";"15.07.2012";9;
собаки;метис;"900164000426441";"16.07.2012";9;
собаки;метис;"643094100150114";"17.07.2012";9;
собаки;метис;"900164000426643";"18.07.2012";9;
собаки;метис;"900164000426641";"19.07.2012";9;
собаки;метис;"900164000426635";"20.07.2012";9;
собаки;метис;"900164000426646";"21.07.2012";9;
собаки;метис;"900164000425996";"22.07.2012";9;
собаки;метис;"900164000426512";"23.07.2012";9;
собаки;метис;"900164000426007";"24.07.2012";9;
собаки;метис;"900164000426511";"25.07.2012";9;
собаки;метис;"900164000425997";"26.07.2012";9;
собаки;метис;"900164000425991";"27.07.2012";9;
собаки;метис;"900164000426479";"28.07.2012";9;
собаки;метис;"900164000426529";"29.07.2012";9;
собаки;метис;"972000000866236";"30.07.2012";9;
собаки;метис;"643010000001312";"31.07.2012";9;
собаки;метис;"643094100013237";"01.08.2012";9;
собаки;метис;"900164000426481";"02.08.2012";9;
собаки;метис;"900164000426490";"03.08.2012";9;
собаки;метис;"900164000426207";"04.08.2012";9;
собаки;метис;"900164000426196";"05.08.2012";9;
собаки;метис;"900164000426474";"06.08.2012";9;
собаки;метис;"900164000426471";"07.08.2012";9;
собаки;метис;"900164000426473";"08.08.2012";9;
собаки;метис;"643090000058235";"09.08.2012";9;
собаки;метис;"643090000058227";"10.08.2012";9;
собаки;метис;"900164000425890";"11.08.2012";9;
собаки;метис;"643090000058223";"12.08.2012";9;
собаки;метис;"643090000058231";"13.08.2012";9;
собаки;метис;"643090000058342";"14.08.2012";9;
собаки;метис;"643090000058348";"15.08.2012";9;
собаки;метис;"643090000058318";"16.08.2012";9;
собаки;метис;"643090000058307";"17.08.2012";9;
собаки;метис;"900164000427272";"18.08.2012";9;
собаки;метис;"900164000427283";"19.08.2012";9;
собаки;метис;"643090000058313";"20.08.2012";9;
собаки;метис;"900164000427271";"21.08.2012";9;
собаки;метис;"643090000058499";"22.08.2012";9;
собаки;метис;"643090000056356";"23.08.2012";9;
собаки;метис;"643090000056376";"24.08.2012";9;
собаки;метис;"643090000058632";"25.08.2012";9;
собаки;метис;"643110900046068";"26.08.2012";9;
собаки;метис;"643110900046077";"27.08.2012";9;
собаки;метис;"643110900046070";"28.08.2012";9;
собаки;метис;"643090000055444";"29.08.2012";9;
собаки;метис;"643110900052062";"30.08.2012";9;
собаки;метис;"643090000056380";"31.08.2012";9;
собаки;метис;"643110900052080";"01.09.2012";9;
собаки;метис;"643110900051863";"02.09.2012";9;
собаки;метис;"900164000426880";"03.09.2012";9;
собаки;метис;"643110900052180";"04.09.2012";9;
собаки;метис;"643110900051851";"05.09.2012";9;
собаки;метис;"643110900052172";"06.09.2012";9;
собаки;метис;"643110000521595";"07.09.2012";9;
собаки;метис;"643110000521601";"08.09.2012";9;
собаки;метис;"972270000286622";"09.09.2012";9;
собаки;метис;"972270000117322";"10.09.2012";9;
собаки;метис;"972270000162491";"11.09.2012";9;
собаки;метис;"972270000130023";"12.09.2012";9;
собаки;метис;"643110900052108";"13.09.2012";9;
собаки;метис;"643110000521567";"14.09.2012";9;
собаки;метис;"643110000521720";"15.09.2012";9;
собаки;метис;"643090000123128";"16.09.2012";9;
собаки;метис;"941000002500732";"17.09.2012";9;
собаки;метис;"643110000521714";"18.09.2012";9;
собаки;метис;"643090000125423";"19.09.2012";9;
собаки;метис;"643110900066255";"20.09.2012";9;
собаки;метис;"941000000705651";"21.09.2012";9;
собаки;метис;"643110900066373";"22.09.2012";9;
собаки;метис;"643110900067496";"23.09.2012";9;
собаки;метис;"643110900066249";"24.09.2012";9;
собаки;метис;"643110900066233";"25.09.2012";9;
собаки;метис;"643094100002555";"26.09.2012";9;
собаки;метис;"643010000001488";"27.09.2012";9;
собаки;метис;"643010000001532";"28.09.2012";9;
собаки;метис;"643010000001535";"29.09.2012";9;
собаки;метис;"643110900066351";"30.09.2012";9;
собаки;метис;"972270000030091";"01.10.2012";9;
собаки;метис;"972270000025169";"02.10.2012";9;
собаки;метис;"972000000889850";"03.10.2012";9;
собаки;метис;"972270000186421";"04.10.2012";9;
собаки;метис;"972270000111041";"05.10.2012";9;
собаки;метис;"643110700000243";"06.10.2012";9;
собаки;метис;"972270000171622";"07.10.2012";9;
собаки;метис;"972000010012440";"08.10.2012";9;
собаки;метис;"972000000874322";"09.10.2012";9;
собаки;метис;"643010000004220";"10.10.2012";9;
собаки;метис;"972000000877067";"11.10.2012";9;
собаки;метис;"643110000027777";"12.10.2012";9;
собаки;метис;"972270000304854";"13.10.2012";9;
собаки;метис;"972270000170041";"14.10.2012";9;
собаки;метис;"941000001533504";"15.10.2012";9;
собаки;метис;"972270000314694";"16.10.2012";9;
собаки;метис;"643094100015005";"17.10.2012";9;
собаки;метис;"643090000126868";"18.10.2012";9;
собаки;метис;"643090000127233";"19.10.2012";9;
собаки;метис;"643021160001370";"20.10.2012";9;
собаки;метис;"643021160001371";"21.10.2012";9;
собаки;метис;"643021160001373";"22.10.2012";9;
собаки;метис;"643021160001374";"23.10.2012";9;
собаки;метис;"643021160001375";"24.10.2012";9;
собаки;метис;"643021160001377";"25.10.2012";9;
собаки;метис;"643021160001314";"26.10.2012";9;
собаки;метис;"643021160001369";"27.10.2012";9;
собаки;метис;"643021160001361";"28.10.2012";9;
собаки;метис;"643021160001362";"29.10.2012";9;
собаки;метис;"643021160001363";"30.10.2012";9;
собаки;метис;"643021160001364";"31.10.2012";9;
собаки;метис;"643021160001366";"01.11.2012";9;
собаки;метис;"643021160001344";"02.11.2012";9;
собаки;метис;"643021160001346";"03.11.2012";9;
собаки;метис;"643021160001347";"04.11.2012";9;
собаки;метис;"643021160001349";"05.11.2012";9;
собаки;метис;"643021160001350";"06.11.2012";9;
собаки;метис;"643021160001352";"07.11.2012";9;
собаки;метис;"643021160001354";"08.11.2012";9;
собаки;метис;"643021160001356";"09.11.2012";9;
собаки;метис;"643021160001357";"10.11.2012";9;
собаки;метис;"643021160001326";"11.11.2012";9;
собаки;метис;"643021160001327";"12.11.2012";9;
собаки;метис;"643021160001328";"13.11.2012";9;
собаки;метис;"643021160001329";"14.11.2012";9;
собаки;метис;"643021160001359";"15.11.2012";9;
собаки;метис;"643021160001330";"16.11.2012";9;
собаки;метис;"643021160001331";"17.11.2012";9;
собаки;метис;"643021160001332";"18.11.2012";9;
собаки;метис;"643021160001333";"19.11.2012";9;
собаки;метис;"643021160001336";"20.11.2012";9;
собаки;метис;"643021160001338";"21.11.2012";9;
собаки;метис;"643021160001339";"22.11.2012";9;
собаки;метис;"643021160001340";"23.11.2012";9;
собаки;метис;"643021160001341";"24.11.2012";9;
собаки;метис;"643021160001342";"25.11.2012";9;
собаки;метис;"643021160001343";"26.11.2012";9;
собаки;метис;"643021160001310";"27.11.2012";9;
собаки;метис;"643021160001311";"28.11.2012";9;
собаки;метис;"643021160001315";"29.11.2012";9;
собаки;метис;"643021160001317";"30.11.2012";9;
собаки;метис;"643021160001319";"01.12.2012";9;
собаки;метис;"643021160001313";"02.12.2012";9;
собаки;метис;"643021160001321";"03.12.2012";9;
собаки;метис;"643021160001322";"04.12.2012";9;
собаки;метис;"643021160001324";"05.12.2012";9;
собаки;метис;"643021160001385";"06.12.2012";9;
собаки;метис;"643021160001301";"07.12.2012";9;
собаки;метис;"643021160001305";"08.12.2012";9;
собаки;метис;"643021160001307";"09.12.2012";9;
собаки;метис;"643021160001308";"10.12.2012";9;
собаки;метис;"643021160001378";"11.12.2012";9;
собаки;метис;"643021160001379";"12.12.2012";9;
собаки;метис;"643021160001380";"13.12.2012";9;
собаки;метис;"643021160001383";"14.12.2012";9;
собаки;метис;"643021160001384";"15.12.2012";9;
собаки;метис;"643021160001386";"16.12.2012";9;
собаки;метис;"643021160001358";"17.12.2012";9;
собаки;метис;"643021160001304";"18.12.2012";9;
собаки;метис;"643021160001365";"19.12.2012";9;
собаки;метис;"972270000118013";"20.12.2012";9;
собаки;метис;"981020009224420";"21.12.2012";9;
собаки;метис;"900164000424748";"22.12.2012";9;
собаки;метис;"643110900052010";"23.12.2012";9;
собаки;метис;"643110000521492";"24.12.2012";9;
собаки;метис;"643110000126268";"25.12.2012";9;
собаки;метис;"643110000521515";"26.12.2012";9;
собаки;метис;"643110000521623";"27.12.2012";9;
собаки;метис;"643110900052282";"28.12.2012";9;
собаки;метис;"643110000521637";"29.12.2012";9;
собаки;метис;"972270000314493";"30.12.2012";9;
собаки;метис;"643110000521640";"31.12.2012";9;
собаки;метис;"643090000123545";"01.01.2013";9;
собаки;метис;"643110000521505";"02.01.2013";9;
собаки;метис;"643110700002329";"03.01.2013";9;
собаки;метис;"972270000312503";"04.01.2013";9;
собаки;метис;"643110700002222";"05.01.2013";9;
собаки;метис;"643110000521520";"06.01.2013";9;
собаки;метис;"900164000427056";"07.01.2013";9;
собаки;метис;"643090000125653";"08.01.2013";9;
собаки;метис;"643110700002347";"09.01.2013";9;
собаки;метис;"972270000189138";"10.01.2013";9;
собаки;метис;"972270000323829";"11.01.2013";9;
собаки;метис;"972000000859126";"12.01.2013";9;
собаки;метис;"643110700002188";"13.01.2013";9;
собаки;метис;"900164000423180";"14.01.2013";9;
собаки;метис;"972270000170031";"15.01.2013";9;
собаки;метис;"643110000521510";"16.01.2013";9;
собаки;метис;"900164000425411";"17.01.2013";9;
собаки;метис;"972270000323894";"18.01.2013";9;
собаки;метис;"972270000323802";"19.01.2013";9;
собаки;метис;"643110000521525";"20.01.2013";9;
собаки;метис;"972270000312931";"21.01.2013";9;
собаки;метис;"972270000189180";"22.01.2013";9;
собаки;метис;"643110000521709";"23.01.2013";9;
собаки;метис;"643110000521617";"24.01.2013";9;
собаки;метис;"643110000521695";"25.01.2013";9;
собаки;метис;"643090000123548";"26.01.2013";9;
собаки;метис;"643110700002169";"27.01.2013";9;
собаки;метис;"643110700002080";"28.01.2013";9;
собаки;метис;"643110000521340";"29.01.2013";9;
собаки;метис;"643110700002586";"30.01.2013";9;
собаки;метис;"643094100014628";"31.01.2013";9;
собаки;метис;"900164000425074";"01.02.2013";9;
собаки;метис;"900164000427254";"02.02.2013";9;
собаки;метис;"643090000058222";"03.02.2013";9;
собаки;метис;"643110700002540";"04.02.2013";9;
собаки;метис;"643110700002513";"05.02.2013";9;
собаки;метис;"900164000427255";"06.02.2013";9;
собаки;метис;"643110700002187";"07.02.2013";9;
собаки;метис;"900164000425240";"08.02.2013";9;
собаки;метис;"972270000117088";"09.02.2013";9;
собаки;метис;"972270000306480";"10.02.2013";9;
собаки;метис;"972270000118432";"11.02.2013";9;
собаки;метис;"643110000521635";"12.02.2013";9;
собаки;метис;"972270000187441";"13.02.2013";9;
собаки;метис;"643110700002225";"14.02.2013";9;
собаки;метис;"643090000123556";"15.02.2013";9;
собаки;метис;"643110900066334";"16.02.2013";9;
собаки;метис;"972270000189750";"17.02.2013";9;
собаки;метис;"643090000125709";"18.02.2013";9;
собаки;метис;"900164000425724";"19.02.2013";9;
собаки;метис;"643110000521643";"20.02.2013";9;
собаки;метис;"972270000189970";"21.02.2013";9;
собаки;метис;"972270000158280";"22.02.2013";9;
собаки;метис;"972270000305007";"23.02.2013";9;
собаки;метис;"643110000521650";"24.02.2013";9;
собаки;метис;"643110700002585";"25.02.2013";9;
собаки;метис;"972270000327998";"26.02.2013";9;
собаки;метис;"643110000011644";"27.02.2013";9;
собаки;метис;"643090000123485";"28.02.2013";9;
собаки;метис;"643090000123492";"01.03.2013";9;
собаки;метис;"972270000323121";"02.03.2013";9;
собаки;метис;"643110900052070";"03.03.2013";9;
собаки;метис;"981020009091365";"04.03.2013";9;
собаки;метис;"643090000058495";"05.03.2013";9;
собаки;метис;"643090000058498";"06.03.2013";9;
собаки;метис;"981020009110112";"07.03.2013";9;
собаки;метис;"900164000425403";"08.03.2013";9;
собаки;метис;"643090000058343";"09.03.2013";9;
собаки;метис;"643090000123500";"10.03.2013";9;
собаки;метис;"972270000158030";"11.03.2013";9;
собаки;метис;"643110900066336";"12.03.2013";9;
собаки;метис;"643090000123482";"13.03.2013";9;
собаки;метис;"972270000187583";"14.03.2013";9;
собаки;метис;"643090000123493";"15.03.2013";9;
собаки;метис;"643090000123498";"16.03.2013";9;
собаки;метис;"643090000123484";"17.03.2013";9;
собаки;метис;"643090000060969";"18.03.2013";9;
собаки;метис;"643110900066332";"19.03.2013";9;
собаки;метис;"643090000123497";"20.03.2013";9;
собаки;метис;"643090000123495";"21.03.2013";9;
собаки;метис;"981020009213240";"22.03.2013";9;
собаки;метис;"643090000123483";"23.03.2013";9;
собаки;метис;"643090000330833";"24.03.2013";9;
собаки;метис;"643090000123487";"25.03.2013";9;
собаки;метис;"643090000123486";"26.03.2013";9;
собаки;метис;"643090000058500";"27.03.2013";9;
собаки;метис;"643110900066327";"28.03.2013";9;
собаки;метис;"981020009217737";"29.03.2013";9;
собаки;метис;"643090000123481";"30.03.2013";9;
собаки;метис;"643090000123558";"31.03.2013";9;
собаки;метис;"972270000189435";"01.04.2013";9;
собаки;метис;"972270000111265";"02.04.2013";9;
собаки;метис;"643090000058622";"03.04.2013";9;
собаки;метис;"643090000060977";"04.04.2013";9;
собаки;метис;"643090000060975";"05.04.2013";9;
собаки;метис;"981020009205932";"06.04.2013";9;
собаки;метис;"900164000427034";"07.04.2013";9;
собаки;метис;"643110900066333";"08.04.2013";9;
собаки;метис;"981020009225925";"09.04.2013";9;
собаки;метис;"643110900067481";"10.04.2013";9;
собаки;метис;"972270000170706";"11.04.2013";9;
собаки;метис;"643110900066342";"12.04.2013";9;
собаки;метис;"643110900066343";"13.04.2013";9;
собаки;метис;"643110900066340";"14.04.2013";9;
собаки;метис;"643110900067483";"15.04.2013";9;
собаки;метис;"643110900066341";"16.04.2013";9;
собаки;метис;"643110900052069";"17.04.2013";9;
собаки;метис;"643110900066344";"18.04.2013";9;
собаки;метис;"972270000179004";"19.04.2013";9;
собаки;метис;"643090000123546";"20.04.2013";9;
собаки;метис;"643110900066348";"21.04.2013";9;
собаки;метис;"972270000298139";"22.04.2013";9;
собаки;метис;"643110900066346";"23.04.2013";9;
собаки;метис;"972270000326847";"24.04.2013";9;
собаки;метис;"643090000125718";"25.04.2013";9;
собаки;метис;"643090000125716";"26.04.2013";9;
собаки;метис;"972270000306487";"27.04.2013";9;
собаки;метис;"643095300146871";"28.04.2013";9;
собаки;метис;"643110900066350";"29.04.2013";9;
собаки;метис;"900164000423855";"30.04.2013";9;
собаки;метис;"972270000111792";"01.05.2013";9;
собаки;метис;"972270000029391";"02.05.2013";9;
собаки;метис;"972270000187435";"03.05.2013";9;
собаки;метис;"972270000158165";"04.05.2013";9;
собаки;метис;"972270000158724";"05.05.2013";9;
собаки;метис;"643090000055480";"06.05.2013";9;
собаки;метис;"643110000521501";"07.05.2013";9;
собаки;метис;"900164000426445";"08.05.2013";9;
собаки;метис;"900164000425439";"09.05.2013";9;
собаки;метис;"900164000425434";"10.05.2013";9;
собаки;метис;"900164000426440";"11.05.2013";9;
собаки;метис;"900164000425444";"12.05.2013";9;
собаки;метис;"900164000425448";"13.05.2013";9;
собаки;метис;"972270000164011";"14.05.2013";9;
собаки;метис;"972270000189257";"15.05.2013";9;
собаки;метис;"643110000521513";"16.05.2013";9;
собаки;метис;"643110700001582";"17.05.2013";9;
собаки;метис;"643090000125430";"18.05.2013";9;
собаки;метис;"643110900066329";"19.05.2013";9;
собаки;метис;"972270000323596";"20.05.2013";9;
собаки;метис;"900164000426390";"21.05.2013";9;
собаки;метис;"900164000426382";"22.05.2013";9;
собаки;метис;"900164000426376";"23.05.2013";9;
собаки;метис;"972270000029827";"24.05.2013";9;
собаки;метис;"972270000158865";"25.05.2013";9;
собаки;метис;"972270000158411";"26.05.2013";9;
собаки;метис;"643110000521495";"27.05.2013";9;
собаки;метис;"643090000100625";"28.05.2013";9;
собаки;метис;"643110700002471";"29.05.2013";9;
собаки;метис;"643110000521527";"30.05.2013";9;
собаки;метис;"643090000058637";"31.05.2013";9;
собаки;метис;"643090000123551";"01.06.2013";9;
собаки;метис;"643090000055494";"02.06.2013";9;
собаки;метис;"643090000058310";"03.06.2013";9;
собаки;метис;"643110900046100";"04.06.2013";9;
собаки;метис;"643090000058331";"05.06.2013";9;
собаки;метис;"972270000283923";"06.06.2013";9;
собаки;метис;"643090000058328";"07.06.2013";9;
собаки;метис;"643090000125711";"08.06.2013";9;
собаки;метис;"900164000426668";"09.06.2013";9;
собаки;метис;"643110900066202";"10.06.2013";9;
собаки;метис;"643090000123541";"11.06.2013";9;
собаки;метис;"972270000309187";"12.06.2013";9;
собаки;метис;"643090000058323";"13.06.2013";9;
собаки;метис;"972270000023767";"14.06.2013";9;
собаки;метис;"972270000023015";"15.06.2013";9;
собаки;метис;"643090000058443";"16.06.2013";9;
собаки;метис;"972270000160668";"17.06.2013";9;
собаки;метис;"643090000060963";"18.06.2013";9;
собаки;метис;"643090000058315";"19.06.2013";9;
собаки;метис;"643090000058319";"20.06.2013";9;
собаки;метис;"643090000058626";"21.06.2013";9;
собаки;метис;"643090000058340";"22.06.2013";9;
собаки;метис;"643090000055497";"23.06.2013";9;
собаки;метис;"643110000013907";"24.06.2013";9;
собаки;метис;"900164000011517";"25.06.2013";9;
собаки;метис;"643094100015741";"26.06.2013";9;
собаки;метис;"643090000056309";"27.06.2013";9;
собаки;метис;"643090000125702";"28.06.2013";9;
собаки;метис;"643090000055466";"29.06.2013";9;
собаки;метис;"900164000423107";"30.06.2013";9;
собаки;метис;"900164000423452";"01.07.2013";9;
собаки;метис;"900164000425142";"02.07.2013";9;
собаки;метис;"643090000125720";"03.07.2013";9;
собаки;метис;"643090000058337";"04.07.2013";9;
собаки;метис;"643090000058444";"05.07.2013";9;
собаки;метис;"643090000055496";"06.07.2013";9;
собаки;метис;"643090000123125";"07.07.2013";9;
собаки;метис;"981020009112189";"08.07.2013";9;
собаки;метис;"643090000058763";"09.07.2013";9;
собаки;метис;"643090000058335";"10.07.2013";9;
собаки;метис;"643110000521347";"11.07.2013";9;
собаки;метис;"972270000020299";"12.07.2013";9;
собаки;метис;"972270000025400";"13.07.2013";9;
собаки;метис;"972270000187697";"14.07.2013";9;
собаки;метис;"643090000125715";"15.07.2013";9;
собаки;метис;"972270000158973";"16.07.2013";9;
собаки;метис;"900164000423176";"17.07.2013";9;
собаки;метис;"900164000425165";"18.07.2013";9;
собаки;метис;"972270000186981";"19.07.2013";9;
собаки;метис;"643110900052020";"20.07.2013";9;
собаки;метис;"643090000058332";"21.07.2013";9;
собаки;метис;"643110900052005";"22.07.2013";9;
собаки;метис;"643090000055490";"23.07.2013";9;
собаки;метис;"900164000426129";"24.07.2013";9;
собаки;метис;"643110900052003";"25.07.2013";9;
собаки;метис;"643110900052013";"26.07.2013";9;
собаки;метис;"972270000185117";"27.07.2013";9;
собаки;метис;"643110900052114";"28.07.2013";9;
собаки;метис;"643090000125704";"29.07.2013";9;
собаки;метис;"900164000427193";"30.07.2013";9;
собаки;метис;"643090000125710";"31.07.2013";9;
собаки;метис;"972270000185014";"01.08.2013";9;
собаки;метис;"900164000011942";"02.08.2013";9;
собаки;метис;"643090000058338";"03.08.2013";9;
собаки;метис;"643090000055476";"04.08.2013";9;
собаки;метис;"643090000058339";"05.08.2013";9;
собаки;метис;"900164000423461";"06.08.2013";9;
собаки;метис;"643090000056307";"07.08.2013";9;
собаки;метис;"643090000125428";"08.08.2013";9;
собаки;метис;"643090000058305";"09.08.2013";9;
собаки;метис;"643110900052019";"10.08.2013";9;
собаки;метис;"643090000125713";"11.08.2013";9;
собаки;метис;"900164000423280";"12.08.2013";9;
собаки;метис;"643090000058634";"13.08.2013";9;
собаки;метис;"643090000058321";"14.08.2013";9;
собаки;метис;"972000000873317";"15.08.2013";9;
собаки;метис;"981020009135125";"16.08.2013";9;
собаки;метис;"643090000125682";"17.08.2013";9;
собаки;метис;"643090000058312";"18.08.2013";9;
собаки;метис;"643090000058349";"19.08.2013";9;
собаки;метис;"643090000058351";"20.08.2013";9;
собаки;метис;"643090000055469";"21.08.2013";9;
собаки;метис;"643090000125687";"22.08.2013";9;
собаки;метис;"900164000426828";"23.08.2013";9;
собаки;метис;"900164000426816";"24.08.2013";9;
собаки;метис;"900164000425126";"25.08.2013";9;
собаки;метис;"643110000521626";"26.08.2013";9;
собаки;метис;"972270000113710";"27.08.2013";9;
собаки;метис;"643090000125434";"28.08.2013";9;
собаки;метис;"643090000125437";"29.08.2013";9;
собаки;метис;"643110900066282";"30.08.2013";9;
собаки;метис;"643110900067488";"31.08.2013";9;
собаки;метис;"643090000056382";"01.09.2013";9;
собаки;метис;"643090000058742";"02.09.2013";9;
собаки;метис;"643090000125686";"03.09.2013";9;
собаки;метис;"643090000056384";"04.09.2013";9;
собаки;метис;"643110000521644";"05.09.2013";9;
собаки;метис;"900164000423268";"06.09.2013";9;
собаки;метис;"900164000423834";"07.09.2013";9;
собаки;метис;"643094100013152";"08.09.2013";9;
собаки;метис;"643094100013660";"09.09.2013";9;
собаки;метис;"900164000423460";"10.09.2013";9;
собаки;метис;"643094100003241";"11.09.2013";9;
собаки;метис;"643110900046091";"12.09.2013";9;
собаки;метис;"643090000123489";"13.09.2013";9;
собаки;метис;"643110000027772";"14.09.2013";9;
собаки;метис;"900164000424998";"15.09.2013";9;
собаки;метис;"643094100012826";"16.09.2013";9;
собаки;метис;"900164000427227";"17.09.2013";9;
собаки;метис;"643090000125698";"18.09.2013";9;
собаки;метис;"643094100017432";"19.09.2013";9;
собаки;метис;"643110000013625";"20.09.2013";9;
собаки;метис;"643110000013637";"21.09.2013";9;
собаки;метис;"643098100107635";"22.09.2013";9;
собаки;метис;"643090000058744";"23.09.2013";9;
собаки;метис;"643090000125692";"24.09.2013";9;
собаки;метис;"643090000125681";"25.09.2013";9;
собаки;метис;"643110000126103";"26.09.2013";9;
собаки;метис;"972270000118828";"27.09.2013";9;
собаки;метис;"643090000058633";"28.09.2013";9;
собаки;метис;"643110000521638";"29.09.2013";9;
собаки;метис;"900164000427205";"30.09.2013";9;
собаки;метис;"972270000029584";"01.10.2013";9;
собаки;метис;"643090000058741";"02.10.2013";9;
собаки;метис;"643090000058748";"03.10.2013";9;
собаки;метис;"972270000335149";"04.10.2013";9;
собаки;метис;"643090000058324";"05.10.2013";9;
собаки;метис;"900164000426918";"06.10.2013";9;
собаки;метис;"972270000185358";"07.10.2013";9;
собаки;метис;"643090000125694";"08.10.2013";9;
собаки;метис;"972000000503442";"09.10.2013";9;
собаки;метис;"643090000125432";"10.10.2013";9;
собаки;метис;"643094100005292";"11.10.2013";9;
собаки;метис;"643094100005338";"12.10.2013";9;
собаки;метис;"972270000187812";"13.10.2013";9;
собаки;метис;"900164000427221";"14.10.2013";9;
собаки;метис;"900164000423235";"15.10.2013";9;
собаки;метис;"643090000125435";"16.10.2013";9;
собаки;метис;"643110000521739";"17.10.2013";9;
собаки;метис;"643090000125424";"18.10.2013";9;
собаки;метис;"643110000036258";"19.10.2013";9;
собаки;метис;"972270000025394";"20.10.2013";9;
собаки;метис;"900164000426617";"21.10.2013";9;
собаки;метис;"972270000168742";"22.10.2013";9;
собаки;метис;"643090000125695";"23.10.2013";9;
собаки;метис;"643090000123135";"24.10.2013";9;
собаки;метис;"981020009113887";"25.10.2013";9;
собаки;метис;"900164000423293";"26.10.2013";9;
собаки;метис;"643090000125683";"27.10.2013";9;
собаки;метис;"972270000158421";"28.10.2013";9;
собаки;метис;"643090000058747";"29.10.2013";9;
собаки;метис;"643090000123136";"30.10.2013";9;
собаки;метис;"643090000123139";"31.10.2013";9;
собаки;метис;"900164000427073";"01.11.2013";9;
собаки;метис;"643110000076894";"02.11.2013";9;
собаки;метис;"643110900066321";"03.11.2013";9;
собаки;метис;"900164000423264";"04.11.2013";9;
собаки;метис;"643090000060967";"05.11.2013";9;
собаки;метис;"972270000187478";"06.11.2013";9;
собаки;метис;"643095300146908";"07.11.2013";9;
собаки;метис;"900164000425127";"08.11.2013";9;
собаки;метис;"900164000425114";"09.11.2013";9;
собаки;метис;"900164000423840";"10.11.2013";9;
собаки;метис;"643090000125700";"11.11.2013";9;
собаки;метис;"643090000058329";"12.11.2013";9;
собаки;метис;"900164000425224";"13.11.2013";9;
собаки;метис;"643110900066386";"14.11.2013";9;
собаки;метис;"643090000125685";"15.11.2013";9;
собаки;метис;"643110000521743";"16.11.2013";9;
собаки;метис;"643090000125438";"17.11.2013";9;
собаки;метис;"972270000315847";"18.11.2013";9;
собаки;метис;"900164000424734";"19.11.2013";9;
собаки;метис;"972270000315017";"20.11.2013";9;
собаки;метис;"900164000423831";"21.11.2013";9;
собаки;метис;"643095300146928";"22.11.2013";9;
собаки;метис;"900164000424747";"23.11.2013";9;
собаки;метис;"643110000521627";"24.11.2013";9;
собаки;метис;"900164000423836";"25.11.2013";9;
собаки;метис;"972270000187408";"26.11.2013";9;
собаки;метис;"900164000426972";"27.11.2013";9;
собаки;метис;"900164000423848";"28.11.2013";9;
собаки;метис;"900164000423844";"29.11.2013";9;
собаки;метис;"900164000423841";"30.11.2013";9;
собаки;метис;"900164000425121";"01.12.2013";9;
собаки;метис;"643090000058365";"02.12.2013";9;
собаки;метис;"643090000058366";"03.12.2013";9;
собаки;метис;"972270000307446";"04.12.2013";9;
собаки;метис;"972270000148902";"05.12.2013";9;
собаки;метис;"900164000427005";"06.12.2013";9;
собаки;метис;"972270000171979";"07.12.2013";9;
собаки;метис;"643094100016979";"08.12.2013";9;
собаки;метис;"643095300147083";"09.12.2013";9;
собаки;метис;"972270000148286";"10.12.2013";9;
собаки;метис;"643095300147112";"11.12.2013";9;
собаки;метис;"972270000025213";"12.12.2013";9;
собаки;метис;"643095300147142";"13.12.2013";9;
собаки;метис;"900164000423190";"14.12.2013";9;
собаки;метис;"900164000426728";"15.12.2013";9;
собаки;метис;"643095300147089";"16.12.2013";9;
собаки;метис;"643110000521629";"17.12.2013";9;
собаки;метис;"972270000187135";"18.12.2013";9;
собаки;метис;"643110900052049";"19.12.2013";9;
собаки;метис;"981020009192193";"20.12.2013";9;
собаки;метис;"643110900052171";"21.12.2013";9;
собаки;метис;"643095300147137";"22.12.2013";9;
собаки;метис;"643110000106973";"23.12.2013";9;
собаки;метис;"643095300146952";"24.12.2013";9;
собаки;метис;"643095300146949";"25.12.2013";9;
собаки;метис;"643095300127851";"26.12.2013";9;
собаки;метис;"643110700002194";"27.12.2013";9;
собаки;метис;"972270000187317";"28.12.2013";9;
собаки;метис;"972270000189096";"29.12.2013";9;
собаки;метис;"643110900067485";"30.12.2013";9;
собаки;метис;"972270000307588";"31.12.2013";9;
собаки;метис;"900164000427053";"01.01.2014";9;
собаки;метис;"972270000160808";"02.01.2014";9;
собаки;метис;"643110000018329";"03.01.2014";9;
собаки;метис;"643095300147119";"04.01.2014";9;
собаки;метис;"900164000427229";"05.01.2014";9;
собаки;метис;"972270000117404";"06.01.2014";9;
собаки;метис;"643094100011106";"07.01.2014";9;
собаки;метис;"972270000162119";"08.01.2014";9;
собаки;метис;"643110700002223";"09.01.2014";9;
собаки;метис;"972270000313595";"10.01.2014";9;
собаки;метис;"972270000298388";"11.01.2014";9;
собаки;метис;"643095300128003";"12.01.2014";9;
собаки;метис;"900164000424741";"13.01.2014";9;
собаки;метис;"643095300147104";"14.01.2014";9;
собаки;метис;"972270000314863";"15.01.2014";9;
собаки;метис;"900164000426483";"16.01.2014";9;
собаки;метис;"900164000424746";"17.01.2014";9;
собаки;метис;"900164000424737";"18.01.2014";9;
собаки;метис;"643095300146853";"19.01.2014";9;
собаки;метис;"900164000424749";"20.01.2014";9;
собаки;метис;"900164000425212";"21.01.2014";9;
собаки;метис;"643090000058325";"22.01.2014";9;
собаки;метис;"972270000118641";"23.01.2014";9;
собаки;метис;"972270000296275";"24.01.2014";9;
собаки;метис;"643095300147170";"25.01.2014";9;
собаки;метис;"643090000058749";"26.01.2014";9;
собаки;метис;"900164000425432";"27.01.2014";9;
собаки;метис;"900164000425440";"28.01.2014";9;
собаки;метис;"900164000425447";"29.01.2014";9;
собаки;метис;"643110900051842";"30.01.2014";9;
собаки;метис;"900164000426128";"31.01.2014";9;
собаки;метис;"900164000424739";"01.02.2014";9;
собаки;метис;"900164000423233";"02.02.2014";9;
собаки;метис;"643110000521628";"03.02.2014";9;
собаки;метис;"643110000521298";"04.02.2014";9;
собаки;метис;"900164000426381";"05.02.2014";9;
собаки;метис;"900164000426384";"06.02.2014";9;
собаки;метис;"972270000299633";"07.02.2014";9;
собаки;метис;"643110700001636";"08.02.2014";9;
собаки;метис;"643110900052105";"09.02.2014";9;
собаки;метис;"972270000168522";"10.02.2014";9;
собаки;метис;"900164000423562";"11.02.2014";9;
собаки;метис;"900164000423275";"12.02.2014";9;
собаки;метис;"900164000427066";"13.02.2014";9;
собаки;метис;"900164000424731";"14.02.2014";9;
собаки;метис;"643110000521292";"15.02.2014";9;
собаки;метис;"643110000011752";"16.02.2014";9;
собаки;метис;"981020009097492";"17.02.2014";9;
собаки;метис;"900164000425993";"18.02.2014";9;
собаки;метис;"643095300147131";"19.02.2014";9;
собаки;метис;"972270000148898";"20.02.2014";9;
собаки;метис;"643110900052059";"21.02.2014";9;
собаки;метис;"900164000426004";"22.02.2014";9;
собаки;метис;"900164000423188";"23.02.2014";9;
собаки;метис;"900164000423258";"24.02.2014";9;
собаки;метис;"643110000027039";"25.02.2014";9;
собаки;метис;"643095300146967";"26.02.2014";9;
собаки;метис;"643095300146883";"27.02.2014";9;
собаки;метис;"643090000058761";"28.02.2014";9;
собаки;метис;"900164000427167";"01.03.2014";9;
собаки;метис;"643094100011678";"02.03.2014";9;
собаки;метис;"643095300147004";"03.03.2014";9;
собаки;метис;"643095300147016";"04.03.2014";9;
собаки;метис;"643090000058308";"05.03.2014";9;
собаки;метис;"900164000423287";"06.03.2014";9;
собаки;метис;"972270000309138";"07.03.2014";9;
собаки;метис;"900164000427201";"08.03.2014";9;
собаки;метис;"643095300146900";"09.03.2014";9;
собаки;метис;"643095300128165";"10.03.2014";9;
собаки;метис;"900164000423263";"11.03.2014";9;
собаки;метис;"643110000521616";"12.03.2014";9;
собаки;метис;"900164000425723";"13.03.2014";9;
собаки;метис;"643095300147198";"14.03.2014";9;
собаки;метис;"900164000423109";"15.03.2014";9;
собаки;метис;"972270000315133";"16.03.2014";9;
собаки;метис;"900164000423259";"17.03.2014";9;
собаки;метис;"643095300127874";"18.03.2014";9;
собаки;метис;"643110900067497";"19.03.2014";9;
собаки;метис;"972270000313099";"20.03.2014";9;
собаки;метис;"900164000423252";"21.03.2014";9;
собаки;метис;"900164000426359";"22.03.2014";9;
собаки;метис;"643095300127881";"23.03.2014";9;
собаки;метис;"643095300147115";"24.03.2014";9;
собаки;метис;"981020009203401";"25.03.2014";9;
собаки;метис;"972000000860643";"26.03.2014";9;
собаки;метис;"900164000426016";"27.03.2014";9;
собаки;метис;"643110700003585";"28.03.2014";9;
собаки;метис;"643094100007522";"29.03.2014";9;
собаки;метис;"643094100012445";"30.03.2014";9;
собаки;метис;"643094100015349";"31.03.2014";9;
собаки;метис;"643095300147169";"01.04.2014";9;
собаки;метис;"643110900046092";"02.04.2014";9;
собаки;метис;"900164000422535";"03.04.2014";9;
собаки;метис;"900164000426009";"04.04.2014";9;
собаки;метис;"972270000312850";"05.04.2014";9;
собаки;метис;"900164000426206";"06.04.2014";9;
собаки;метис;"643090000055461";"07.04.2014";9;
собаки;метис;"643110000013981";"08.04.2014";9;
собаки;метис;"900164000426003";"09.04.2014";9;
собаки;метис;"900164000427219";"10.04.2014";9;
собаки;метис;"972270000286472";"11.04.2014";9;
собаки;метис;"643090000056329";"12.04.2014";9;
собаки;метис;"643094100015762";"13.04.2014";9;
собаки;метис;"643110900066385";"14.04.2014";9;
собаки;метис;"643095300146923";"15.04.2014";9;
собаки;метис;"643095300146974";"16.04.2014";9;
собаки;метис;"900164000423257";"17.04.2014";9;
собаки;метис;"972270000285503";"18.04.2014";9;
собаки;метис;"900164000423270";"19.04.2014";9;
собаки;метис;"972270000119218";"20.04.2014";9;
собаки;метис;"643095300128170";"21.04.2014";9;
собаки;метис;"972270000189872";"22.04.2014";9;
собаки;метис;"900164000427462";"23.04.2014";9;
собаки;метис;"643095300137658";"24.04.2014";9;
собаки;метис;"643095300128095";"25.04.2014";9;
собаки;метис;"643110000077767";"26.04.2014";9;
собаки;метис;"643095300147092";"27.04.2014";9;
собаки;метис;"643110700004682";"28.04.2014";9;
собаки;метис;"972270000312977";"29.04.2014";9;
собаки;метис;"643094100149626";"30.04.2014";9;
собаки;метис;"643094100009599";"01.05.2014";9;
собаки;метис;"900164000423098";"02.05.2014";9;
собаки;метис;"643094100014274";"03.05.2014";9;
собаки;метис;"643094100013654";"04.05.2014";9;
собаки;метис;"643095300128167";"05.05.2014";9;
собаки;метис;"900164000425000";"06.05.2014";9;
собаки;метис;"643095300128021";"07.05.2014";9;
собаки;метис;"972270000117416";"08.05.2014";9;
собаки;метис;"643095300128145";"09.05.2014";9;
собаки;метис;"643110900045971";"10.05.2014";9;
собаки;метис;"643095300128092";"11.05.2014";9;
собаки;метис;"972270000110941";"12.05.2014";9;
собаки;метис;"643095300146950";"13.05.2014";9;
собаки;метис;"900164000426737";"14.05.2014";9;
собаки;метис;"643095300128121";"15.05.2014";9;
собаки;метис;"643090000055452";"16.05.2014";9;
собаки;метис;"900164000423231";"17.05.2014";9;
собаки;метис;"900164000427029";"18.05.2014";9;
собаки;метис;"941000002600209";"19.05.2014";9;
собаки;метис;"900164000425168";"20.05.2014";9;
собаки;метис;"972270000168070";"21.05.2014";9;
собаки;метис;"900164000426240";"22.05.2014";9;
собаки;метис;"900164000425840";"23.05.2014";9;
собаки;метис;"972270000306211";"24.05.2014";9;
собаки;метис;"643095300147027";"25.05.2014";9;
собаки;метис;"643095300146941";"26.05.2014";9;
собаки;метис;"900164000426721";"27.05.2014";9;
собаки;метис;"972270000312319";"28.05.2014";9;
собаки;метис;"972270000323132";"29.05.2014";9;
собаки;метис;"900164000423300";"30.05.2014";9;
собаки;метис;"900164000423835";"31.05.2014";9;
собаки;метис;"900164000423255";"01.06.2014";9;
собаки;метис;"972270000315913";"02.06.2014";9;
собаки;метис;"643110900052113";"03.06.2014";9;
собаки;метис;"972270000158913";"04.06.2014";9;
собаки;метис;"643090000058775";"05.06.2014";9;
собаки;метис;"643090000056328";"06.06.2014";9;
собаки;метис;"643090000056324";"07.06.2014";9;
собаки;метис;"972270000312823";"08.06.2014";9;
собаки;метис;"643110700001371";"09.06.2014";9;
собаки;метис;"643110000107167";"10.06.2014";9;
собаки;метис;"643095300146924";"11.06.2014";9;
собаки;метис;"900164000426838";"12.06.2014";9;
собаки;метис;"643095300146934";"13.06.2014";9;
собаки;метис;"900164000423256";"14.06.2014";9;
собаки;метис;"643095300146863";"15.06.2014";9;
собаки;метис;"972270000157022";"16.06.2014";9;
собаки;метис;"643095300127922";"17.06.2014";9;
собаки;метис;"643090000056344";"18.06.2014";9;
собаки;метис;"643110900052045";"19.06.2014";9;
собаки;метис;"972270000314701";"20.06.2014";9;
собаки;метис;"972270000175457";"21.06.2014";9;
собаки;метис;"643094100015593";"22.06.2014";9;
собаки;метис;"643110900066378";"23.06.2014";9;
собаки;метис;"972270000315918";"24.06.2014";9;
собаки;метис;"643090000123553";"25.06.2014";9;
собаки;метис;"643095300127909";"26.06.2014";9;
собаки;метис;"900164000425998";"27.06.2014";9;
собаки;метис;"900164000426010";"28.06.2014";9;
собаки;метис;"643095300147113";"29.06.2014";9;
собаки;метис;"900164000425992";"30.06.2014";9;
собаки;метис;"643090000058781";"01.07.2014";9;
собаки;метис;"643095300147138";"02.07.2014";9;
собаки;метис;"941000002042622";"03.07.2014";9;
собаки;метис;"643110000521680";"04.07.2014";9;
собаки;метис;"972270000111200";"05.07.2014";9;
собаки;метис;"972270000164356";"06.07.2014";9;
собаки;метис;"643095300147028";"07.07.2014";9;
собаки;метис;"972270000158302";"08.07.2014";9;
собаки;метис;"643090000002770";"09.07.2014";9;
собаки;метис;"972270000170305";"10.07.2014";9;
собаки;метис;"643095300147094";"11.07.2014";9;
собаки;метис;"972270000304199";"12.07.2014";9;
собаки;метис;"941000001212531";"13.07.2014";9;
собаки;метис;"643094100010949";"14.07.2014";9;
собаки;метис;"643110000521612";"15.07.2014";9;
собаки;метис;"643110000106799";"16.07.2014";9;
собаки;метис;"643095300127816";"17.07.2014";9;
собаки;метис;"643095300127878";"18.07.2014";9;
собаки;метис;"643090000058635";"19.07.2014";9;
собаки;метис;"643110000521740";"20.07.2014";9;
собаки;метис;"981020009196524";"21.07.2014";9;
собаки;метис;"643095300146846";"22.07.2014";9;
собаки;метис;"643110000521735";"23.07.2014";9;
собаки;метис;"643110000521744";"24.07.2014";9;
собаки;метис;"643110000013341";"25.07.2014";9;
собаки;метис;"643110900052009";"26.07.2014";9;
собаки;метис;"900164000426482";"27.07.2014";9;
собаки;метис;"643110700002099";"28.07.2014";9;
собаки;метис;"643110900066387";"29.07.2014";9;
собаки;метис;"643110700002289";"30.07.2014";9;
собаки;метис;"643110000521734";"31.07.2014";9;
собаки;метис;"643090000060978";"01.08.2014";9;
собаки;метис;"643090000123542";"02.08.2014";9;
собаки;метис;"972270000307051";"03.08.2014";9;
собаки;метис;"643094100011934";"04.08.2014";9;
собаки;метис;"643110900066363";"05.08.2014";9;
собаки;метис;"972270000030942";"06.08.2014";9;
собаки;метис;"643110000521478";"07.08.2014";9;
собаки;метис;"643110900066368";"08.08.2014";9;
собаки;метис;"643090000125696";"09.08.2014";9;
собаки;метис;"643090000125697";"10.08.2014";9;
собаки;метис;"643110900066398";"11.08.2014";9;
собаки;метис;"643110900066389";"12.08.2014";9;
собаки;метис;"643110900066314";"13.08.2014";9;
собаки;метис;"643110900066315";"14.08.2014";9;
собаки;метис;"643110900066318";"15.08.2014";9;
собаки;метис;"643110900067479";"16.08.2014";9;
собаки;метис;"643110900066210";"17.08.2014";9;
собаки;метис;"900164000425111";"18.08.2014";9;
собаки;метис;"900164000423849";"19.08.2014";9;
собаки;метис;"643090000058496";"20.08.2014";9;
собаки;метис;"643110900066323";"21.08.2014";9;
собаки;метис;"981020009183485";"22.08.2014";9;
собаки;метис;"643090000003186";"23.08.2014";9;
собаки;метис;"972270000190000";"24.08.2014";9;
собаки;метис;"643095300146914";"25.08.2014";9;
собаки;метис;"643090000123557";"26.08.2014";9;
собаки;метис;"643110900066362";"27.08.2014";9;
собаки;метис;"643110000521345";"28.08.2014";9;
собаки;метис;"643110900066359";"29.08.2014";9;
собаки;метис;"643110700002599";"30.08.2014";9;
собаки;метис;"643110000521615";"31.08.2014";9;
собаки;метис;"900164000426660";"01.09.2014";9;
собаки;метис;"643110900066206";"02.09.2014";9;
собаки;метис;"643090000125556";"03.09.2014";9;
собаки;метис;"900164000427223";"04.09.2014";9;
собаки;метис;"643110900066369";"05.09.2014";9;
собаки;метис;"643090000123124";"06.09.2014";9;
собаки;метис;"643110900066367";"07.09.2014";9;
собаки;метис;"941000002541525";"08.09.2014";9;
собаки;метис;"643090000125654";"09.09.2014";9;
собаки;метис;"643090000058783";"10.09.2014";9;
собаки;метис;"900164000425568";"11.09.2014";9;
собаки;метис;"643110900066366";"12.09.2014";9;
собаки;метис;"643090000058786";"13.09.2014";9;
собаки;метис;"643110900066375";"14.09.2014";9;
собаки;метис;"643110700002179";"15.09.2014";9;
собаки;метис;"643090000055487";"16.09.2014";9;
собаки;метис;"972270000314763";"17.09.2014";9;
собаки;метис;"643090000125543";"18.09.2014";9;
собаки;метис;"972270000187321";"19.09.2014";9;
собаки;метис;"643090000125546";"20.09.2014";9;
собаки;метис;"643110900066382";"21.09.2014";9;
собаки;метис;"643094100008638";"22.09.2014";9;
собаки;метис;"643095300146929";"23.09.2014";9;
собаки;метис;"643110900066279";"24.09.2014";9;
собаки;метис;"643110900066360";"25.09.2014";9;
собаки;метис;"643110900066205";"26.09.2014";9;
собаки;метис;"643110900066277";"27.09.2014";9;
собаки;метис;"900164000423177";"28.09.2014";9;
собаки;метис;"643110900066278";"29.09.2014";9;
собаки;метис;"643110700002555";"30.09.2014";9;
собаки;метис;"972000000875818";"01.10.2014";9;
собаки;метис;"643110900052007";"02.10.2014";9;
собаки;метис;"643110000521485";"03.10.2014";9;
собаки;метис;"972270000189114";"04.10.2014";9;
собаки;метис;"643090000058446";"05.10.2014";9;
собаки;метис;"900164000423241";"06.10.2014";9;
собаки;метис;"643090000058306";"07.10.2014";9;
собаки;метис;"643110000521484";"08.10.2014";9;
собаки;метис;"643110000521480";"09.10.2014";9;
собаки;метис;"900164000425051";"10.10.2014";9;
собаки;метис;"643110900052041";"11.10.2014";9;
собаки;метис;"900164000423469";"12.10.2014";9;
собаки;метис;"643094100007425";"13.10.2014";9;
собаки;метис;"643094100012311";"14.10.2014";9;
собаки;метис;"643110900066365";"15.10.2014";9;
собаки;метис;"643094100008828";"16.10.2014";9;
собаки;метис;"643110900046060";"17.10.2014";9;
собаки;метис;"972270000158320";"18.10.2014";9;
собаки;метис;"643110000521732";"19.10.2014";9;
собаки;метис;"900164000424992";"20.10.2014";9;
собаки;метис;"900164000423304";"21.10.2014";9;
собаки;метис;"643110900066324";"22.10.2014";9;
собаки;метис;"981020009166376";"23.10.2014";9;
собаки;метис;"972270000024072";"24.10.2014";9;
собаки;метис;"972270000322608";"25.10.2014";9;
собаки;метис;"643110900066276";"26.10.2014";9;
собаки;метис;"643090000058316";"27.10.2014";9;
собаки;метис;"643110900052042";"28.10.2014";9;
собаки;метис;"643110000521736";"29.10.2014";9;
собаки;метис;"643110000521473";"30.10.2014";9;
собаки;метис;"643110900067476";"31.10.2014";9;
собаки;метис;"643095300146943";"01.11.2014";9;
собаки;метис;"643110900066208";"02.11.2014";9;
собаки;метис;"900164000423853";"03.11.2014";9;
собаки;метис;"643110000521733";"04.11.2014";9;
собаки;метис;"643110000521731";"05.11.2014";9;
собаки;метис;"643090000058309";"06.11.2014";9;
собаки;метис;"900164000427461";"07.11.2014";9;
собаки;метис;"900164000425622";"08.11.2014";9;
собаки;метис;"643110900066281";"09.11.2014";9;
собаки;метис;"900164000425425";"10.11.2014";9;
собаки;метис;"643095300146969";"11.11.2014";9;
собаки;метис;"900164000426979";"12.11.2014";9;
собаки;метис;"643110700002288";"13.11.2014";9;
собаки;метис;"972270000344861";"14.11.2014";9;
собаки;метис;"900164000426005";"15.11.2014";9;
собаки;метис;"643110000521747";"16.11.2014";9;
собаки;метис;"972270000160753";"17.11.2014";9;
собаки;метис;"972270000322288";"18.11.2014";9;
собаки;метис;"900164000425135";"19.11.2014";9;
собаки;метис;"643110000137342";"20.11.2014";9;
собаки;метис;"900164000423297";"21.11.2014";9;
собаки;метис;"972270000160963";"22.11.2014";9;
собаки;метис;"643095300128166";"23.11.2014";9;
собаки;метис;"900164000427413";"24.11.2014";9;
собаки;метис;"643110900066311";"25.11.2014";9;
собаки;метис;"643095300146886";"26.11.2014";9;
собаки;метис;"643110900066209";"27.11.2014";9;
собаки;метис;"972270000162833";"28.11.2014";9;
собаки;метис;"643110000521315";"29.11.2014";9;
собаки;метис;"643110900066397";"30.11.2014";9;
собаки;метис;"643110900066399";"01.12.2014";9;
собаки;метис;"643110900066393";"02.12.2014";9;
собаки;метис;"643090000055491";"03.12.2014";9;
собаки;метис;"643110000521487";"04.12.2014";9;
собаки;метис;"900164000425624";"05.12.2014";9;
собаки;метис;"643090000125553";"06.12.2014";9;
собаки;метис;"643110900066201";"07.12.2014";9;
собаки;метис;"643090000123140";"08.12.2014";9;
собаки;метис;"900164000422540";"09.12.2014";9;
собаки;метис;"643090000058639";"10.12.2014";9;
собаки;метис;"643090000123131";"11.12.2014";9;
собаки;метис;"643110700001307";"12.12.2014";9;
собаки;метис;"972270000314756";"13.12.2014";9;
собаки;метис;"900164000423865";"14.12.2014";9;
собаки;метис;"643090000058304";"15.12.2014";9;
собаки;метис;"900164000427447";"16.12.2014";9;
собаки;метис;"900164000423503";"17.12.2014";9;
собаки;метис;"972270000185747";"18.12.2014";9;
собаки;метис;"643090000123132";"19.12.2014";9;
собаки;метис;"972270000308411";"20.12.2014";9;
собаки;метис;"643090000123554";"21.12.2014";9;
собаки;метис;"972270000179182";"22.12.2014";9;
собаки;метис;"643110000521319";"23.12.2014";9;
собаки;метис;"643110900066331";"24.12.2014";9;
собаки;метис;"643090000058301";"25.12.2014";9;
собаки;метис;"972270000187716";"26.12.2014";9;
собаки;метис;"643110700002361";"27.12.2014";9;
собаки;метис;"643090000058624";"28.12.2014";9;
собаки;метис;"972270000286888";"29.12.2014";9;
собаки;метис;"643110000521724";"30.12.2014";9;
собаки;метис;"941000001552800";"31.12.2014";9;
собаки;метис;"900164000426476";"01.01.2015";9;
собаки;метис;"643090000056341";"02.01.2015";9;
собаки;метис;"900164000427030";"03.01.2015";9;
собаки;метис;"972270000168219";"04.01.2015";9;
собаки;метис;"972270000187440";"05.01.2015";9;
собаки;метис;"972270000185311";"06.01.2015";9;
собаки;метис;"972270000174325";"07.01.2015";9;
собаки;метис;"972270000189145";"08.01.2015";9;
собаки;метис;"643090000058785";"09.01.2015";9;
собаки;метис;"900164000422532";"10.01.2015";9;
собаки;метис;"900164000426380";"11.01.2015";9;
собаки;метис;"900164000426373";"12.01.2015";9;
собаки;метис;"972000000875758";"13.01.2015";9;
собаки;метис;"643090000058330";"14.01.2015";9;
собаки;метис;"900164000425716";"15.01.2015";9;
собаки;метис;"643110700001381";"16.01.2015";9;
собаки;метис;"643110700002665";"17.01.2015";9;
собаки;метис;"643110900052065";"18.01.2015";9;
собаки;метис;"972270000314048";"19.01.2015";9;
собаки;метис;"972270000307502";"20.01.2015";9;
собаки;метис;"972270000308132";"21.01.2015";9;
собаки;метис;"900164000423505";"22.01.2015";9;
собаки;метис;"643110700002279";"23.01.2015";9;
собаки;метис;"972270000171423";"24.01.2015";9;
собаки;метис;"643110700002765";"25.01.2015";9;
собаки;метис;"643110000521343";"26.01.2015";9;
собаки;метис;"643094100004210";"27.01.2015";9;
собаки;метис;"900164000426980";"28.01.2015";9;
собаки;метис;"643110900067478";"29.01.2015";9;
собаки;метис;"643110700000924";"30.01.2015";9;
собаки;метис;"972270000025641";"31.01.2015";9;
собаки;метис;"643090000123496";"01.02.2015";9;
собаки;метис;"972270000171496";"02.02.2015";9;
собаки;метис;"900164000425562";"03.02.2015";9;
собаки;метис;"643110900066319";"04.02.2015";9;
собаки;метис;"643110700002349";"05.02.2015";9;
собаки;метис;"900164000425719";"06.02.2015";9;
собаки;метис;"900164000427451";"07.02.2015";9;
собаки;метис;"643110900046096";"08.02.2015";9;
собаки;метис;"972270000029053";"09.02.2015";9;
собаки;метис;"643110900052067";"10.02.2015";9;
собаки;метис;"900164000423307";"11.02.2015";9;
собаки;метис;"643094100008928";"12.02.2015";9;
собаки;метис;"643110900066353";"13.02.2015";9;
собаки;метис;"900164000426908";"14.02.2015";9;
собаки;метис;"900164000426968";"15.02.2015";9;
собаки;метис;"643110000521342";"16.02.2015";9;
собаки;метис;"972270000148127";"17.02.2015";9;
собаки;метис;"643110900066326";"18.02.2015";9;
собаки;метис;"643110000521503";"19.02.2015";9;
собаки;метис;"643110000521518";"20.02.2015";9;
собаки;метис;"643110700001581";"21.02.2015";9;
собаки;метис;"643110000521502";"22.02.2015";9;
собаки;метис;"972270000189544";"23.02.2015";9;
собаки;метис;"972270000187842";"24.02.2015";9;
собаки;метис;"643110000521499";"25.02.2015";9;
собаки;метис;"643110000521521";"26.02.2015";9;
собаки;метис;"972000000907863";"27.02.2015";9;
собаки;метис;"643095300147065";"28.02.2015";9;
собаки;метис;"643095300147036";"01.03.2015";9;
собаки;метис;"643110000521508";"02.03.2015";9;
собаки;метис;"972270000189487";"03.03.2015";9;
собаки;метис;"900164000426199";"04.03.2015";9;
собаки;метис;"972270000304582";"05.03.2015";9;
собаки;метис;"643110000521490";"06.03.2015";9;
собаки;метис;"900164000423863";"07.03.2015";9;
собаки;метис;"900164000425722";"08.03.2015";9;
собаки;метис;"643110000521528";"09.03.2015";9;
собаки;метис;"972270000162771";"10.03.2015";9;
собаки;метис;"972270000158956";"11.03.2015";9;
собаки;метис;"900164000423284";"12.03.2015";9;
собаки;метис;"643110000521530";"13.03.2015";9;
собаки;метис;"643110000521590";"14.03.2015";9;
собаки;метис;"643110000521496";"15.03.2015";9;
собаки;метис;"643110900052054";"16.03.2015";9;
собаки;метис;"643110000521522";"17.03.2015";9;
собаки;метис;"643110000521526";"18.03.2015";9;
собаки;метис;"972270000189192";"19.03.2015";9;
собаки;метис;"643110000521529";"20.03.2015";9;
собаки;метис;"643110700002388";"21.03.2015";9;
собаки;метис;"643095300147187";"22.03.2015";9;
собаки;метис;"643110700002162";"23.03.2015";9;
собаки;метис;"972270000189660";"24.03.2015";9;
собаки;метис;"643110900066330";"25.03.2015";9;
собаки;метис;"972270000111075";"26.03.2015";9;
собаки;метис;"643095300127852";"27.03.2015";9;
собаки;метис;"643090000055492";"28.03.2015";9;
собаки;метис;"643110000521519";"29.03.2015";9;
собаки;метис;"643110000521500";"30.03.2015";9;
собаки;метис;"643110000521704";"31.03.2015";9;
собаки;метис;"643110000521702";"01.04.2015";9;
собаки;метис;"643110000521696";"02.04.2015";9;
собаки;метис;"643090000056352";"03.04.2015";9;
собаки;метис;"643110000521692";"04.04.2015";9;
собаки;метис;"900164000423294";"05.04.2015";9;
собаки;метис;"643110000521703";"06.04.2015";9;
собаки;метис;"643110000521699";"07.04.2015";9;
собаки;метис;"643110000521707";"08.04.2015";9;
собаки;метис;"643110000521691";"09.04.2015";9;
собаки;метис;"900164000426981";"10.04.2015";9;
собаки;метис;"941000002522750";"11.04.2015";9;
собаки;метис;"643094100007717";"12.04.2015";9;
собаки;метис;"643095300146991";"13.04.2015";9;
собаки;метис;"972270000148868";"14.04.2015";9;
собаки;метис;"643095300146980";"15.04.2015";9;
собаки;метис;"643110700002337";"16.04.2015";9;
собаки;метис;"643110900066355";"17.04.2015";9;
собаки;метис;"981020009192602";"18.04.2015";9;
собаки;метис;"643110000521493";"19.04.2015";9;
собаки;метис;"643110700000954";"20.04.2015";9;
собаки;метис;"972270000029153";"21.04.2015";9;
собаки;метис;"900164000423244";"22.04.2015";9;
собаки;метис;"900164000426991";"23.04.2015";9;
собаки;метис;"643095300147012";"24.04.2015";9;
собаки;метис;"643110900066325";"25.04.2015";9;
собаки;метис;"643095300147011";"26.04.2015";9;
собаки;метис;"643095300147186";"27.04.2015";9;
собаки;метис;"900164000427007";"28.04.2015";9;
собаки;метис;"643110700001051";"29.04.2015";9;
собаки;метис;"643095300147021";"30.04.2015";9;
собаки;метис;"643110700002175";"01.05.2015";9;
собаки;метис;"972270000117985";"02.05.2015";9;
собаки;метис;"972270000115272";"03.05.2015";9;
собаки;метис;"972270000023564";"04.05.2015";9;
собаки;метис;"972270000158059";"05.05.2015";9;
собаки;метис;"900164000423850";"06.05.2015";9;
собаки;метис;"900164000423832";"07.05.2015";9;
собаки;метис;"900164000423846";"08.05.2015";9;
собаки;метис;"900164000423842";"09.05.2015";9;
собаки;метис;"643110000018423";"10.05.2015";9;
собаки;метис;"643110700002554";"11.05.2015";9;
собаки;метис;"900164000427040";"12.05.2015";9;
собаки;метис;"900164000427046";"13.05.2015";9;
собаки;метис;"972270000305609";"14.05.2015";9;
собаки;метис;"643110000521646";"15.05.2015";9;
собаки;метис;"972270000148153";"16.05.2015";9;
собаки;метис;"643110900066312";"17.05.2015";9;
собаки;метис;"643110000521649";"18.05.2015";9;
собаки;метис;"643110000521641";"19.05.2015";9;
собаки;метис;"643090000056308";"20.05.2015";9;
собаки;метис;"643090000056381";"21.05.2015";9;
собаки;метис;"643090000055495";"22.05.2015";9;
собаки;метис;"643090000055479";"23.05.2015";9;
собаки;метис;"981020009165071";"24.05.2015";9;
собаки;метис;"972270000312411";"25.05.2015";9;
собаки;метис;"643110900066328";"26.05.2015";9;
собаки;метис;"643110000521639";"27.05.2015";9;
собаки;метис;"643090000056306";"28.05.2015";9;
собаки;метис;"643110000521659";"29.05.2015";9;
собаки;метис;"643090000056310";"30.05.2015";9;
собаки;метис;"972270000314875";"31.05.2015";9;
собаки;метис;"900164000424676";"01.06.2015";9;
собаки;метис;"900164000425326";"02.06.2015";9;
собаки;метис;"643090000055486";"03.06.2015";9;
собаки;метис;"643110700000974";"04.06.2015";9;
собаки;метис;"643090000055488";"05.06.2015";9;
собаки;метис;"643110000521632";"06.06.2015";9;
собаки;метис;"643110000521647";"07.06.2015";9;
собаки;метис;"643090000055493";"08.06.2015";9;
собаки;метис;"972270000160855";"09.06.2015";9;
собаки;метис;"643090000126861";"10.06.2015";9;
собаки;метис;"643090000126870";"11.06.2015";9;
собаки;метис;"643090000126876";"12.06.2015";9;
собаки;метис;"643090000126871";"13.06.2015";9;
собаки;метис;"643110900052294";"14.06.2015";9;
собаки;метис;"643110900052296";"15.06.2015";9;
собаки;метис;"643090000056325";"16.06.2015";9;
собаки;метис;"643110900052299";"17.06.2015";9;
собаки;метис;"981020009090891";"18.06.2015";9;
собаки;метис;"643090000100724";"19.06.2015";9;
собаки;метис;"643094100274784";"20.06.2015";9;
собаки;метис;"981020009116185";"21.06.2015";9;
собаки;метис;"981020009143216";"22.06.2015";9;
собаки;метис;"972270000160433";"23.06.2015";9;
собаки;метис;"643090000127225";"24.06.2015";9;
собаки;метис;"643090000126862";"25.06.2015";9;
собаки;метис;"643090000126866";"26.06.2015";9;
собаки;метис;"643090000126873";"27.06.2015";9;
собаки;метис;"643090000058640";"28.06.2015";9;
собаки;метис;"643090000125684";"29.06.2015";9;
собаки;метис;"643094100009019";"30.06.2015";9;
собаки;метис;"972270000314088";"01.07.2015";9;
собаки;метис;"643110900066337";"02.07.2015";9;
собаки;метис;"643110000521511";"03.07.2015";9;
собаки;метис;"643090000123126";"04.07.2015";9;
собаки;метис;"643110700003581";"05.07.2015";9;
собаки;метис;"643110700004267";"06.07.2015";9;
собаки;метис;"643110700010080";"07.07.2015";9;
собаки;метис;"643110700014284";"08.07.2015";9;
собаки;метис;"643110700022190";"09.07.2015";9;
собаки;метис;"643110700033699";"10.07.2015";9;
собаки;метис;"643110700009715";"11.07.2015";9;
собаки;метис;"643110700033605";"12.07.2015";9;
собаки;метис;"643110700033610";"13.07.2015";9;
собаки;метис;"972270000187434";"14.07.2015";9;
собаки;метис;"643110700033682";"15.07.2015";9;
собаки;метис;"643110700033670";"16.07.2015";9;
собаки;метис;"643110700033671";"17.07.2015";9;
собаки;метис;"972270000305628";"18.07.2015";9;
собаки;метис;"643110700033622";"19.07.2015";9;
собаки;метис;"643110700033659";"20.07.2015";9;
собаки;метис;"643110700026058";"21.07.2015";9;
собаки;метис;"643110700023834";"22.07.2015";9;
собаки;метис;"643110700023394";"23.07.2015";9;
собаки;метис;"643110700023309";"24.07.2015";9;
собаки;метис;"643110700023403";"25.07.2015";9;
собаки;метис;"643110700023445";"26.07.2015";9;
собаки;метис;"972270000027204";"27.07.2015";9;
собаки;метис;"643110700033637";"28.07.2015";9;
собаки;метис;"643110700033624";"29.07.2015";9;
собаки;метис;"643110700023567";"30.07.2015";9;
собаки;метис;"643110700023379";"31.07.2015";9;
собаки;метис;"643110700022108";"01.08.2015";9;
собаки;метис;"643110700023304";"02.08.2015";9;
собаки;метис;"643110700022326";"03.08.2015";9;
собаки;метис;"643110700022181";"04.08.2015";9;
собаки;метис;"900164000427055";"05.08.2015";9;
собаки;метис;"900164000427054";"06.08.2015";9;
собаки;метис;"900164000427064";"07.08.2015";9;
собаки;метис;"643110700022249";"08.08.2015";9;
собаки;метис;"981020009229547";"09.08.2015";9;
собаки;метис;"643110700064152";"10.08.2015";9;
собаки;метис;"643110700063986";"11.08.2015";9;
собаки;метис;"643110700063909";"12.08.2015";9;
собаки;метис;"643110700063993";"13.08.2015";9;
собаки;метис;"643110700063913";"14.08.2015";9;
собаки;метис;"643110700063922";"15.08.2015";9;
собаки;метис;"643110700063921";"16.08.2015";9;
собаки;метис;"643110700063917";"17.08.2015";9;
собаки;метис;"643110700063929";"18.08.2015";9;
собаки;метис;"643110700063916";"19.08.2015";9;
собаки;метис;"643110700063915";"20.08.2015";9;
собаки;метис;"643110700063944";"21.08.2015";9;
собаки;метис;"643110700063945";"22.08.2015";9;
собаки;метис;"643110700063903";"23.08.2015";9;
собаки;метис;"643110700063904";"24.08.2015";9;
собаки;метис;"643095317832389";"25.08.2015";9;
собаки;метис;"643095317832395";"26.08.2015";9;
собаки;метис;"643095317832393";"27.08.2015";9;
собаки;метис;"643095317832391";"28.08.2015";9;
собаки;метис;"643095317832392";"29.08.2015";9;
собаки;метис;"643095317832394";"30.08.2015";9;
собаки;метис;"643090000058240";"31.08.2015";9;
собаки;метис;"643095317832647";"01.09.2015";9;
собаки;метис;"643095317832615";"02.09.2015";9;
собаки;метис;"643095317832355";"03.09.2015";9;
собаки;метис;"643095317832353";"04.09.2015";9;
собаки;метис;"643095317832360";"05.09.2015";9;
собаки;метис;"643095317832343";"06.09.2015";9;
собаки;метис;"643095317832354";"07.09.2015";9;
собаки;метис;"643095317828366";"08.09.2015";9;
собаки;метис;"933064300001209";"09.09.2015";9;
собаки;метис;"933064300001300";"10.09.2015";9;
собаки;метис;"643095317828375";"11.09.2015";9;
собаки;метис;"463095317828365";"12.09.2015";9;
собаки;метис;"643095317832358";"13.09.2015";9;
собаки;метис;"643095317832338";"14.09.2015";9;
собаки;метис;"643095317832337";"15.09.2015";9;
собаки;метис;"643095317832397";"16.09.2015";9;
собаки;метис;"643095317832388";"17.09.2015";9;
собаки;метис;"643095317832201";"18.09.2015";9;
собаки;метис;"643095317832639";"19.09.2015";9;
собаки;метис;"643095317832616";"20.09.2015";9;
собаки;метис;"643095317832631";"21.09.2015";9;
собаки;метис;"643095317832655";"22.09.2015";9;
собаки;метис;"643095317832652";"23.09.2015";9;
собаки;метис;"643095317832651";"24.09.2015";9;
собаки;метис;"643095317832656";"25.09.2015";9;
собаки;метис;"643095317832654";"26.09.2015";9;
собаки;метис;"643090000271332";"27.09.2015";9;
собаки;метис;"643093300021401";"28.09.2015";9;
собаки;метис;"643093300021402";"29.09.2015";9;
собаки;метис;"643093300021404";"30.09.2015";9;
собаки;метис;"643093300021406";"01.10.2015";9;
собаки;метис;"643093300021407";"02.10.2015";9;
собаки;метис;"643093300021408";"03.10.2015";9;
собаки;метис;"643093300021409";"04.10.2015";9;
собаки;метис;"643093300021410";"05.10.2015";9;
собаки;метис;"643093300021420";"06.10.2015";9;
собаки;метис;"643095317832754";"07.10.2015";9;
собаки;метис;"643095317832638";"08.10.2015";9;
собаки;метис;"643095317832755";"09.10.2015";9;
собаки;метис;"643093300021419";"10.10.2015";9;
собаки;метис;"643093300021414";"11.10.2015";9;
собаки;метис;"643093300021415";"12.10.2015";9;
собаки;метис;"643093300021451";"13.10.2015";9;
собаки;метис;"643093300021452";"14.10.2015";9;
собаки;метис;"643093300021453";"15.10.2015";9;
собаки;метис;"643093300021454";"16.10.2015";9;
собаки;метис;"643093300021464";"17.10.2015";9;
собаки;метис;"643093300021465";"18.10.2015";9;
собаки;метис;"643093300021467";"19.10.2015";9;
собаки;метис;"643093300021470";"20.10.2015";9;
собаки;метис;"643093300021471";"21.10.2015";9;
собаки;метис;"643093300021480";"22.10.2015";9;
собаки;метис;"643093300021479";"23.10.2015";9;
собаки;метис;"643093300021492";"24.10.2015";9;
собаки;метис;"643093300021503";"25.10.2015";9;
собаки;метис;"643093300021498";"26.10.2015";9;
собаки;метис;"643093300021497";"27.10.2015";9;
собаки;метис;"643093300021541";"28.10.2015";9;
собаки;метис;"643093300021509";"29.10.2015";9;
собаки;метис;"643093300021528";"30.10.2015";9;
собаки;метис;"643093300021567";"31.10.2015";9;
собаки;метис;"643093300021565";"01.11.2015";9;
собаки;метис;"643093300021569";"02.11.2015";9;
собаки;метис;"643093300021570";"03.11.2015";9;
собаки;метис;"643093300021585";"04.11.2015";9;
собаки;метис;"643093300021584";"05.11.2015";9;
собаки;метис;"643093300021586";"06.11.2015";9;
собаки;метис;"643093300021564";"07.11.2015";9;
собаки;метис;"643093300021566";"08.11.2015";9;
собаки;метис;"643090000271349";"09.11.2015";9;
собаки;метис;"643090000271346";"10.11.2015";9;
собаки;метис;"643093300021588";"11.11.2015";9;
собаки;метис;"643090000271350";"12.11.2015";9;
собаки;метис;"643090000271356";"13.11.2015";9;
собаки;метис;"643090000271352";"14.11.2015";9;
собаки;метис;"643093300016925";"15.11.2015";9;
собаки;метис;"643093300016924";"16.11.2015";9;
собаки;метис;"643093300016927";"17.11.2015";9;
собаки;метис;"643093300021592";"18.11.2015";9;
собаки;метис;"643093300016922";"19.11.2015";9;
собаки;метис;"643093300016923";"20.11.2015";9;
собаки;метис;"643093300016921";"21.11.2015";9;
собаки;метис;"643090000271357";"22.11.2015";9;
собаки;метис;"643090000271354";"23.11.2015";9;
собаки;метис;"643090000271344";"24.11.2015";9;
собаки;метис;"643093300016959";"25.11.2015";9;
собаки;метис;"643093300016951";"26.11.2015";9;
собаки;метис;"643093300016952";"27.11.2015";9;
собаки;метис;"643093300016956";"28.11.2015";9;
собаки;метис;"643093300016957";"29.11.2015";9;
собаки;метис;"643093300016954";"30.11.2015";9;
собаки;метис;"643093300016958";"01.12.2015";9;
собаки;метис;"643093300016960";"02.12.2015";9;
собаки;метис;"643093300016955";"03.12.2015";9;
собаки;метис;"643093300016962";"04.12.2015";9;
собаки;метис;"643093300016964";"05.12.2015";9;
собаки;метис;"643093300016928";"06.12.2015";9;
собаки;метис;"643093300016929";"07.12.2015";9;
собаки;метис;"643093300021501";"08.12.2015";9;
собаки;метис;"643090000271334";"09.12.2015";9;
собаки;метис;"643090000271322";"10.12.2015";9;
собаки;метис;"643090000271326";"11.12.2015";9;
собаки;метис;"643090000271321";"12.12.2015";9;
собаки;метис;"643090000271328";"13.12.2015";9;
собаки;метис;"643090000271333";"14.12.2015";9;
собаки;метис;"643090000271337";"15.12.2015";9;
собаки;метис;"643090000268993";"16.12.2015";9;
собаки;метис;"643090000270803";"17.12.2015";9;
собаки;метис;"643090000268987";"18.12.2015";9;
собаки;метис;"643090000268985";"19.12.2015";9;
собаки;метис;"643090000268992";"20.12.2015";9;
собаки;метис;"643090000268983";"21.12.2015";9;
собаки;метис;"643090000268981";"22.12.2015";9;
собаки;метис;"943090000300948";"23.12.2015";9;
собаки;метис;"943090000300949";"24.12.2015";9;
собаки;метис;"943090000216010";"25.12.2015";9;
собаки;метис;"643093300019481";"26.12.2015";9;
собаки;метис;"643093300019407";"27.12.2015";9;
собаки;метис;"643093300019472";"28.12.2015";9;
собаки;метис;"943090000300945";"29.12.2015";9;
собаки;метис;"943090000304967";"30.12.2015";9;
собаки;метис;"943090000300942";"31.12.2015";9;
собаки;метис;"943090000300943";"01.01.2016";9;
собаки;метис;"943090000304990";"02.01.2016";9;
собаки;метис;"943090000304971";"03.01.2016";9;
собаки;метис;"943090000300944";"04.01.2016";9;
собаки;метис;"943090000304966";"05.01.2016";9;
собаки;метис;"643094100550918";"06.01.2016";9;
собаки;метис;"643094100550964";"07.01.2016";9;
собаки;метис;"643094100550920";"08.01.2016";9;
собаки;метис;"643094100550913";"09.01.2016";9;
собаки;метис;"643094100550963";"10.01.2016";9;
собаки;метис;"643094100550961";"11.01.2016";9;
собаки;метис;"643094100550968";"12.01.2016";9;
собаки;метис;"643090000304947";"13.01.2016";9;
собаки;метис;"643090000304948";"14.01.2016";9;
собаки;метис;"643090000304946";"15.01.2016";9;
собаки;метис;"643090000304952";"16.01.2016";9;
собаки;метис;"643090000304953";"17.01.2016";9;
собаки;метис;"643090000330802";"18.01.2016";9;
собаки;метис;"643090000330809";"19.01.2016";9;
собаки;метис;"643090000330834";"20.01.2016";9;
собаки;метис;"643090000330821";"21.01.2016";9;
собаки;метис;"643090000330831";"22.01.2016";9;
собаки;метис;"643090000328320";"23.01.2016";9;
собаки;метис;"643090000330820";"24.01.2016";9;
собаки;метис;"643090000330819";"25.01.2016";9;
собаки;метис;"643090000330826";"26.01.2016";9;
собаки;метис;"643090000330827";"27.01.2016";9;
собаки;метис;"643090000330828";"28.01.2016";9;
собаки;метис;"643090000330829";"29.01.2016";9;
собаки;метис;"643090000330835";"30.01.2016";9;
собаки;метис;"643090000330830";"31.01.2016";9;
собаки;метис;"643090000330825";"01.02.2016";9;
собаки;метис;"643090000330824";"02.02.2016";9;
собаки;метис;"643090000330839";"03.02.2016";9;
собаки;метис;"643090000330792";"04.02.2016";9;
собаки;метис;"643090000328299";"05.02.2016";9;
собаки;метис;"643090000328298";"06.02.2016";9;
собаки;метис;"643090000328297";"07.02.2016";9;
собаки;метис;"643090000328296";"08.02.2016";9;
собаки;метис;"643090000328319";"09.02.2016";9;
собаки;метис;"643090000328318";"10.02.2016";9;
собаки;метис;"643090000328304";"11.02.2016";9;
собаки;метис;"643090000328303";"12.02.2016";9;
собаки;метис;"643090000328301";"13.02.2016";9;
собаки;метис;"643090000328302";"14.02.2016";9;
собаки;метис;"643090000328300";"15.02.2016";9;
собаки;метис;"643090000328292";"16.02.2016";9;
собаки;метис;"643090000328293";"17.02.2016";9;
собаки;метис;"643090000328294";"18.02.2016";9;
собаки;метис;"643090000328331";"19.02.2016";9;
собаки;метис;"643090000328332";"20.02.2016";9;
собаки;метис;"643090000328335";"21.02.2016";9;
собаки;метис;"643090000328337";"22.02.2016";9;
собаки;метис;"643090000328339";"23.02.2016";9;
собаки;метис;"643090000327606";"24.02.2016";9;
собаки;метис;"643090000307592";"25.02.2016";9;
собаки;метис;"643090000327608";"26.02.2016";9;
собаки;метис;"643090000327607";"27.02.2016";9;
собаки;метис;"643090000307591";"28.02.2016";9;
собаки;метис;"643090000328326";"29.02.2016";9;
собаки;метис;"643090000328330";"01.03.2016";9;
собаки;метис;"643090000328327";"02.03.2016";9;
собаки;метис;"643090000328329";"03.03.2016";9;
собаки;метис;"643090000307594";"04.03.2016";9;
собаки;метис;"643090000328328";"05.03.2016";9;
собаки;метис;"643090000328291";"06.03.2016";9;
собаки;метис;"643090000328334";"07.03.2016";9;
собаки;метис;"643090000307595";"08.03.2016";9;
собаки;метис;"643090000328336";"09.03.2016";9;
собаки;метис;"643090000328316";"10.03.2016";9;
собаки;метис;"643090000328317";"11.03.2016";9;
собаки;метис;"643090000328340";"12.03.2016";9;
собаки;метис;"643090000328333";"13.03.2016";9;
собаки;метис;"643090000327610";"14.03.2016";9;
собаки;метис;"643090000327597";"15.03.2016";9;
собаки;метис;"643090000327594";"16.03.2016";9;
собаки;метис;"643090000327601";"17.03.2016";9;
собаки;метис;"643090000327596";"18.03.2016";9;
собаки;метис;"643090000327600";"19.03.2016";9;
собаки;метис;"643090000327599";"20.03.2016";9;
собаки;метис;"643090000327598";"21.03.2016";9;
собаки;метис;"643090000322299";"22.03.2016";9;
собаки;метис;"643090000322301";"23.03.2016";9;
собаки;метис;"643090000322298";"24.03.2016";9;
собаки;метис;"643090000322311";"25.03.2016";9;
собаки;метис;"643090000322312";"26.03.2016";9;
собаки;метис;"643090000322314";"27.03.2016";9;
собаки;метис;"643090000322326";"28.03.2016";9;
собаки;метис;"643090000322317";"29.03.2016";9;
собаки;метис;"643090000322320";"30.03.2016";9;
собаки;метис;"643090000322325";"31.03.2016";9;
собаки;метис;"643090000322324";"01.04.2016";9;
собаки;метис;"643090000322318";"02.04.2016";9;
собаки;метис;"643090000322303";"03.04.2016";9;
собаки;метис;"643090000322327";"04.04.2016";9;
собаки;метис;"643090000322340";"05.04.2016";9;
собаки;метис;"643090000322328";"06.04.2016";9;
собаки;метис;"643090000322335";"07.04.2016";9;
собаки;метис;"643090000322331";"08.04.2016";9;
собаки;метис;"643090000322339";"09.04.2016";9;
собаки;метис;"643090000323341";"10.04.2016";9;
собаки;метис;"643090000323342";"11.04.2016";9;
собаки;метис;"643090000323343";"12.04.2016";9;
собаки;метис;"643090000323344";"13.04.2016";9;
собаки;метис;"643090000323345";"14.04.2016";9;
собаки;метис;"643090000322330";"15.04.2016";9;
собаки;метис;"643090000323351";"16.04.2016";9;
собаки;метис;"643090000322337";"17.04.2016";9;
собаки;метис;"643090000322338";"18.04.2016";9;
собаки;метис;"643090000323354";"19.04.2016";9;
собаки;метис;"643094100550691";"20.04.2016";9;
собаки;метис;"643090000323370";"21.04.2016";9;
собаки;метис;"643090000323369";"22.04.2016";9;
собаки;метис;"643090000323367";"23.04.2016";9;
собаки;метис;"643090000323395";"24.04.2016";9;
собаки;метис;"643090000323396";"25.04.2016";9;
собаки;метис;"643090000323397";"26.04.2016";9;
собаки;метис;"643090000323398";"27.04.2016";9;
собаки;метис;"643090000323401";"28.04.2016";9;
собаки;метис;"643090000323400";"29.04.2016";9;
собаки;метис;"643090000342063";"30.04.2016";9;
собаки;метис;"643090000342061";"01.05.2016";9;
собаки;метис;"643090000342062";"02.05.2016";9;
собаки;метис;"643094100550935";"03.05.2016";9;
собаки;метис;"643090000342085";"04.05.2016";9;
собаки;метис;"643090000342084";"05.05.2016";9;
собаки;метис;"643090000342081";"06.05.2016";9;
собаки;метис;"643090000342086";"07.05.2016";9;
собаки;метис;"643090000342080";"08.05.2016";9;
собаки;метис;"643090000342083";"09.05.2016";9;
собаки;метис;"643090000342082";"10.05.2016";9;
собаки;метис;"643090000342091";"11.05.2016";9;
собаки;метис;"643090000342092";"12.05.2016";9;
собаки;метис;"643090000328745";"13.05.2016";9;
собаки;метис;"643090000328746";"14.05.2016";9;
собаки;метис;"643090000328751";"15.05.2016";9;
собаки;метис;"643090000328752";"16.05.2016";9;
собаки;метис;"643090000327722";"17.05.2016";9;
собаки;метис;"643090000327723";"18.05.2016";9;
собаки;метис;"643090000327724";"19.05.2016";9;
собаки;метис;"643090000328814";"20.05.2016";9;
собаки;метис;"643090000328815";"21.05.2016";9;
собаки;метис;"643090000328830";"22.05.2016";9;
собаки;метис;"643090000328829";"23.05.2016";9;
собаки;метис;"643090000328828";"24.05.2016";9;
собаки;метис;"643090000328766";"25.05.2016";9;
собаки;метис;"643090000328770";"26.05.2016";9;
собаки;метис;"643090000328767";"27.05.2016";9;
собаки;метис;"643090000328768";"28.05.2016";9;
собаки;метис;"643090000328764";"29.05.2016";9;
собаки;метис;"643090000328765";"30.05.2016";9;
собаки;метис;"643090000323696";"31.05.2016";9;
собаки;метис;"643090000323697";"01.06.2016";9;
собаки;метис;"643090000328801";"02.06.2016";9;
собаки;метис;"643090000328795";"03.06.2016";9;
собаки;метис;"643090000328805";"04.06.2016";9;
собаки;метис;"643090000328776";"05.06.2016";9;
собаки;метис;"643090000328777";"06.06.2016";9;
собаки;метис;"643090000328778";"07.06.2016";9;
собаки;метис;"643090000328779";"08.06.2016";9;
собаки;метис;"643094100550700";"09.06.2016";9;
собаки;метис;"643094100550692";"10.06.2016";9;
собаки;метис;"643090000327729";"11.06.2016";9;
собаки;метис;"643090000327730";"12.06.2016";9;
собаки;метис;"643090000327731";"13.06.2016";9;
собаки;метис;"643090000327733";"14.06.2016";9;
собаки;метис;"643090000327734";"15.06.2016";9;
собаки;метис;"643090000327735";"16.06.2016";9;
собаки;метис;"643093300021473";"17.06.2016";9;
собаки;метис;"643094100550696";"18.06.2016";9;
собаки;метис;"643090000342195";"19.06.2016";9;
собаки;метис;"643090000342192";"20.06.2016";9;
собаки;метис;"643090000342186";"21.06.2016";9;
собаки;метис;"643090000342175";"22.06.2016";9;
собаки;метис;"643090000342198";"23.06.2016";9;
собаки;метис;"643090000342199";"24.06.2016";9;
собаки;метис;"643090000342200";"25.06.2016";9;
собаки;метис;"643090000342182";"26.06.2016";9;
собаки;метис;"643090000342184";"27.06.2016";9;
собаки;метис;"643090000342181";"28.06.2016";9;
собаки;метис;"643090000342185";"29.06.2016";9;
собаки;метис;"643090000342176";"30.06.2016";9;
собаки;метис;"643090000342177";"01.07.2016";9;
собаки;метис;"643090000342178";"02.07.2016";9;
собаки;метис;"643090000342179";"03.07.2016";9;
собаки;метис;"643090000342180";"04.07.2016";9;
собаки;метис;"643090000342187";"05.07.2016";9;
собаки;метис;"643090000376941";"06.07.2016";9;
собаки;метис;"643090000376942";"07.07.2016";9;
собаки;метис;"643090000376943";"08.07.2016";9;
собаки;метис;"643090000376944";"09.07.2016";9;
собаки;метис;"643090000376945";"10.07.2016";9;
собаки;метис;"643095300147129";"11.07.2016";9;
собаки;метис;"643090000342391";"12.07.2016";9;
собаки;метис;"643090000342392";"13.07.2016";9;
собаки;метис;"643090000342393";"14.07.2016";9;
собаки;метис;"643090000327728";"15.07.2016";9;
собаки;метис;"643094100550780";"16.07.2016";9;
собаки;метис;"643090000327602";"17.07.2016";9;
собаки;метис;"643090000342137";"18.07.2016";9;
собаки;метис;"643090000342138";"19.07.2016";9;
собаки;метис;"643090000342139";"20.07.2016";9;
собаки;метис;"643090000342378";"21.07.2016";9;
собаки;метис;"643090000342379";"22.07.2016";9;
собаки;метис;"643090000342380";"23.07.2016";9;
собаки;метис;"643090000342136";"24.07.2016";9;
собаки;метис;"643090000342376";"25.07.2016";9;
собаки;метис;"643090000342229";"26.07.2016";9;
собаки;метис;"643090000342230";"27.07.2016";9;
собаки;метис;"643090000342140";"28.07.2016";9;
собаки;метис;"643090000342377";"29.07.2016";9;
собаки;метис;"643090000342432";"30.07.2016";9;
собаки;метис;"643090000342433";"31.07.2016";9;
собаки;метис;"643090000342434";"01.08.2016";9;
собаки;метис;"643090000342435";"02.08.2016";9;
собаки;метис;"643090000342431";"03.08.2016";9;
собаки;метис;"643090000271338";"04.08.2016";9;
собаки;метис;"643090000342366";"05.08.2016";9;
собаки;метис;"643090000342368";"06.08.2016";9;
собаки;метис;"643090000342367";"07.08.2016";9;
собаки;метис;"643090000342438";"08.08.2016";9;
собаки;метис;"981020009222108";"09.08.2016";9;
собаки;метис;"643090000342133";"10.08.2016";9;
собаки;метис;"643090000342134";"11.08.2016";9;
собаки;метис;"643090000342135";"12.08.2016";9;
собаки;метис;"643090000342126";"13.08.2016";9;
собаки;метис;"643090000342121";"14.08.2016";9;
собаки;метис;"643090000342125";"15.08.2016";9;
собаки;метис;"643090000342124";"16.08.2016";9;
собаки;метис;"643090000342203";"17.08.2016";9;
собаки;метис;"643090000342204";"18.08.2016";9;
собаки;метис;"643090000342205";"19.08.2016";9;
собаки;метис;"643090000342216";"20.08.2016";9;
собаки;метис;"643090000342217";"21.08.2016";9;
собаки;метис;"643090000342218";"22.08.2016";9;
собаки;метис;"643090000342219";"23.08.2016";9;
собаки;метис;"643090000342215";"24.08.2016";9;
собаки;метис;"643090000342211";"25.08.2016";9;
собаки;метис;"643090000342212";"26.08.2016";9;
собаки;метис;"643090000342213";"27.08.2016";9;
собаки;метис;"643090000342214";"28.08.2016";9;
собаки;метис;"643090000342141";"29.08.2016";9;
собаки;метис;"643090000342142";"30.08.2016";9;
собаки;метис;"643090000342143";"31.08.2016";9;
собаки;метис;"643090000342144";"01.09.2016";9;
собаки;метис;"643090000342145";"02.09.2016";9;
собаки;метис;"643090000327691";"03.09.2016";9;
собаки;метис;"643090000327692";"04.09.2016";9;
собаки;метис;"643090000327693";"05.09.2016";9;
собаки;метис;"643090000327707";"06.09.2016";9;
собаки;метис;"643090000327708";"07.09.2016";9;
собаки;метис;"643090000327709";"08.09.2016";9;
собаки;метис;"643090000327710";"09.09.2016";9;
собаки;метис;"643090000327701";"10.09.2016";9;
собаки;метис;"643090000327703";"11.09.2016";9;
собаки;метис;"643090000327705";"12.09.2016";9;
собаки;метис;"643090000322286";"13.09.2016";9;
собаки;метис;"643090000322288";"14.09.2016";9;
собаки;метис;"643090000322289";"15.09.2016";9;
собаки;метис;"643090000322290";"16.09.2016";9;
собаки;метис;"643090000322272";"17.09.2016";9;
собаки;метис;"643090000327694";"18.09.2016";9;
собаки;метис;"643090000327695";"19.09.2016";9;
собаки;метис;"643090000324971";"20.09.2016";9;
собаки;метис;"643090000324972";"21.09.2016";9;
собаки;метис;"941000001536781";"22.09.2016";9;
собаки;метис;"643090000377025";"23.09.2016";9;
собаки;метис;"643090000377024";"24.09.2016";9;
собаки;метис;"643090000377014";"25.09.2016";9;
собаки;метис;"643090000322276";"26.09.2016";9;
собаки;метис;"643090000322277";"27.09.2016";9;
собаки;метис;"643090000377021";"28.09.2016";9;
собаки;метис;"643090000377022";"29.09.2016";9;
собаки;метис;"643090000377023";"30.09.2016";9;
собаки;метис;"643090000322278";"01.10.2016";9;
собаки;метис;"643090000322279";"02.10.2016";9;
собаки;метис;"643090000322280";"03.10.2016";9;
собаки;метис;"643090000376985";"04.10.2016";9;
собаки;метис;"643090000377031";"05.10.2016";9;
собаки;метис;"643090000377032";"06.10.2016";9;
собаки;метис;"643090000377033";"07.10.2016";9;
собаки;метис;"643090000377034";"08.10.2016";9;
собаки;метис;"643090000377035";"09.10.2016";9;
собаки;метис;"643090000377015";"10.10.2016";9;
собаки;метис;"643090000456116";"11.10.2016";9;
собаки;метис;"643090000455981";"12.10.2016";9;
собаки;метис;"643090000455982";"13.10.2016";9;
собаки;метис;"643090000455957";"14.10.2016";9;
собаки;метис;"643090000455958";"15.10.2016";9;
собаки;метис;"900115001342038";"16.10.2016";9;
собаки;метис;"900115001342017";"17.10.2016";9;
собаки;метис;"900115001342033";"18.10.2016";9;
собаки;метис;"900115001342040";"19.10.2016";9;
собаки;метис;"900115001342036";"20.10.2016";9;
собаки;метис;"900115001342018";"21.10.2016";9;
собаки;метис;"900115001342025";"22.10.2016";9;
собаки;метис;"900115001342041";"23.10.2016";9;
собаки;метис;"900115001342029";"24.10.2016";9;
собаки;метис;"900115001342015";"25.10.2016";9;
собаки;метис;"900115001342008";"26.10.2016";9;
собаки;метис;"900115001342050";"27.10.2016";9;
собаки;метис;"900115001342010";"28.10.2016";9;
собаки;метис;"900115001342012";"29.10.2016";9;
собаки;метис;"900115001342045";"30.10.2016";9;
собаки;метис;"900115001342006";"31.10.2016";9;
собаки;метис;"941000001313440";"01.11.2016";9;
собаки;метис;"941000001531895";"02.11.2016";9;
собаки;метис;"643094100548873";"03.11.2016";9;
собаки;метис;"900115001342034";"04.11.2016";9;
собаки;метис;"900115001342046";"05.11.2016";9;
собаки;метис;"900115001342027";"06.11.2016";9;
собаки;метис;"900115001342019";"07.11.2016";9;
собаки;метис;"900115001342011";"08.11.2016";9;
собаки;метис;"900115001342031";"09.11.2016";9;
собаки;метис;"643090000455973";"10.11.2016";9;
собаки;метис;"900115001342043";"11.11.2016";9;
собаки;метис;"643094100548871";"12.11.2016";9;
собаки;метис;"900115001341654";"13.11.2016";9;
собаки;метис;"900115001341666";"14.11.2016";9;
собаки;метис;"900115001341689";"15.11.2016";9;
собаки;метис;"900115001341680";"16.11.2016";9;
собаки;метис;"900115001341677";"17.11.2016";9;
собаки;метис;"900115001341688";"18.11.2016";9;
собаки;метис;"900115001341679";"19.11.2016";9;
собаки;метис;"900115001341672";"20.11.2016";9;
собаки;метис;"900115001341694";"21.11.2016";9;
собаки;метис;"900115001341850";"22.11.2016";9;
собаки;метис;"900115001341668";"23.11.2016";9;
собаки;метис;"900115001342022";"24.11.2016";9;
собаки;метис;"900115001341660";"25.11.2016";9;
собаки;метис;"900115001341698";"26.11.2016";9;
собаки;метис;"900115001341658";"27.11.2016";9;
собаки;метис;"900115001341669";"28.11.2016";9;
собаки;метис;"900115001341816";"29.11.2016";9;
собаки;метис;"900115001341841";"30.11.2016";9;
собаки;метис;"900115001341806";"01.12.2016";9;
собаки;метис;"900115001341808";"02.12.2016";9;
собаки;метис;"900115001341827";"03.12.2016";9;
собаки;метис;"643094100550986";"04.12.2016";9;
собаки;метис;"900115001341624";"05.12.2016";9;
собаки;метис;"900115001341629";"06.12.2016";9;
собаки;метис;"900115001341632";"07.12.2016";9;
собаки;метис;"900115001341631";"08.12.2016";9;
собаки;метис;"900115001341615";"09.12.2016";9;
собаки;метис;"900115001341603";"10.12.2016";9;
собаки;метис;"900115001341634";"11.12.2016";9;
собаки;метис;"900115001341650";"12.12.2016";9;
собаки;метис;"900115001341664";"13.12.2016";9;
собаки;метис;"900115001341847";"14.12.2016";9;
собаки;метис;"900115001341609";"15.12.2016";9;
собаки;метис;"900115001341638";"16.12.2016";9;
собаки;метис;"900115001341639";"17.12.2016";9;
собаки;метис;"900115001341742";"18.12.2016";9;
собаки;метис;"900115001341601";"19.12.2016";9;
собаки;метис;"900115001341854";"20.12.2016";9;
собаки;метис;"900115001341862";"21.12.2016";9;
собаки;метис;"900115001341859";"22.12.2016";9;
собаки;метис;"900115001341865";"23.12.2016";9;
собаки;метис;"900115001341853";"24.12.2016";9;
собаки;метис;"900115001341834";"25.12.2016";9;
собаки;метис;"643090000456000";"26.12.2016";9;
собаки;метис;"643090000455999";"27.12.2016";9;
собаки;метис;"643090000455996";"28.12.2016";9;
собаки;метис;"643090000455997";"29.12.2016";9;
собаки;метис;"643090000455998";"30.12.2016";9;
собаки;метис;"900115001341869";"31.12.2016";9;
собаки;метис;"900115001341721";"01.01.2017";9;
собаки;метис;"900115001341867";"02.01.2017";9;
собаки;метис;"900115001341709";"03.01.2017";9;
собаки;метис;"900115001341741";"04.01.2017";9;
собаки;метис;"900115001341713";"05.01.2017";9;
собаки;метис;"900115001341716";"06.01.2017";9;
собаки;метис;"900115001341704";"07.01.2017";9;
собаки;метис;"900115001341728";"08.01.2017";9;
собаки;метис;"900115001341745";"09.01.2017";9;
собаки;метис;"900115001341707";"10.01.2017";9;
собаки;метис;"900115001341722";"11.01.2017";9;
собаки;метис;"900115001341851";"12.01.2017";9;
собаки;метис;"900115001341861";"13.01.2017";9;
собаки;метис;"900115001341744";"14.01.2017";9;
собаки;метис;"900115001341871";"15.01.2017";9;
собаки;метис;"900115001341733";"16.01.2017";9;
собаки;метис;"941000001549304";"17.01.2017";9;
собаки;метис;"643110700002097";"18.01.2017";9;
собаки;метис;"900115001341746";"19.01.2017";9;
собаки;метис;"900115001341702";"20.01.2017";9;
собаки;метис;"900115001341718";"21.01.2017";9;
собаки;метис;"900115001341856";"22.01.2017";9;
собаки;метис;"900115001341740";"23.01.2017";9;
собаки;метис;"900115001341719";"24.01.2017";9;
собаки;метис;"643090000456106";"25.01.2017";9;
собаки;метис;"941000001545311";"26.01.2017";9;
собаки;метис;"941000001549344";"27.01.2017";9;
собаки;метис;"900115001341628";"28.01.2017";9;
собаки;метис;"900115001341870";"29.01.2017";9;
собаки;метис;"900115001341724";"30.01.2017";9;
собаки;метис;"900115001341731";"31.01.2017";9;
собаки;метис;"900115001341726";"01.02.2017";9;
собаки;метис;"900115001341717";"02.02.2017";9;
собаки;метис;"900115001341711";"03.02.2017";9;
собаки;метис;"900115001341605";"04.02.2017";9;
собаки;метис;"900115001341720";"05.02.2017";9;
собаки;метис;"900115001341715";"06.02.2017";9;
собаки;метис;"900115001341729";"07.02.2017";9;
собаки;беспородная;"643110000410681";"13.05.2009";5;
собаки;беспородная;"643110000410674";"14.05.2009";5;
собаки;беспородная;"643110000355362";"14.05.2009";5;
собаки;беспородная;"643110000355360";"14.05.2009";5;
собаки;беспородная;"643110000355365";"14.05.2009";5;
собаки;беспородная;"643110000355355";"18.05.2009";5;
собаки;беспородная;"643110000410696";"18.05.2009";5;
собаки;беспородная;"643110000410709";"18.05.2009";5;
собаки;беспородная;"643110000410710";"18.05.2009";5;
собаки;беспородная;"643110000411121";"19.05.2009";5;
собаки;беспородная;"643110000411116";"19.05.2009";5;
собаки;беспородная;"643110000411127";"21.05.2009";5;
собаки;беспородная;"643110000411119";"21.05.2009";5;
собаки;беспородная;"643110000411129";"29.05.2009";5;
собаки;беспородная;"643110000411111";"29.05.2009";5;
собаки;беспородная;"643110000411024";"29.05.2009";5;
собаки;беспородная;"643110000411022";"29.05.2009";5;
собаки;беспородная;"643110000411025";"01.06.2009";5;
собаки;беспородная;"643110000411021";"03.06.2009";5;
собаки;беспородная;"643110000411137";"03.06.2009";5;
собаки;беспородная;"643110000411545";"03.06.2009";5;
собаки;беспородная;"643110000418359";"03.06.2009";5;
собаки;беспородная;"643110000418352";"03.06.2009";5;
собаки;беспородная;"643110000418367";"04.06.2009";5;
собаки;беспородная;"643110000418356";"04.06.2009";5;
собаки;беспородная;"643110000418370";"08.06.2009";5;
собаки;беспородная;"643110000418365";"08.06.2009";5;
собаки;беспородная;"643094100070068";"08.06.2009";5;
собаки;беспородная;"643110000411225";"09.06.2009";5;
собаки;беспородная;"643110000411227";"12.06.2009";5;
собаки;беспородная;"643110000411221";"16.06.2009";5;
собаки;беспородная;"643110000411546";"16.06.2009";5;
собаки;беспородная;"643110000411537";"17.06.2009";5;
собаки;беспородная;"643110000407527";"17.06.2009";5;
собаки;беспородная;"643110000407515";"22.06.2009";5;
собаки;беспородная;"643110000411543";"22.06.2009";5;
собаки;беспородная;"643110000407567";"23.06.2009";5;
собаки;беспородная;"643110000407570";"23.06.2009";5;
собаки;беспородная;"643110000407563";"23.06.2009";5;
собаки;беспородная;"643110000411018";"23.06.2009";5;
собаки;беспородная;"643110000407512";"24.06.2009";5;
собаки;беспородная;"643110000407521";"24.06.2009";5;
собаки;беспородная;"643110000408183";"24.06.2009";5;
собаки;беспородная;"643110000407554";"24.06.2009";5;
собаки;беспородная;"643110000407523";"24.06.2009";5;
собаки;беспородная;"643110000408176";"24.06.2009";5;
собаки;беспородная;"643110000407557";"25.06.2009";5;
собаки;беспородная;"643110000422471";"29.06.2009";5;
собаки;беспородная;"643110000419004";"29.06.2009";5;
собаки;беспородная;"643110000408184";"29.06.2009";5;
собаки;беспородная;"643110000444977";"29.06.2009";5;
собаки;беспородная;"643110000356583";"01.07.2009";5;
собаки;беспородная;"643110000450328";"01.07.2009";5;
собаки;беспородная;"643110000450329";"06.07.2009";5;
собаки;беспородная;"643110000450322";"06.07.2009";5;
собаки;беспородная;"643110000450320";"06.07.2009";5;
собаки;беспородная;"643110000450311";"06.07.2009";5;
собаки;беспородная;"643110000439005";"07.07.2009";5;
собаки;беспородная;"643110000450314";"07.07.2009";5;
собаки;беспородная;"643110000469003";"09.07.2009";5;
собаки;беспородная;"643110000469004";"13.07.2009";5;
собаки;беспородная;"643110000469007";"15.07.2009";5;
собаки;беспородная;"643110000424442";"15.07.2009";5;
собаки;беспородная;"643110000424391";"22.07.2009";5;
собаки;беспородная;"643110200500470";"22.07.2009";5;
собаки;беспородная;"643110200500418";"22.07.2009";5;
собаки;беспородная;"643110200500415";"22.07.2009";5;
собаки;беспородная;"643110200500406";"23.07.2009";5;
собаки;беспородная;"643110000411143";"23.07.2009";5;
собаки;беспородная;"643110000418369";"23.07.2009";5;
собаки;беспородная;"643110200500479";"18.07.2009";5;
собаки;беспородная;"643110200500412";"24.07.2009";5;
собаки;беспородная;"643110200500414";"24.07.2009";5;
собаки;беспородная;"643110200500390";"24.07.2009";5;
собаки;беспородная;"643110200500391";"24.07.2009";5;
собаки;беспородная;"643110200500382";"27.07.2009";5;
собаки;беспородная;"643110200500380";"28.07.2009";5;
собаки;беспородная;"643110200500381";"29.07.2009";5;
собаки;беспородная;"643110200500360";"29.07.2009";5;
собаки;беспородная;"643110200500361";"29.07.2009";5;
собаки;беспородная;"643110200500362";"30.07.2009";5;
собаки;беспородная;"643110200500458";"30.07.2009";5;
собаки;беспородная;"643110200500451";"30.07.2009";5;
собаки;беспородная;"643110200500446";"30.07.2009";5;
собаки;беспородная;"643110200500455";"30.07.2009";5;
собаки;беспородная;"643110200500450";"30.072009";5;
собаки;беспородная;"643110000509189";"01.08.2009";5;
собаки;беспородная;"643110000509186";"04.08.2009";5;
собаки;беспородная;"643110000509176";"04.08.2009";5;
собаки;беспородная;"643110000509182";"05.08.2009";5;
собаки;беспородная;"643110000509181";"05.08.2009";5;
собаки;беспородная;"643110000509220";"05.08.2009";5;
собаки;беспородная;"643110000509229";"05.08.2009";5;
собаки;беспородная;"643110000509217";"05.08.2009";5;
собаки;беспородная;"643110000509214";"05.08.2009";5;
собаки;беспородная;"643110000509215";"06.08.2009";5;
собаки;беспородная;"643110000509227";"07.08.2009";5;
собаки;беспородная;"643110000509170";"10.08.2009";5;
собаки;беспородная;"643110000509152";"10.08.2009";5;
собаки;беспородная;"643110000509233";"10.08.2009";5;
собаки;беспородная;"643110000509241";"11.08.2009";5;
собаки;беспородная;"643110000509240";"22.08.2009";5;
собаки;беспородная;"643110000509248";"22.08.2009";5;
собаки;беспородная;"643110900001837";"22.08.2009";5;
собаки;беспородная;"643110000509234";"23.08.2009";5;
собаки;беспородная;"643110900001972";"26.08.2009";5;
собаки;беспородная;"643110900001932";"26.08.2009";5;
собаки;беспородная;"643110900001870";"26.08.2009";5;
собаки;беспородная;"643110900001909";"26.08.2009";5;
собаки;беспородная;"643110900001902";"27.08.2009";5;
собаки;беспородная;"643110900001905";"28.08.2009";5;
собаки;беспородная;"643110900001794";"28.08.2009";5;
собаки;беспородная;"643110900001756";"30.08.2009";5;
собаки;беспородная;"643110900001908";"30.08.2009";5;
собаки;беспородная;"643110900001808";"31.08.2009";5;
собаки;беспородная;"643110900001806";"31.08.2009";5;
собаки;беспородная;"643110900001801";"31.08.2009";5;
собаки;беспородная;"643110900001804";"01.09.2009";5;
собаки;беспородная;"643110900001753";"01.09.2009";5;
собаки;беспородная;"643110900001755";"01.09.2009";5;
собаки;беспородная;"643110900001809";"02.09.2009";5;
собаки;беспородная;"643110900001706";"02.09.2009";5;
собаки;беспородная;"643110900001708";"09.09.2009";5;
собаки;беспородная;"643110900001719";"09.09.2009";5;
собаки;беспородная;"643110900001720";"10.09.2009";5;
собаки;беспородная;"643110900001715";"16.09.2009";5;
собаки;беспородная;"643110900001713";"16.09.2009";5;
собаки;беспородная;"643110900001785";"16.09.2009";5;
собаки;беспородная;"643110900001786";"17.09.2009";5;
собаки;беспородная;"643110900001917";"17.09.2009";5;
собаки;беспородная;"643110900001916";"17.09.2009";5;
собаки;беспородная;"643110900001819";"21.09.2009";5;
собаки;беспородная;"972270000171206";"21.09.2009";5;
собаки;беспородная;"643110900001921";"21.09.2009";5;
собаки;беспородная;"643110900001923";"21.09.2009";5;
собаки;беспородная;"643110000373513";"23.09.2009";5;
собаки;беспородная;"643110000373529";"23.09.2009";5;
собаки;беспородная;"643110000373522";"24.09.2009";5;
собаки;беспородная;"643110000373514";"24.09.2009";5;
собаки;беспородная;"643110000373515";"24.09.2009";5;
собаки;беспородная;"643110000373516";"24.09.2009";5;
собаки;беспородная;"643110000373519";"24.09.2009";5;
собаки;беспородная;"643110000373526";"24.09.2009";5;
собаки;беспородная;"643110000373517";"24.09.2009";5;
собаки;беспородная;"643110000373520";"24.09.2009";5;
собаки;беспородная;"643110000373523";"25.09.2009";5;
собаки;беспородная;"643110000373528";"25.09.2009";5;
собаки;беспородная;"643110000374758";"25.09.2009";5;
собаки;беспородная;"643110000374882";"25.09.2009";5;
собаки;беспородная;"643110000374762";"25.09.2009";5;
собаки;беспородная;"643110000374885";"27.09.2009";5;
собаки;беспородная;"643110000374881";"28.09.2009";5;
собаки;беспородная;"643110000374886";"28.09.2009";5;
собаки;беспородная;"643110000374884";"29.09.2009";5;
собаки;беспородная;"643110000374878";"29.09.2009";5;
собаки;беспородная;"643110000374879";"29.09.2009";5;
собаки;беспородная;"643110000374874";"29.09.2009";5;
собаки;беспородная;"643110000374883";"29.09.2009";5;
собаки;беспородная;"643110000373920";"29.09.2009";5;
собаки;беспородная;"643110000373911";"29.09.2009";5;
собаки;беспородная;"643110000373923";"30.09.2009";5;
собаки;беспородная;"643110000373915";"01.10.2009";5;
собаки;беспородная;"643110000373914";"01.10.2009";5;
собаки;беспородная;"643110000373916";"01.10.2009";5;
собаки;беспородная;"643110000373930";"01.10.2009";5;
собаки;беспородная;"643110300001876";"06.10.2009";5;
собаки;беспородная;"643110300001864";"06.10.2009";5;
собаки;беспородная;"643110000374873";"06.10.2009";5;
собаки;беспородная;"643110300001228";"09.10.2009";5;
собаки;беспородная;"643110300001224";"12.10.2009";5;
собаки;беспородная;"643110300001236";"13.10.2009";5;
собаки;беспородная;"643110300001235";"13.10.2009";5;
собаки;беспородная;"643110300001878";"13.10.2009";5;
собаки;беспородная;"643110300001237";"13.10.2009";5;
собаки;беспородная;"643110300001303";"16.10.2009";5;
собаки;беспородная;"643110300001306";"16.10.2009";5;
собаки;беспородная;"643110300001313";"16.10.2009";5;
собаки;беспородная;"643110300001629";"16.10.2009";5;
собаки;беспородная;"643110300001622";"19.10.2009";5;
собаки;беспородная;"643110300001623";"20.10.2009";5;
собаки;беспородная;"643110300001628";"21.10.2009";5;
собаки;беспородная;"643110300001632";"22.10.2009";5;
собаки;беспородная;"643110300001311";"23.10.2009";5;
собаки;беспородная;"643110300001309";"26.10.2009";5;
собаки;беспородная;"643110300001638";"26.10.2009";5;
собаки;беспородная;"643110300001318";"26.10.2009";5;
собаки;беспородная;"643110300001319";"26.10.2009";5;
собаки;беспородная;"643090000009917";"27.10.2009";5;
собаки;беспородная;"643110200500444";"28.10.2009";5;
собаки;беспородная;"643110900023254";"28.10.2009";5;
собаки;беспородная;"643090000009908";"29.10.2009";5;
собаки;беспородная;"643090000009910";"29.10.2009";5;
собаки;беспородная;"643090000009911";"02.11.2009";5;
собаки;беспородная;"643090000009902";"03.11.2009";5;
собаки;беспородная;"643090000009904";"03.11.2009";5;
собаки;беспородная;"643090000009903";"06.11.2009";5;
собаки;беспородная;"643110300001637";"09.11.2009";5;
собаки;беспородная;"643090000009937";"16.11.2009";5;
собаки;беспородная;"643090000009935";"16.11.2009";5;
собаки;беспородная;"643090000009960";"17.11.2009";5;
собаки;беспородная;"643090000009959";"17.11.2009";5;
собаки;беспородная;"643090000009957";"17.11.2009";5;
собаки;беспородная;"643090000009924";"17.11.2009";5;
собаки;беспородная;"643090000009923";"17.11.2009";5;
собаки;беспородная;"643090000009928";"18.11.2009";5;
собаки;беспородная;"643090000009926";"20.11.2009";5;
собаки;беспородная;"643090000009932";"23.11.2009";5;
собаки;беспородная;"643090000009950";"24.11.2009";5;
собаки;беспородная;"643090000009941";"24.11.2009";5;
собаки;беспородная;"643090000009949";"24.11.2009";5;
собаки;беспородная;"643090000009944";"25.11.2009";5;
собаки;беспородная;"643090000009947";"25.11.2009";5;
собаки;беспородная;"643090000009948";"25.11.2009";5;
собаки;беспородная;"643090000009951";"26.11.2009";5;
собаки;беспородная;"643090000009955";"27.11.2009";5;
собаки;беспородная;"643090000009901";"02.12.2009";5;
собаки;беспородная;"643110900023251";"02.12.2009";5;
собаки;беспородная;"643110900013510";"03.12.2009";5;
собаки;беспородная;"643110900013512";"03.12.2009";5;
собаки;беспородная;"643110900013505";"03.12.2009";5;
собаки;беспородная;"643110900013574";"08.12.2009";5;
собаки;беспородная;"643110900013577";"08.12.2009";5;
собаки;беспородная;"643110900023022";"08.12.2009";5;
собаки;беспородная;"643110900023339";"08.12.2009";5;
собаки;беспородная;"643110900023336";"08.12.2009";5;
собаки;беспородная;"643110900013581";"08.12.2009";5;
собаки;беспородная;"643090000058298";"08.12.2009";5;
собаки;беспородная;"643090000058288";"08.12.2009";5;
собаки;беспородная;"643090000058292";"09.12.2009";5;
собаки;беспородная;"643110900023033";"09.12.2009";5;
собаки;беспородная;"643110900013514";"10.12.2009";5;
собаки;беспородная;"643110900044859";"10.12.2009";5;
собаки;беспородная;"643110900044857";"10.12.2009";5;
собаки;беспородная;"643110900044858";"10.12.2009";5;
собаки;беспородная;"643110900044855";"10.12.2009";5;
собаки;беспородная;"643110900044856";"10.12.2009";5;
собаки;беспородная;"643110900044854";"10.12.2009";5;
собаки;беспородная;"643110900044853";"11.12.2009";5;
собаки;беспородная;"643110900044920";"11.12.2009";5;
собаки;беспородная;"643110900023329";"11.12.2009";5;
собаки;беспородная;"643110900044911";"14.12.2009";5;
собаки;беспородная;"643110900044880";"14.12.2009";5;
собаки;беспородная;"643110900044879";"15.12.2009";5;
собаки;беспородная;"643110900044877";"18.12.2009";5;
собаки;беспородная;"643110900044901";"18.12.2009";5;
собаки;беспородная;"643110900013591";"18.12.2009";5;
собаки;беспородная;"643090000058169";"18.12.2009";5;
собаки;беспородная;"643110900013586";"22.12.2009";5;
собаки;беспородная;"643110900044914";"22.12.2009";5;
собаки;беспородная;"643110900044845";"22.12.2009";5;
собаки;беспородная;"643110900044852";;5;
собаки;беспородная;"643110900044851";"12.01.2010";5;
собаки;беспородная;"643110900044848";"13.01.2010";5;
собаки;беспородная;"643110900044847";"13.01.2010";5;
собаки;беспородная;"643110900044944";"14.01.2010";5;
собаки;беспородная;"643110900044946";"14.01.2010";5;
собаки;беспородная;"643110900044943";"16.01.2010";5;
собаки;беспородная;"643110900044942";"21.01.2010";5;
собаки;беспородная;"643110900044941";"28.01.2010";5;
собаки;беспородная;"643110900044952";"28.01.2010";5;
собаки;беспородная;"643110900044875";"28.01.2010";5;
собаки;беспородная;"643090000058186";"28.01.2010";5;
собаки;беспородная;"643110900044827";"29.01.2010";5;
собаки;беспородная;"643090000058185";"29.01.2010";5;
собаки;беспородная;"643090000058183";"01.02.2010";5;
собаки;беспородная;"643110900050645";"01.02.2010";5;
собаки;беспородная;"643110900050624";"01.02.2010";5;
собаки;беспородная;"643110900050622";"01.02.2010";5;
собаки;беспородная;"643110900050608";"03.02.2010";5;
собаки;беспородная;"643090000061059";"08.02.2010";5;
собаки;беспородная;"643090000099764";"08.02.2010";5;
собаки;беспородная;"643090000099774";"08.02.2010";5;
собаки;беспородная;"643090000099610";"08.02.2010";5;
собаки;беспородная;"643090000099611";"08.02.2010";5;
собаки;беспородная;"643090000061048";"08.02.2010";5;
собаки;беспородная;"643090000061051";"09.02.2010";5;
собаки;беспородная;"643090000061310";"17.02.2010";5;
собаки;беспородная;"643090000061047";"03.03.2010";5;
собаки;беспородная;"643090000061046";"04.03.2010";5;
собаки;беспородная;"643090000061302";"04.03.2010";5;
собаки;беспородная;"643090000061311";"04.03.2010";5;
собаки;беспородная;"643090000061305";"07.04.2009";5;
собаки;беспородная;"643090000061320";"12.04.2010";5;
собаки;беспородная;"643090000061313";"12.04.2010";5;
собаки;беспородная;"643090000061312";"12.04.2010";5;
собаки;беспородная;"643090000061055";"13.04.2010";5;
собаки;беспородная;"643110000521424";"13.04.2010";5;
собаки;беспородная;"643110000521434";"13.04.2010";5;
собаки;беспородная;"643110000521436";"21.04.2010";5;
собаки;беспородная;"643110000521432";"21.04.2010";5;
собаки;беспородная;"643110000521446";"22.04.2010";5;
собаки;беспородная;"643110000521420";"22.04.2010";5;
собаки;беспородная;"643110000521413";"22.04.2010";5;
собаки;беспородная;"643110000521415";"04.05.2010";5;
собаки;беспородная;"643110000521395";"04.05.2010";5;
собаки;беспородная;"643110000521430";"05.05.2010";5;
собаки;беспородная;"643110000521447";"06.05.2010";5;
собаки;беспородная;"643110000521393";"07.05.2010";5;
собаки;беспородная;"643110000521450";"13.05.2010";5;
собаки;беспородная;"643110000521400";"13.05.2010";5;
собаки;беспородная;"643110000521391";"13.05.2010";5;
собаки;беспородная;"643090000061054";"14.05.2010";5;
собаки;беспородная;"643090000059913";"14.05.2010";5;
собаки;беспородная;"643090000098832";"14.05.2010";5;
собаки;беспородная;"643090000098833";"14.05.2010";5;
собаки;беспородная;"643090000098831";"17.05.2010";5;
собаки;беспородная;"643090000061009";"19.05.2010";5;
собаки;беспородная;"643090000099586";"19.05.2010";5;
собаки;беспородная;"643090000099585";"19.05.2010";5;
собаки;беспородная;"643090000099584";"19.05.2010";5;
собаки;беспородная;"643090000098837";"19.05.2010";5;
собаки;беспородная;"643090000098829";"19.05.2010";5;
собаки;беспородная;"643090000099019";"20.05.2010";5;
собаки;беспородная;"643090000099001";"20.05.2010";5;
собаки;беспородная;"643090000099009";"20.05.2010";5;
собаки;беспородная;"643090000099017";"21.05.2010";5;
собаки;беспородная;"643090000099002";"21.05.2010";5;
собаки;беспородная;"643090000099496";"25.05.2010";5;
собаки;беспородная;"643090000099484";"26.05.20Т0";5;
собаки;беспородная;"643090000099012";"14.05.2010";5;
собаки;беспородная;"643090000098834";"27.05.2010";5;
собаки;беспородная;"643090000099499";"27.05.2010";5;
собаки;беспородная;"643090000124117";"27.05.2010";5;
собаки;беспородная;"643090000124116";"28.05.2010";5;
собаки;беспородная;"643090000124120";"28.05.2010";5;
собаки;беспородная;"643090000124108";"02.06.2010";5;
собаки;беспородная;"643090000124099";"02.06.2010";5;
собаки;беспородная;"643090000124119";"02.06.2010";5;
собаки;беспородная;"643090000124100";"02.06.2010";5;
собаки;беспородная;"643090000124097";"02.06.2010";5;
собаки;беспородная;"643090000124096";"10.06.2010";5;
собаки;беспородная;"643090000124122";"10.06.2010";5;
собаки;беспородная;"643090000124084";"10.06.2010";5;
собаки;беспородная;"643090000124083";"10.06.2010";5;
собаки;беспородная;"643090000124134";"10.06.2010";5;
собаки;беспородная;"643090000124123";"10.06.2010";5;
собаки;беспородная;"643090000124135";"10.06.2010";5;
собаки;беспородная;"643090000124133";"10.06.2010";5;
собаки;беспородная;"643090000124140";"11.06.2010";5;
собаки;беспородная;"643090000124129";"11.06.2010";5;
собаки;беспородная;"643090000124137";"11.06.2010";5;
собаки;беспородная;"643090000124139";"12.06.2010";5;
собаки;беспородная;"643090000124127";"12.06.2010";5;
собаки;беспородная;"643090000124030";"12.06.2010";5;
собаки;беспородная;"643090000124132";"12.06.2010";5;
собаки;беспородная;"643090000124121";"12.06.2010";5;
собаки;беспородная;"643090000124035";"12.06.2010";5;
собаки;беспородная;"643090000124034";"12.06.2010";5;
собаки;беспородная;"643110900068888";"17.06.2010";5;
собаки;беспородная;"643110900068867";"17.06.2010";5;
собаки;беспородная;"643110900068885";"17.06.2010";5;
собаки;беспородная;"643110900068871";"18.06.2010";5;
собаки;беспородная;"643090000124021";"23.06.2010";5;
собаки;беспородная;"643110900068860";"23.06.2010";5;
собаки;беспородная;"643110900068857";"23.06.2010";5;
собаки;беспородная;"643110900068853";"23.06.2010";5;
собаки;беспородная;"643110900068855";"28.06.2010";5;
собаки;беспородная;"643090000099013";"29.06.2010";5;
собаки;беспородная;"643110900068801";"29.06.2010";5;
собаки;беспородная;"643110900068816";"29.06.2010";5;
собаки;беспородная;"643110900068814";"08.07.2010";5;
собаки;беспородная;"643110900068819";"08.07.2010";5;
собаки;беспородная;"643090000099487";"08.07.2010";5;
собаки;беспородная;"643110900068863";"08.07.2010";5;
собаки;беспородная;"643110900068850";"08.07.2010";5;
собаки;беспородная;"643110900068864";"13.07.2010";5;
собаки;беспородная;"643110900072397";"17.07.2010";5;
собаки;беспородная;"643110900072396";"20.07.2010";5;
собаки;беспородная;"643110900072398";"23.07.2010";5;
собаки;беспородная;"643110900072395";"28.07.2010";5;
собаки;беспородная;"643110900072394";"29.07.2010";5;
собаки;беспородная;"643110900068826";"29.07.2010";5;
собаки;беспородная;"643110900068827";"29.07.2010";5;
собаки;беспородная;"643110900072306";"29.07.2010";5;
собаки;беспородная;"643110700043509";"30.07.2010";5;
собаки;беспородная;"643110900072311";"30.07.2010";5;
собаки;беспородная;"643110900068824";"30.07.2010";5;
собаки;беспородная;"643110900068823";"30.07.2010";5;
собаки;беспородная;"643110900068822";"02.08.2010";5;
собаки;беспородная;"643110900068832";"02.08.2010";5;
собаки;беспородная;"643110900068802";"03.08.2010";5;
собаки;беспородная;"643090000099014";"03.08.2010";5;
собаки;беспородная;"643110900068825";"03.08.2010";5;
собаки;беспородная;"643110900068840";"03.08.2010";5;
собаки;беспородная;"643110900068839";"03.08.2010";5;
собаки;беспородная;"643110900068842";"04.08.2010";5;
собаки;беспородная;"643110900068841";"04.08.2010";5;
собаки;беспородная;"643110900068831";"04.08.2010";5;
собаки;беспородная;"643110900068838";"04.08.2010";5;
собаки;беспородная;"643110900068834";"04.08.2010";5;
собаки;беспородная;"643110900068833";"05.08.2010";5;
собаки;беспородная;"643110900068828";"09.08.2010";5;
собаки;беспородная;"643110900068829";"11.08.2010";5;
собаки;беспородная;"643090000099497";"12.08.2010";5;
собаки;беспородная;"643090000099498";"13.08.2010";5;
собаки;беспородная;"643090000099491";"16.08.2010";5;
собаки;беспородная;"643110900072382";"16.08.2010";5;
собаки;беспородная;"643110900072373";"16.08.2010";5;
собаки;беспородная;"643110900072355";"17.08.2010";5;
собаки;беспородная;"643110900072350";"17.08.2010";5;
собаки;беспородная;"643090000099490";"17.08.2010";5;
собаки;беспородная;"643110900072384";"17.08.2010";5;
собаки;беспородная;"643110900072388";"17.08.2010";5;
собаки;беспородная;"643110900072364";"17.08.2010";5;
собаки;беспородная;"643110900072365";"17.08.2010";5;
собаки;беспородная;"643110900072360";"19.08.2010";5;
собаки;беспородная;"643110900072349";"23.08.2010";5;
собаки;беспородная;"643110900072348";"23.08.2010";5;
собаки;беспородная;"643110900072347";"24.08.2010";5;
собаки;беспородная;"643110900072358";"24.08.2010";5;
собаки;беспородная;"643110900072359";"25.08.2010";5;
собаки;беспородная;"643110900072357";"25.08.2010";5;
собаки;беспородная;"643110900072356";"25.08.2010";5;
собаки;беспородная;"643110900072337";"26.08.2010";5;
собаки;беспородная;"643110900072345";"30.08.2010";5;
собаки;беспородная;"643110900072344";"30.08.2010";5;
собаки;беспородная;"643110900072341";"30.08.2010";5;
собаки;беспородная;"643110900072320";"30.08.2010";5;
собаки;беспородная;"643110900072399";"07.09.2010";5;
собаки;беспородная;"643110900072312";"15.09.2010";5;
собаки;беспородная;"643110900072245";"15.09.2010";5;
собаки;беспородная;"643110900072302";"16.09.2010";5;
собаки;беспородная;"643110900072319";"16.09.2010";5;
собаки;беспородная;"643110900072318";"16.09.2010";5;
собаки;беспородная;"643110900072317";"16.09.2010";5;
собаки;беспородная;"643110900072304";"16.09.2010";5;
собаки;беспородная;"643110900072305";"16.09.2010";5;
собаки;беспородная;"643110900072251";"21.09.2010";5;
собаки;беспородная;"643090000099500";"21.09.2010";5;
собаки;беспородная;"643110900072297";"21.09.2010";5;
собаки;беспородная;"643110900072259";"21.09.2010";5;
собаки;беспородная;"643110900072257";"21.09.2010";5;
собаки;беспородная;"643110900072238";"21.09.2010";5;
собаки;беспородная;"643110900072237";"23.09.2010";5;
собаки;беспородная;"643110900072231";"23.09.2010";5;
собаки;беспородная;"643110900072233";"24.09.2010";5;
собаки;беспородная;"643110900072239";"24.09.2010";5;
собаки;беспородная;"643110900072230";"29.09.2010";5;
собаки;беспородная;"643110900072216";"29.09.2010";5;
собаки;беспородная;"643110900072225";"29.09.2010";5;
собаки;беспородная;"643110900072211";"04.10.2010";5;
собаки;беспородная;"643110900072212";"04.10.2010";5;
собаки;беспородная;"643110900072215";"04.10.2010";5;
собаки;беспородная;"643110900072213";"04.10.2010";5;
собаки;беспородная;"643110900067856";"04.10.2010";5;
собаки;беспородная;"643110900067891";"06.10.2010";5;
собаки;беспородная;"643110900067895";"06.10.2010";5;
собаки;беспородная;"643110900067894";"06.10.2010";5;
собаки;беспородная;"643110900067871";"06.10.2010";5;
собаки;беспородная;"643090000126813";"06.10.2010";5;
собаки;беспородная;"643090000126807";"06.10.2010";5;
собаки;беспородная;"643090000126812";"12.10.2010";5;
собаки;беспородная;"643090000126817";"20.10.2010";5;
собаки;беспородная;"643090000126179";"22.10.2010";5;
собаки;беспородная;"643090000126169";"22.10.2010";5;
собаки;беспородная;"643090000126163";"25.10.2010";5;
собаки;беспородная;"643090000126175";"25.10.2010";5;
собаки;беспородная;"643090000130077";"25.10.2010";5;
собаки;беспородная;"643090000126804";"25.10.2010";5;
собаки;беспородная;"643090000126166";"28.10.2010";5;
собаки;беспородная;"643090000126167";"28.10.2010";5;
собаки;беспородная;"643090000126177";"28.10.2010";5;
собаки;беспородная;"643090000126168";"28.10.2010";5;
собаки;беспородная;"643090000126173";"28.10.2010";5;
собаки;беспородная;"643090000130072";"28.10.2010";5;
собаки;беспородная;"643090000130074";"29.10.2010";5;
собаки;беспородная;"643110700023213";"29.10.2010";5;
собаки;беспородная;"643110700022913";"09.11.2010";5;
собаки;беспородная;"643110700023179";"09.11.2010";5;
собаки;беспородная;"643110700022677";"09.11.2010";5;
собаки;беспородная;"643110700023064";"11.11.2010";5;
собаки;беспородная;"643110700022531";"11.11.2010";5;
собаки;беспородная;"643110700023072";"16.11.2010";5;
собаки;беспородная;"643110700002972";"16.11.2010";5;
собаки;беспородная;"643110700022792";"16.11.2010";5;
собаки;беспородная;"643110700022984";"16.11.2010";5;
собаки;беспородная;"643110700022923";"16.11.2010";5;
собаки;беспородная;"643110700023205";"16.11.2010";5;
собаки;беспородная;"643110700023086";"18.11.2010";5;
собаки;беспородная;"643110700023183";"18.11.2010";5;
собаки;беспородная;"643110700023300";"18.11.2010";5;
собаки;беспородная;"643110700023061";"18.11.2010";5;
собаки;беспородная;"643110700023174";"22.11.2010";5;
собаки;беспородная;"643110700023057";"22.11.2010";5;
собаки;беспородная;"643110700022505";"25.11.2010";5;
собаки;беспородная;"643110700004858";"25.11.2010";5;
собаки;беспородная;"643110700033803";"25.11.2010";5;
собаки;беспородная;"643090000129281";"25.11.2010";5;
собаки;беспородная;"643090000056315";"02.12.2010";5;
собаки;беспородная;"643090000056361";"02.12.2010";5;
собаки;беспородная;"643110700014354";"02.12.2010";5;
собаки;беспородная;"643090000129973";"10.12.2010";5;
собаки;беспородная;"643090000055475";"14.12.2010";5;
собаки;беспородная;"643090000056312";"14.12.2010";5;
собаки;беспородная;"643110700003743";"14.12.2010";5;
собаки;беспородная;"643090000129284";"14.12.2010";5;
собаки;беспородная;"900164000426046";"14.12.2010";5;
собаки;беспородная;"643090000127238";"15.12.2010";5;
собаки;беспородная;"643090000056386";"15.12.2010";5;
собаки;беспородная;"643090000127224";"15.12.2010";5;
собаки;беспородная;"643110700033868";"16.12.2010";5;
собаки;беспородная;"643110700033885";"16.12.2010";5;
собаки;беспородная;"643110700033859";"17.12.2010";5;
собаки;беспородная;"643110700003835";;5;
собаки;беспородная;"643110000521687";"29.01.2011";5;
собаки;беспородная;"643110700033855";"21.02.2011";5;
собаки;беспородная;"643110000521329";"01.03.2011";5;
собаки;беспородная;"643110700033853";"17.03.2011";5;
собаки;беспородная;"643110700033891";"17.03.2011";5;
собаки;беспородная;"643110700014314";"17.03.2011";5;
собаки;беспородная;"643110700033867";"17.03.2011";5;
собаки;беспородная;"643110000521318";"18.03.2011";5;
собаки;беспородная;"643110700033856";"18.03.2011";5;
собаки;беспородная;"643110700022736";"18.03.2011";5;
собаки;беспородная;"643110700023079";"18.03.2011";5;
собаки;беспородная;"643110700022514";"22.03.2011";5;
собаки;беспородная;"643110700022540";"24.03.2011";5;
собаки;беспородная;"643110700033822";"28.03.2011";5;
собаки;беспородная;"643110700033860";"28.03.2011";5;
собаки;беспородная;"643110700033900";"28.03.2011";5;
собаки;беспородная;"941000002506750";"30.03.2011";5;
собаки;беспородная;"643110700033880";"31.03.2011";5;
собаки;беспородная;"643110700033879";"04.04.2011";5;
собаки;беспородная;"643110700033814";"07.04.2011";5;
собаки;беспородная;"643110700023294";"19.04.2011";5;
собаки;беспородная;"643110700023191";"19.04.2011";5;
собаки;беспородная;"643110700033836";"19.04.2011";5;
собаки;беспородная;"643110700033816";"19.04.2011";5;
собаки;беспородная;"643110700033824";"19.04.2011";5;
собаки;беспородная;"643110700033892";"21.04.2011";5;
собаки;беспородная;"643110700033847";"27.04.2011";5;
собаки;беспородная;"643110700033874";"27.04.2011";5;
собаки;беспородная;"643110700022672";"27.04.2011";5;
собаки;беспородная;"643110700023217";"29.04.2011";5;
собаки;беспородная;"643110700022932";"29.04.2011";5;
собаки;беспородная;"643110700033872";"20.05.2011";5;
собаки;беспородная;"643110700033825";"23.06.2011";5;
собаки;беспородная;"643110700033801";"23.06.2011";5;
собаки;беспородная;"643110700033811";"23.06.2011";5;
собаки;беспородная;"643110700033826";"23.06.2011";5;
собаки;беспородная;"643110700033861";"23.06.2011";5;
собаки;беспородная;"643090000128447";"23.06.2011";5;
собаки;беспородная;"643090000128448";"24.06.2011";5;
собаки;беспородная;"643110700033865";"24.06.2011";5;
собаки;беспородная;"643110700033875";"24.06.2011";5;
собаки;беспородная;"643110700033876";"24.06.2011";5;
собаки;беспородная;"643110700033873";"24.06.2011";5;
собаки;беспородная;"643110700033829";"24.06.2011";5;
собаки;беспородная;"643110700033815";"27.06.2011";5;
собаки;беспородная;"643110700033898";"27.06.2011";5;
собаки;беспородная;"643110700033884";"29.06.2011";5;
собаки;беспородная;"643110700033893";"29.06.2011";5;
собаки;беспородная;"643110700033886";"29.06.2011";5;
собаки;беспородная;"643110700023181";"29.06.2011";5;
собаки;беспородная;"643110700033840";"29.06.2011";5;
собаки;беспородная;"643110700028066";"19.07.2011";5;
собаки;беспородная;"643110700028011";"19.07.2011";5;
собаки;беспородная;"643110700023085";"21.07.2011";5;
собаки;беспородная;"643110700023223";"21.07.2011";5;
собаки;беспородная;"643110700022696";"21.07.2011";5;
собаки;беспородная;"643110700043540";"21.07.2011";5;
собаки;беспородная;"643110700043535";"21.07.2011";5;
собаки;беспородная;"643110700043510";"25.07.2011";5;
собаки;беспородная;"643110700043506";"25.07.2011";5;
собаки;беспородная;"643110700043585";"25.07.2011";5;
собаки;беспородная;"643110700022506";"25.07.2011";5;
собаки;беспородная;"643110700023070";"25.07.2011";5;
собаки;беспородная;"900164000424976";"25.07.2011";5;
собаки;беспородная;"972270000168861";"25.07.2011";5;
собаки;беспородная;"972270000162751";"28.07.2011";5;
собаки;беспородная;"643110700028083";"28.07.2011";5;
собаки;беспородная;"643110700043576";"28.07.2011";5;
собаки;беспородная;"643110700043545";"28.07.2011";5;
собаки;беспородная;"643110700043512";"28.07.2011";5;
собаки;беспородная;"643110700043513";"28.07.2011";5;
собаки;беспородная;"643110700043519";"10.08.2011";5;
собаки;беспородная;"643110700043600";"10.08.2011";5;
собаки;беспородная;"643110700043542";"10.08.2011";5;
собаки;беспородная;"643110700043554";"11.08.2011";5;
собаки;беспородная;"643110700043590";"05.09.2011";5;
собаки;беспородная;"643110700043563";"05.09.2011";5;
собаки;беспородная;"643110700043558";"05.09.2011";5;
собаки;беспородная;"643110700043552";"06.09.2011";5;
собаки;беспородная;"643110700043579";"06.09.2011";5;
собаки;беспородная;"643110700043544";"06.09.2011";5;
собаки;беспородная;"643110700043518";"06.09.2011";5;
собаки;беспородная;"643110700043580";"06.09.2011";5;
собаки;беспородная;"643110700043553";"07.09.2011";5;
собаки;беспородная;"643110700043559";"07.09.2011";5;
собаки;беспородная;"643110700043555";"07.09.2011";5;
собаки;беспородная;"643110700043536";"14.09.2011";5;
собаки;беспородная;"643110700043573";"14.09.2011";5;
собаки;беспородная;"643110700043594";"15.09.2011";5;
собаки;беспородная;"643110700043556";"15.09.2011";5;
собаки;беспородная;"643110700043593";"19.09.2011";5;
собаки;беспородная;"643110700039846";"19.09.2011";5;
собаки;беспородная;"643110700039778";"19.09.2011";5;
собаки;беспородная;"643110700039963";"21.09.2011";5;
собаки;беспородная;"643110700039906";"22.09.2011";5;
собаки;беспородная;"643110700039948";"22.09.2011";5;
собаки;беспородная;"643110700039817";"22.09.2011";5;
собаки;беспородная;"643110700039813";"22.09.2011";5;
собаки;беспородная;"643110700039761";"23.09.2011";5;
собаки;беспородная;"643110700039902";"27.09.2011";5;
собаки;беспородная;"643110700039941";"27.09.2011";5;
собаки;беспородная;"643110700039821";"27.09.2011";5;
собаки;беспородная;"643110700039892";"28.09.2011";5;
собаки;беспородная;"643110700039776";"28.09.2011";5;
собаки;беспородная;"643110700039725";"28.09.2011";5;
собаки;беспородная;"643110700039891";"04.10.2011";5;
собаки;беспородная;"643110700039842";"05.10.2011";5;
собаки;беспородная;"643110700039760";"11.10.2011";5;
собаки;беспородная;"643110700039889";"11.10.2011";5;
собаки;беспородная;"643110700039931";"11.10.2011";5;
собаки;беспородная;"643110700039893";"24.10.2011";5;
собаки;беспородная;"643110700039802";"24.10.2011";5;
собаки;беспородная;"643110700065039";"25.10.2011";5;
собаки;беспородная;"643110700039943";"26.10.2011";5;
собаки;беспородная;"643110700039961";"26.10.2011";5;
собаки;беспородная;"643110700064527";"27.10.2011";5;
собаки;беспородная;"643110700065088";"28.10.2011";5;
собаки;беспородная;"643110700064501";"28.10.2011";5;
собаки;беспородная;"643110700065042";"28.10.2011";5;
собаки;беспородная;"643110700065049";"28.10.2011";5;
собаки;беспородная;"643110700065031";"03.11.2011";5;
собаки;беспородная;"643110700065041";"03.11.2011";5;
собаки;беспородная;"643110700039898";"03.11.2011";5;
собаки;беспородная;"643110700039969";"15.11.2011";5;
собаки;беспородная;"643110700065058";"15.11.2011";5;
собаки;беспородная;"643110700065014";"15.11.2011";5;
собаки;беспородная;"643110700065086";"17.11.2011";5;
собаки;беспородная;"643110700065090";"17.11.2011";5;
собаки;беспородная;"643110700064525";"22.11.2011";5;
собаки;беспородная;"643110700065079";"22.11.2011";5;
собаки;беспородная;"643110700065087";"23.11.2011";5;
собаки;беспородная;"643110800004516";"23.11.2011";5;
собаки;беспородная;"643110800004548";"23.11.2011";5;
собаки;беспородная;"643110700064509";"23.11.2011";5;
собаки;беспородная;"643110800004534";"23.11.2011";5;
собаки;беспородная;"643110700065083";"23.11.2011";5;
собаки;беспородная;"643110800000132";"24.11.2011";5;
собаки;беспородная;"643110800000133";"24.11.2011";5;
собаки;беспородная;"643110800000131";"29.11.2011";5;
собаки;беспородная;"643110800000119";"29.11.2011";5;
собаки;беспородная;"643110800000140";"29.11.2011";5;
собаки;беспородная;"643110800000136";"06.12.2011";5;
собаки;беспородная;"643110800004835";"07.12.2011";5;
собаки;беспородная;"643110800004834";"07.12.2011";5;
собаки;беспородная;"643110800004832";"07.12.2011";5;
собаки;беспородная;"643110800004833";"08.12.2011";5;
собаки;беспородная;"643110800004512";"22.12.2011";5;
собаки;беспородная;"643110800004517";;5;
собаки;беспородная;"643110700064507";"18.04.2012";5;
собаки;беспородная;"643110800000143";"23.04.2012";5;
собаки;беспородная;"643110800000145";"23.04.2012";5;
собаки;беспородная;"643110800000144";"24.04.2012";5;
собаки;беспородная;"643110800000192";"26.04.2012";5;
собаки;беспородная;"643110800000191";"26.04.2012";5;
собаки;беспородная;"643110800000178";"26.04.2012";5;
собаки;беспородная;"643110800004815";"26.04.2012";5;
собаки;беспородная;"643110800004813";"27.04.2012";5;
собаки;беспородная;"643110800004812";"27.04.2012";5;
собаки;беспородная;"900164000423052";"27.04.2012";5;
собаки;беспородная;"643110800000459";"27.04.2012";5;
собаки;беспородная;"643110800004504";"27.04.2012";5;
собаки;беспородная;"643110800004509";"28.04.2012";5;
собаки;беспородная;"643110800000452";"28.04.2012";5;
собаки;беспородная;"643110800000467";"16.05.2012";5;
собаки;беспородная;"643110800004530";"16.05.2012";5;
собаки;беспородная;"643110800000432";"16.05.2012";5;
собаки;беспородная;"643110800000427";"17.05.2012";5;
собаки;беспородная;"643110800000436";"17.05.2012";5;
собаки;беспородная;"643110800000442";"17.05.2012";5;
собаки;беспородная;"643110800000438";"24.05.2012";5;
собаки;беспородная;"643110800000460";"25.05.2012";5;
собаки;беспородная;"643110800000440";"14.06.2012";5;
собаки;беспородная;"643110800015356";"14.06.2012";5;
собаки;беспородная;"643110800000411";"19.06.2012";5;
собаки;беспородная;"643110800015369";"19.06.2012";5;
собаки;беспородная;"643110800015368";"19.06.2012";5;
собаки;беспородная;"643110800015357";"21.06.2012";5;
собаки;беспородная;"643110800015365";"25.06.2012";5;
собаки;беспородная;"643110800015363";"25.06.2012";5;
собаки;беспородная;"643110800015367";"25.06.2012";5;
собаки;беспородная;"643110800015366";"28.06.2012";5;
собаки;беспородная;"643110800015353";"28.06.2012";5;
собаки;беспородная;"643110800015352";"03.07.2012";5;
собаки;беспородная;"643110800000412";"03.07.2012";5;
собаки;беспородная;"643110800015378";"03.07.2012";5;
собаки;беспородная;"643110800000405";"03.07.2012";5;
собаки;беспородная;"643110800015372";"12.07.2012";5;
собаки;беспородная;"643110800015381";"24.07.2012";5;
собаки;беспородная;"643110800015382";"24.07.2012";5;
собаки;беспородная;"643110800015383";"24.07.2012";5;
собаки;беспородная;"643110800015371";"01.08.2012";5;
собаки;беспородная;"643110800015358";"02.08.2012";5;
собаки;беспородная;"643110800000402";"13.08.2012";5;
собаки;беспородная;"643110800015338";"13.08.2012";5;
собаки;беспородная;"643110800015316";"15.08.2012";5;
собаки;беспородная;"643110800015306";"15.08.2012";5;
собаки;беспородная;"643110800015347";"15.08.2012";5;
собаки;беспородная;"643110800015392";"16.08.2012";5;
собаки;беспородная;"643110800015391";"16.08.2012";5;
собаки;беспородная;"643110800015385";"21.08.2012";5;
собаки;беспородная;"643110800015384";"21.08.2012";5;
собаки;беспородная;"643110800015348";"21.08.2012";5;
собаки;беспородная;"643110800015331";"21.08.2012";5;
собаки;беспородная;"643110800015324";"21.08.2012";5;
собаки;беспородная;"643110800015308";"21.08.2012";5;
собаки;беспородная;"643110800015325";"03.09.2012";5;
собаки;беспородная;"643110800015334";"04.09.2012";5;
собаки;беспородная;"643099000317673";"04.09.2012";5;
собаки;беспородная;"643099000317646";"04.09.2012";5;
собаки;беспородная;"643099000317655";"04.09.2012";5;
собаки;беспородная;"643099000317654";"04.09.2012";5;
собаки;беспородная;"643099000317670";"04.09.2012";5;
собаки;беспородная;"643099000317668";"05.09.2012";5;
собаки;беспородная;"643099000317628";"05.09.2012";5;
собаки;беспородная;"643110800015322";"05.09.2012";5;
собаки;беспородная;"643110800015330";"05.09.2012";5;
собаки;беспородная;"643099000317675";"05.09.2012";5;
собаки;беспородная;"643099000317674";"06.09.2012";5;
собаки;беспородная;"643099000317627";"06.09.2012";5;
собаки;беспородная;"643099000317658";"06.09.2012";5;
собаки;беспородная;"643099000317630";"10.09.2012";5;
собаки;беспородная;"643099000317601";"10.09.2012";5;
собаки;беспородная;"643099000317602";"10.09.2012";5;
собаки;беспородная;"643099000317652";"10.09.2012";5;
собаки;беспородная;"643099000317633";"10.09.2012";5;
собаки;беспородная;"643099000317637";"10.09.2012";5;
собаки;беспородная;"643099000317640";"10.09.2012";5;
собаки;беспородная;"643099000317639";"10.09.2012";5;
собаки;беспородная;"643099000317638";"10.09.2012";5;
собаки;беспородная;"643099000317591";"10.09.2012";5;
собаки;беспородная;"643099000317603";"10.09.2012";5;
собаки;беспородная;"643099000317582";"10.09.2012";5;
собаки;беспородная;"643099000317583";"10.09.2012";5;
собаки;беспородная;"643099000317581";"11.09.2012";5;
собаки;беспородная;"643110800019498";"11.09.2012";5;
собаки;беспородная;"643110800019499";"11.09.2012";5;
собаки;беспородная;"643110800019497";"11.09.2012";5;
собаки;беспородная;"643099000317596";"17.09.2012";5;
собаки;беспородная;"643110800019489";"20.09.2012";5;
собаки;беспородная;"643099000317609";"20.09.2012";5;
собаки;беспородная;"643099000317610";"26.09.2012";5;
собаки;беспородная;"643099000317608";"26.09.2012";5;
собаки;беспородная;"643099000317613";"26.09.2012";5;
собаки;беспородная;"643099000317612";"26.09.2012";5;
собаки;беспородная;"643099000317604";"26.09.2012";5;
собаки;беспородная;"643099000317607";"26.09.2012";5;
собаки;беспородная;"643099000317592";"02.10.2012";5;
собаки;беспородная;"643099000317644";"02.10.2012";5;
собаки;беспородная;"643099000317643";"03.10.2012";5;
собаки;беспородная;"643099000317642";"03.10.2012";5;
собаки;беспородная;"643110800019458";"03.10.2012";5;
собаки;беспородная;"643110800019446";"03.10.2012";5;
собаки;беспородная;"643110800019460";"03.10.2012";5;
собаки;беспородная;"643110800019459";"03.10.2012";5;
собаки;беспородная;"643110800019454";"03.10.2012";5;
собаки;беспородная;"643110800019452";"04.10.2012";5;
собаки;беспородная;"643110800019453";"04.10.2012";5;
собаки;беспородная;"643110800019441";"04.10.2012";5;
собаки;беспородная;"643110800019457";"04.10.2012";5;
собаки;беспородная;"643110800019426";"09.10.2012";5;
собаки;беспородная;"643110800019421";"09.10.2012";5;
собаки;беспородная;"643110800019422";"09.10.2012";5;
собаки;беспородная;"643110800019423";"09.10.2012";5;
собаки;беспородная;"643110800019425";"10.10.2012";5;
собаки;беспородная;"643110800019427";"10.10.2012";5;
собаки;беспородная;"643110900023332";"10.10.2012";5;
собаки;беспородная;"643110800019428";"10.10.2012";5;
собаки;беспородная;"643110800019404";"10.10.2012";5;
собаки;беспородная;"643110800019430";"16.10.2012";5;
собаки;беспородная;"643110800026691";"16.10.2012";5;
собаки;беспородная;"643110800026695";"16.10.2012";5;
собаки;беспородная;"643110800013999";"29.10.2012";5;
собаки;беспородная;"643110800026686";"29.10.2012";5;
собаки;беспородная;"643110800026692";"29.10.2012";5;
собаки;беспородная;"643110800013998";"29.10.2012";5;
собаки;беспородная;"643110800026700";"07.11.2012";5;
собаки;беспородная;"643110800026685";"07.11.2012";5;
собаки;беспородная;"643110800026683";"07.11.2012";5;
собаки;беспородная;"643110800026682";"08.11.2012";5;
собаки;беспородная;"643110800026676";"15.11.2012";5;
собаки;беспородная;"643110800026680";"15.11.2012";5;
собаки;беспородная;"643110800026688";"15.11.2012";5;
собаки;беспородная;"643110800026675";"15.11.2012";5;
собаки;беспородная;"643110800026670";"15.11.2012";5;
собаки;беспородная;"643110800026669";"16.11.2012";5;
собаки;беспородная;"643110800026668";"16.11.2012";5;
собаки;беспородная;"643110800026667";"16.11.2012";5;
собаки;беспородная;"643110800026666";"16.11.2012";5;
собаки;беспородная;"643110800026654";"16.11.2012";5;
собаки;беспородная;"643110800026649";"20.11.2012";5;
собаки;беспородная;"643110800026653";"20.11.2012";5;
собаки;беспородная;"643110800026646";"21.11.2012";5;
собаки;беспородная;"643110800026636";"21.11.2012";5;
собаки;беспородная;"643110800026627";"21.11.2012";5;
собаки;беспородная;"643110800026611";"22.11.2012";5;
собаки;беспородная;"643110800029695";"22.11.2012";5;
собаки;беспородная;"643110800029690";"05.02.2012";5;
собаки;беспородная;"643110800029686";"22.11.2012";5;
собаки;беспородная;"643110800029681";"22.11.2012";5;
собаки;беспородная;"643110800013938";"22.11.2012";5;
собаки;беспородная;"643110800013939";"22.11.2012";5;
собаки;беспородная;"643110800013936";"23.11.2012";5;
собаки;беспородная;"643110800029680";"23.11.2012";5;
собаки;беспородная;"643110800026637";"23.11.2012";5;
собаки;беспородная;"643110800026638";"23.11.2012";5;
собаки;беспородная;"643110800026631";"27.11.2012";5;
собаки;беспородная;"643110800026635";"27.11.2012";5;
собаки;беспородная;"643110800026634";"27.11.2012";5;
собаки;беспородная;"643110800026632";"27.11.2012";5;
собаки;беспородная;"643110800029671";"27.11.2012";5;
собаки;беспородная;"643110800029673";"27.11.2012";5;
собаки;беспородная;"643110800029672";"28.11.2012";5;
собаки;беспородная;"643110800029650";"28.11.2012";5;
собаки;беспородная;"643110800029643";"28.11.2012";5;
собаки;беспородная;"643110800029636";;5;
собаки;беспородная;"643110800029639";"30.01.2013";5;
собаки;беспородная;"643110800029641";"30.01.2013";5;
собаки;беспородная;"643110800026652";"27.02.2013";5;
собаки;беспородная;"643110800026647";"27.02.2013";5;
собаки;беспородная;"643110800029663";"27.02.2013";5;
собаки;беспородная;"643110800029661";"27.02.2013";5;
собаки;беспородная;"643110800029669";"26.03.2013";5;
собаки;беспородная;"643110800029668";"26.03.2013";5;
собаки;беспородная;"643110800029678";"26.03.2013";5;
собаки;беспородная;"643110800029630";"26.03.2013";5;
собаки;беспородная;"643110800013957";"08.05.2013";5;
собаки;беспородная;"643110800029646";"08.05.2013";5;
собаки;беспородная;"643094100466211";"14.05.2013";5;
собаки;беспородная;"643094100466217";"14.05.2013";5;
собаки;беспородная;"643094100466216";"14.05.2013";5;
собаки;беспородная;"643094100466220";"24.05.2013";5;
собаки;беспородная;"643094100466201";"24.05.2013";5;
собаки;беспородная;"643094100466203";"28.05.2013";5;
собаки;беспородная;"643094100489582";"28.05.2013";5;
собаки;беспородная;"643094100498336";"28.05.2013";5;
собаки;беспородная;"643094100498333";"28.05.2013";5;
собаки;беспородная;"643094100498338";"28.05.2013";5;
собаки;беспородная;"643094100498339";"05.06.2013";5;
собаки;беспородная;"643094100498334";"08.06.2013";5;
собаки;беспородная;"643094100498332";"11.06.2013";5;
собаки;беспородная;"643094100498331";"11.06.2013";5;
собаки;беспородная;"643094100489586";"11.06.2013";5;
собаки;беспородная;"643094100498863";"11.06.2013";5;
собаки;беспородная;"643094100486050";"11.06.2013";5;
собаки;беспородная;"643094100486047";"11.06.2013";5;
собаки;беспородная;"643094100486046";"11.06.2013";5;
собаки;беспородная;"643094100486045";"11.06.2013";5;
собаки;беспородная;"643094100486044";"11.06.2013";5;
собаки;беспородная;"643094100486043";"11.06.2013";5;
собаки;беспородная;"643094100486042";"11.06.2013";5;
собаки;беспородная;"643094100486041";"14.06.2013";5;
собаки;беспородная;"643094100498862";"14.06.2013";5;
собаки;беспородная;"643094100498861";"11.07.2013";5;
собаки;беспородная;"643094100500681";"11.07.2013";5;
собаки;беспородная;"643094100500690";"17.07.2013";5;
собаки;беспородная;"643094100500742";"17.07.2013";5;
собаки;беспородная;"643094100489587";"19.07.2013";5;
собаки;беспородная;"643094100489588";"19.07.2013";5;
собаки;беспородная;"643094100498866";"26.07.2013";5;
собаки;беспородная;"643094100498865";"01.08.2013";5;
собаки;беспородная;"643094100498869";"02.08.2013";5;
собаки;беспородная;"643094100486341";"02.08.2013";5;
собаки;беспородная;"643094100486349";"06.08.2013";5;
собаки;беспородная;"643094100486345";"08.08.2013";5;
собаки;беспородная;"643094100486346";"08.08.2013";5;
собаки;беспородная;"643094100486342";"16.08.2013";5;
собаки;беспородная;"643094100486344";"16.08.2013";5;
собаки;беспородная;"643094100486265";"16.08.2013";5;
собаки;беспородная;"643094100486322";"20.08.2013";5;
собаки;беспородная;"643094100486321";"23.08.2013";5;
собаки;беспородная;"643094100486310";"11.09.2013";5;
собаки;беспородная;"643094100486263";"18.09.2013";5;
собаки;беспородная;"643094100486309";"18.09.2013";5;
собаки;беспородная;"643094100486299";"18.09.2013";5;
собаки;беспородная;"643094100486340";"18.09.2013";5;
собаки;беспородная;"643094100486338";"20.09.2013";5;
собаки;беспородная;"643094100486306";"20.09.2013";5;
собаки;беспородная;"643094100486383";"25.09.2013";5;
собаки;беспородная;"643094100486308";"11.10.2013";5;
собаки;беспородная;"643094100486269";"11.10.2013";5;
собаки;беспородная;"643094100486386";"11.10.2013";5;
собаки;беспородная;"643094100486381";"14.10.2013";5;
собаки;беспородная;"643094100486423";"14.10.2013";5;
собаки;беспородная;"643094100486288";"14.10.2013";5;
собаки;беспородная;"643094100486412";"14.10.2013";5;
собаки;беспородная;"643094100486355";"18.10.2013";5;
собаки;беспородная;"643094100486426";"24.10.2013";5;
собаки;беспородная;"643094100486332";"26.10.2013";5;
собаки;беспородная;"643094100486334";"26.10.2013";5;
собаки;беспородная;"643094100486210";"29.10.2013";5;
собаки;беспородная;"643094100486384";"01.11.2013";5;
собаки;беспородная;"643094100486390";"01.11.2013";5;
собаки;беспородная;"643094100486311";"01.11.2013";5;
собаки;беспородная;"643094100486317";"01.11.2013";5;
собаки;беспородная;"643094100486315";"01.11.2013";5;
собаки;беспородная;"643094100486314";"01.11.2013";5;
собаки;беспородная;"643094100486211";"01.11.2013";5;
собаки;беспородная;"643094100486219";"05.11.2013";5;
собаки;беспородная;"643094100486212";"05.11.2013";5;
собаки;беспородная;"643094100486217";"13.11.2013";5;
собаки;беспородная;"643094100486213";"20.11.2013";5;
собаки;беспородная;"643094100486214";;5;
собаки;беспородная;"643094100486215";"12.12.2013";5;
собаки;беспородная;"643094100486216";"19.12.2013";5;
собаки;беспородная;"643094100486421";"19.12.2013";5;
собаки;беспородная;"643094100486430";;5;
собаки;беспородная;"643094100486416";"17.01.2014";5;
собаки;беспородная;"643094100486360";"17.01.2014";5;
собаки;беспородная;"643094100486385";"28.01.2014";5;
собаки;беспородная;"643094100486429";"05.02.2014";5;
собаки;беспородная;"643094100486424";"05.02.2014";5;
собаки;беспородная;"643094100486481";"17.02.2014";5;
собаки;беспородная;"643094100486482";"17.02.2014";5;
собаки;беспородная;"643094100486483";"17.02.2014";5;
собаки;беспородная;"643094100486404";"25.02.2014";5;
собаки;беспородная;"643094100486403";"10.04.2014";5;
собаки;беспородная;"643094100486402";"10.04.2014";5;
собаки;беспородная;"643094100487094";"17.04.2014";5;
собаки;беспородная;"643094100487096";"17.04.2014";5;
собаки;беспородная;"643094100487097";"17.04.2014";5;
собаки;беспородная;"643094100487098";"17.04.2014";5;
собаки;беспородная;"643094100487099";"17.04.2014";5;
собаки;беспородная;"643094100487095";"18.04.2014";5;
собаки;беспородная;"643094100486407";"23.04.2014";5;
собаки;беспородная;"643094100486409";"23.04.2014";5;
собаки;беспородная;"643094100486410";"25.04.2014";5;
собаки;беспородная;"643094100486433";"25.04.2014";5;
собаки;беспородная;"643094100487092";"26.04.2014";5;
собаки;беспородная;"643094100487093";"26.04.2014";5;
собаки;беспородная;"643094100486434";"26.04.2014";5;
собаки;беспородная;"643094100486440";"16.05.2014";5;
собаки;беспородная;"643094100486375";"16.05.2014";5;
собаки;беспородная;"643094100486205";"16.05.2014";5;
собаки;беспородная;"643094100487151";"04.06.2014";5;
собаки;беспородная;"643094100486515";"09.06.2014";5;
собаки;беспородная;"643094100486516";"10.06.2014";5;
собаки;беспородная;"643094100486520";"19.06.2014";5;
собаки;беспородная;"643094100487155";"19.06.2014";5;
собаки;беспородная;"643094100487158";"26.06.2014";5;
собаки;беспородная;"643094100489607";"01.07.2014";5;
собаки;беспородная;"643094100486511";"01.07.2014";5;
собаки;беспородная;"643094100486512";"01.07.2014";5;
собаки;беспородная;"643094100486513";"01.07.2014";5;
собаки;беспородная;"643094100486514";"01.07.2014";5;
собаки;беспородная;"643094100486247";"01.07.2014";5;
собаки;беспородная;"643094100487079";"01.07.2014";5;
собаки;беспородная;"643094100487070";"01.07.2014";5;
собаки;беспородная;"643094100487069";"07.07.2014";5;
собаки;беспородная;"643094100487063";"07.07.2014";5;
собаки;беспородная;"643094100487057";"08.07.2014";5;
собаки;беспородная;"643094100487053";"08.07.2014";5;
собаки;беспородная;"643094100487054";"23.07.2014";5;
собаки;беспородная;"643094100487055";"23.07.2014";5;
собаки;беспородная;"643094100487077";"23.07.2014";5;
собаки;беспородная;"643094100487080";"05.08.2014";5;
собаки;беспородная;"643094100486517";"21.08.2014";5;
собаки;беспородная;"643094100487074";"25.08.2014";5;
собаки;беспородная;"643094100487060";"01.09.2014";5;
собаки;беспородная;"643094100489598";"01.09.2014";5;
собаки;беспородная;"643094100489596";"01.09.2014";5;
собаки;беспородная;"643094100521074";"08.09.2014";5;
собаки;беспородная;"643094100486486";"08.09.2014";5;
собаки;беспородная;"643094100486488";"08.09.2014";5;
собаки;беспородная;"643094100486490";"10.09.2014";5;
собаки;беспородная;"643094100521079";"11.09.2014";5;
собаки;беспородная;"643094100521003";"11.09.2014";5;
собаки;беспородная;"643094100487106";"11.09.2014";5;
собаки;беспородная;"643094100487051";"11.09.2014";5;
собаки;беспородная;"643094100489591";"11.09.2014";5;
собаки;беспородная;"643094100487064";"11.09.2014";5;
собаки;беспородная;"643094100521022";"12.09.2014";5;
собаки;беспородная;"643094100487066";"12.09.2014";5;
собаки;беспородная;"643094100487144";"12.09.2014";5;
собаки;беспородная;"643094100521038";"12.09.2014";5;
собаки;беспородная;"643110800046201";"12.09.2014";5;
собаки;беспородная;"643094100486352";"15.09.2014";5;
собаки;беспородная;"643094100486246";"17.09.2014";5;
собаки;беспородная;"643094100487062";"23.09.2014";5;
собаки;беспородная;"643094100487061";"23.09.2014";5;
собаки;беспородная;"643094100489601";"03.10.2014";5;
собаки;беспородная;"643094100489592";"03.10.2014";5;
собаки;беспородная;"643094100487065";"03.10.2014";5;
собаки;беспородная;"643094100487139";"03.10.2014";5;
собаки;беспородная;"643094100487138";"08.10.2014";5;
собаки;беспородная;"643110800046232";"09.10.2014";5;
собаки;беспородная;"643094100487143";"10.10.2014";5;
собаки;беспородная;"972274000410206";"10.10.2014";5;
собаки;беспородная;"972274000410208";"16.10.2014";5;
собаки;беспородная;"643110800046211";"16.10.2014";5;
собаки;беспородная;"643110800046217";"20.10.2014";5;
собаки;беспородная;"643110800046218";"20.10.2014";5;
собаки;беспородная;"643110800046219";"20.10.2014";5;
собаки;беспородная;"643110800046212";"20.10.2014";5;
собаки;беспородная;"643110800046220";"22.10.2014";5;
собаки;беспородная;"643110800046250";"22.10.2014";5;
собаки;беспородная;"643110800046247";"22.10.2014";5;
собаки;беспородная;"643110800046240";"22.10.2014";5;
собаки;беспородная;"643110800046227";"22.10.2014";5;
собаки;беспородная;"643110800046226";"23.10.2014";5;
собаки;беспородная;"643110800046248";"05.11.2014";5;
собаки;беспородная;"643110800046239";"06.11.2014";5;
собаки;беспородная;"643110800046207";"06.11.2014";5;
собаки;беспородная;"643110800046214";"06.11.2014";5;
собаки;беспородная;"643093300019471";"06.11.2014";5;
собаки;беспородная;"643093300019478";"17.11.2014";5;
собаки;беспородная;"643110800046206";"17.11.2014";5;
собаки;беспородная;"643110800046237";"18.11.2014";5;
собаки;беспородная;"643110800046242";"18.11.2014";5;
собаки;беспородная;"643110800046243";"18.11.2014";5;
собаки;беспородная;"643110800046245";"18.11.2014";5;
собаки;беспородная;"643110800046244";"20.11.2014";5;
собаки;беспородная;"643110800046210";"20.11.2014";5;
собаки;беспородная;"643110800046208";"20.11.2014";5;
собаки;беспородная;"643110800046209";"20.11.2014";5;
собаки;беспородная;"972274000410207";"20.11.2014";5;
собаки;беспородная;"972274000410203";"21.11.2014";5;
собаки;беспородная;"643093300019420";"21.11.2014";5;
собаки;беспородная;"643110800046258";"01.12.2014";5;
собаки;беспородная;"643110800046257";"01.12.2014";5;
собаки;беспородная;"643093300019462";"02.12.2014";5;
собаки;беспородная;"643110800046267";"02.12.2014";5;
собаки;беспородная;"643110800046241";"02.12.2014";5;
собаки;беспородная;"643110800046236";"02.12.2014";5;
собаки;беспородная;"643110800046235";"03.12.2014";5;
собаки;беспородная;"643110800046234";"03.12.2014";5;
собаки;беспородная;"643110800046233";"03.12.2014";5;
собаки;беспородная;"643110800046264";"04.12.2014";5;
собаки;беспородная;"643110800046262";"04.12.2014";5;
собаки;беспородная;"643110800046263";"04.12.2014";5;
собаки;беспородная;"643110800046265";"08.12.2014";5;
собаки;беспородная;"643110800046268";"08.12.2014";5;
собаки;беспородная;"643110800046269";"08.12.2014";5;
собаки;беспородная;"643110800046296";"08.12.2014";5;
собаки;беспородная;"643094100534733";"08.12.2014";5;
собаки;беспородная;"643094100534736";"09.12.2014";5;
собаки;беспородная;"643094100534732";"09.12.2014";5;
собаки;беспородная;"643094100534712";"12.12.2014";5;
собаки;беспородная;"643094100534907";"12.12.2014";5;
собаки;беспородная;"643094100534910";"12.12.2014";5;
собаки;беспородная;"643094100534906";"12.12.2014";5;
собаки;беспородная;"643094100534904";"12.12.2014";5;
собаки;беспородная;"643094100534909";"15.12.2014";5;
собаки;беспородная;"643094100534988";"15.12.2014";5;
собаки;беспородная;"643094100534610";"15.12.2014";5;
собаки;беспородная;"643094100534607";"15.12.2014";5;
собаки;беспородная;"643094100534989";"15.12.2014";5;
собаки;беспородная;"643094100534603";"15.12.2014";5;
собаки;беспородная;"643094100534982";"15.12.2014";5;
собаки;беспородная;"643094100534739";"15.12.2014";5;
собаки;беспородная;"643094100534713";"17.12.2014";5;
собаки;беспородная;"643094100534819";"17.12.2014";5;
собаки;беспородная;"643094100534890";"17.12.2014";5;
собаки;беспородная;"643094100534888";"17.12.2014";5;
собаки;беспородная;"643094100534036";"17.12.2014";5;
собаки;беспородная;"643094100534040";"17.12.2014";5;
собаки;беспородная;"643094100534038";"17.12.2014";5;
собаки;беспородная;"643094100534032";"17.12.2014";5;
собаки;беспородная;"643094100534734";"17.12.2014";5;
собаки;беспородная;"643094100534987";"17.12.2014";5;
собаки;беспородная;"643094100534601";"18.12.2014";5;
собаки;беспородная;"643094100534023";"18.12.2014";5;
собаки;беспородная;"643094100534022";"18.12.2014";5;
собаки;беспородная;"643094100534608";"18.12.2014";5;
собаки;беспородная;"643094100534026";"18.12.2014";5;
собаки;беспородная;"643094100534027";"18.12.2014";5;
собаки;беспородная;"643094100534881";"18.12.2014";5;
собаки;беспородная;"643094100534886";"18.12.2014";5;
собаки;беспородная;"643094100534883";"19.12.2014";5;
собаки;беспородная;"643094100534889";"19.12.2014";5;
собаки;беспородная;"643094100534717";;5;
собаки;беспородная;"643094100534718";"27.01.2015";5;
собаки;беспородная;"643094100534719";"27.01.2015";5;
собаки;беспородная;"643094100534738";"27.01.2015";5;
собаки;беспородная;"643094100536463";"28.01.2015";5;
собаки;беспородная;"643094100536461";"05.03.2015";5;
собаки;беспородная;"643094100534021";"18.03.2015";5;
собаки;беспородная;"643094100534711";"18.03.2015";5;
собаки;беспородная;"643094100534035";"18.03.2015";5;
собаки;беспородная;"643094100536469";"20.03.2015";5;
собаки;беспородная;"643094100534816";"20.04.2015";5;
собаки;беспородная;"643094100536466";"20.04.2015";5;
собаки;беспородная;"643094100534814";"20.04.2015";5;
собаки;беспородная;"643094100534031";"20.04.2015";5;
собаки;беспородная;"643094100536500";"22.04.2015";5;
собаки;беспородная;"643094100534815";"23.04.2015";5;
собаки;беспородная;"643094100536494";"23.04.2015";5;
собаки;беспородная;"643094100536492";"23.04.2015";5;
собаки;беспородная;"643094100536499";"23.04.2015";5;
собаки;беспородная;"643110800046299";"23.04.2015";5;
собаки;беспородная;"643094100536326";"23.04.2015";5;
собаки;беспородная;"643094100534961";"23.04.2015";5;
собаки;беспородная;"643094100536406";"06.05.2015";5;
собаки;беспородная;"643094100536405";"06.05.2015";5;
собаки;беспородная;"643094100534970";"06.05.2015";5;
собаки;беспородная;"643094100536377";"06.05.2015";5;
собаки;беспородная;"643094100536330";"07.05.2015";5;
собаки;беспородная;"643094100536329";"07.05.2015";5;
собаки;беспородная;"643094100536328";"12.05.2015";5;
собаки;беспородная;"643094100536324";"14.05.2015";5;
собаки;беспородная;"643094100536321";"20.05.2015";5;
собаки;беспородная;"643094100536327";"20.05.2015";5;
собаки;беспородная;"643094100531269";"20.05.2015";5;
собаки;беспородная;"643094100531268";"21.05.2015";5;
собаки;беспородная;"643094100536438";"21.05.2015";5;
собаки;беспородная;"643094100536432";"21.05.2015";5;
собаки;беспородная;"643094100536375";"21.05.2015";5;
собаки;беспородная;"643094100536374";"22.05.2015";5;
собаки;беспородная;"643094100534968";"22.05.2015";5;
собаки;беспородная;"643094100534967";"22.05.2015";5;
собаки;беспородная;"643094100536410";"22.05.2015";5;
собаки;беспородная;"643094100536401";"01.06.2015";5;
собаки;беспородная;"643094100536435";"01.06.2015";5;
собаки;беспородная;"643094100536440";"01.06.2015";5;
собаки;беспородная;"643094100536348";"05.06.2015";5;
собаки;беспородная;"643094100536439";"08.06.2015";5;
собаки;беспородная;"643094100536378";"11.06.2015";5;
собаки;беспородная;"643094100536342";"18.06.2015";5;
собаки;беспородная;"643094100536344";"18.06.2015";5;
собаки;беспородная;"643094100536341";"15.07.2015";5;
собаки;беспородная;"643094100536343";"15.07.2015";5;
собаки;беспородная;"643094100531345";"15.07.2015";5;
собаки;беспородная;"643094100531344";"20.07.2015";5;
собаки;беспородная;"643094100531350";"23.07.2015";5;
собаки;беспородная;"643094100536493";"23.07.2015";5;
собаки;беспородная;"643094100536431";"23.07.2015";5;
собаки;беспородная;"643094100531203";"23.07.2015";5;
собаки;беспородная;"643094100531209";"23.07.2015";5;
собаки;беспородная;"643094100531208";"23.07.2015";5;
собаки;беспородная;"643094100531202";"27.07.2015";5;
собаки;беспородная;"643094100531336";"27.07.2015";5;
собаки;беспородная;"643094100531238";"14.09.2015";5;
собаки;беспородная;"643094100536436";"14.09.2015";5;
собаки;беспородная;"643094100534758";"14.09.2015";5;
собаки;беспородная;"643094100489631";"14.09.2015";5;
собаки;беспородная;"643094100534756";"14.09.2015";5;
собаки;беспородная;"643094100534753";"14.09.2015";5;
собаки;беспородная;"643094100489561";"14.09.2015";5;
собаки;беспородная;"643094100489562";"14.09.2015";5;
собаки;беспородная;"643094100489564";"14.09.2015";5;
собаки;беспородная;"643094100531206";"14.09.2015";5;
собаки;беспородная;"643094100531205";"16.09.2015";5;
собаки;беспородная;"643094100531204";"16.09.2015";5;
собаки;беспородная;"643094100531234";"16.09.2015";5;
собаки;беспородная;"643094100531207";"17.09.2015";5;
собаки;беспородная;"643094100489637";"17.09.2015";5;
собаки;беспородная;"643094100531332";"17.09.2015";5;
собаки;беспородная;"643094100534757";"17.09.2015";5;
собаки;беспородная;"643094100534759";"17.09.2015";5;
собаки;беспородная;"643094100531239";"17.09.2015";5;
собаки;беспородная;"643094100536349";"17.09.2015";5;
собаки;беспородная;"643094100531235";"21.09.2015";5;
собаки;беспородная;"643094100531236";"21.09.2015";5;
собаки;беспородная;"643094100531231";"21.09.2015";5;
собаки;беспородная;"643094100531210";"21.09.2015";5;
собаки;беспородная;"643094100536482";"24.09.2015";5;
собаки;беспородная;"643094100536487";"14.10.2015";5;
собаки;беспородная;"643094100536485";"14.10.2015";5;
собаки;беспородная;"643094100536337";"14.10.2015";5;
собаки;беспородная;"643094100531281";"15.10.2015";5;
собаки;беспородная;"643094100534760";"15.10.2015";5;
собаки;беспородная;"643094100534755";"15.10.2015";5;
собаки;беспородная;"643094100489633";"15.10.2015";5;
собаки;беспородная;"643094100531261";"19.10.2015";5;
собаки;беспородная;"643094100536242";"19.10.2015";5;
собаки;беспородная;"643094100534754";"19.10.2015";5;
собаки;беспородная;"643094100531320";"19.10.2015";5;
собаки;беспородная;"643094100536332";"19.10.2015";5;
собаки;беспородная;"643094100536333";"19.10.2015";5;
собаки;беспородная;"643094100531318";"19.10.2015";5;
собаки;беспородная;"643094100531315";"21.10.2015";5;
собаки;беспородная;"643094100531214";"21.10.2015";5;
собаки;беспородная;"643094100536243";"21.10.2015";5;
собаки;беспородная;"643094100536246";"22.10.2015";5;
собаки;беспородная;"643094100536248";"03.11.2015";5;
собаки;беспородная;"643094100536250";"03.11.2015";5;
собаки;беспородная;"643094100531311";"03.11.2015";5;
собаки;беспородная;"643094100531319";"03.11.2015";5;
собаки;беспородная;"643094100531317";"06.11.2015";5;
собаки;беспородная;"643094100536335";"07.11.2015";5;
собаки;беспородная;"643094100536395";"07.11.2015";5;
собаки;беспородная;"643094100531225";"07.11.2015";5;
собаки;беспородная;"643094100536202";"11.11.2015";5;
собаки;беспородная;"643094100536391";"11.11.2015";5;
собаки;беспородная;"643094100536340";"11.11.2015";5;
собаки;беспородная;"643094100570455";"11.11.2015";5;
собаки;беспородная;"643094100570458";"11.11.2015";5;
собаки;беспородная;"643094100531299";"11.11.2015";5;
собаки;беспородная;"643094100570432";"11.11.2015";5;
собаки;беспородная;"643094100531283";"11.11.2015";5;
собаки;беспородная;"643094100531284";"11.11.2015";5;
собаки;беспородная;"643094100536207";"13.11.2015";5;
собаки;беспородная;"643094100570436";"13.11.2015";5;
собаки;беспородная;"643094100570433";"13.11.2015";5;
собаки;беспородная;"643094100570470";"13.11.2015";5;
собаки;беспородная;"643094100570468";"17.11.2015";5;
собаки;беспородная;"643094100570466";"18.11.2015";5;
собаки;беспородная;"643094100570465";"18.11.2015";5;
собаки;беспородная;"643094100570431";"18.11.2015";5;
собаки;беспородная;"643094100570439";"18.11.2015";5;
собаки;беспородная;"643094100570437";"21.11.2015";5;
собаки;беспородная;"643094100570440";"22.11.2015";5;
собаки;беспородная;"643094100570438";"23.11.2015";5;
собаки;беспородная;"643094100570434";"23.11.2015";5;
собаки;беспородная;"643094100570435";"23.11.2015";5;
собаки;беспородная;"643094100531290";"24.11.2015";5;
собаки;беспородная;"643094100531287";"24.11.2015";5;
собаки;беспородная;"643094100531288";"24.11.2015";5;
собаки;беспородная;"643094100570403";"24.11.2015";5;
собаки;беспородная;"643094100570401";"01.12.2015";5;
собаки;беспородная;"643094100570405";"01.12.2015";5;
собаки;беспородная;"643094100570409";"01.12.2015";5;
собаки;беспородная;"643094100531278";"01.12.2015";5;
собаки;беспородная;"643094100531277";"01.12.2015";5;
собаки;беспородная;"643094100531255";"01.12.2015";5;
собаки;беспородная;"643094100531357";"02.12.2015";5;
собаки;беспородная;"643094100536217";"02.12.2015";5;
собаки;беспородная;"643094100531359";"02.12.2015";5;
собаки;беспородная;"643094100531258";"04.12.2015";5;
собаки;беспородная;"276093400782952";"04.12.2015";5;
собаки;беспородная;"643094100531352";"04.12.2015";5;
собаки;беспородная;"643094100536211";"04.12.2015";5;
собаки;беспородная;"643094100531330";"04.12.2015";5;
собаки;беспородная;"643094100531355";"04.12.2015";5;
собаки;беспородная;"643094100572357";"04.12.2015";5;
собаки;беспородная;"643094100572354";"05.12.2015";5;
собаки;беспородная;"643094100572353";"05.12.2015";5;
собаки;беспородная;"643094100572358";"05.12.2015";5;
собаки;беспородная;"643094100572360";"08.12.2015";5;
собаки;беспородная;"643094100572359";"08.12.2015";5;
собаки;беспородная;"643094100536359";"08.12.2015";5;
собаки;беспородная;"643094100536357";"08.12.2015";5;
собаки;беспородная;"643094100536358";"08.12.2015";5;
собаки;беспородная;"643094100536360";"08.12.2015";5;
собаки;беспородная;"643094100536355";"08.12.2015";5;
собаки;беспородная;"643094100536353";"09.12.2015";5;
собаки;беспородная;"643094100536351";"09.12.2015";5;
собаки;беспородная;"643094100536354";"09.12.2015";5;
собаки;беспородная;"643094100572336";"09.12.2015";5;
собаки;беспородная;"643094100572269";"09.12.2015";5;
собаки;беспородная;"643094100531321";"09.12.2015";5;
собаки;беспородная;"643094100572244";"09.12.2015";5;
собаки;беспородная;"643094100572328";"09.12.2015";5;
собаки;беспородная;"643094100572323";"10.12.2015";5;
собаки;беспородная;"643094100572325";"10.12.2015";5;
собаки;беспородная;"643110800072310";"10.12.2015";5;
собаки;беспородная;"643110800072203";"10.12.2015";5;
собаки;беспородная;"643110800072202";"10.12.2015";5;
собаки;беспородная;"643100800072201";"10.12.2015";5;
собаки;беспородная;"643110800072209";"11.12.2015";5;
собаки;беспородная;"643110800072208";"11.12.2015";5;
собаки;беспородная;"643110800072206";"11.12.2015";5;
собаки;беспородная;"643110800072354";"12.12.2015";5;
собаки;беспородная;"643110800072353";"12.12.2015";5;
собаки;беспородная;"643110800072352";"12.12.2015";5;
собаки;беспородная;"643110800072224";"13.12.2015";5;
собаки;беспородная;"643110800072220";"13.12.2015";5;
собаки;беспородная;"643110800072351";"13.12.2015";5;
собаки;беспородная;"643094100572331";"13.12.2015";5;
собаки;беспородная;"643110800072219";"13.12.2015";5;
собаки;беспородная;"643110800072223";"14.12.2015";5;
собаки;беспородная;"643110800072211";"14.12.2015";5;
собаки;беспородная;"643110800072213";"14.12.2015";5;
собаки;беспородная;"643110800072214";"14.12.2015";5;
собаки;беспородная;"643110800072221";"14.12.2015";5;
собаки;беспородная;"643110800072222";"14.12.2015";5;
собаки;беспородная;"643110800072370";"14.12.2015";5;
собаки;беспородная;"643110800072369";"14.12.2015";5;
собаки;беспородная;"643110800072355";"14.12.2015";5;
собаки;беспородная;"643110800072372";"16.12.2015";5;
собаки;беспородная;"643110800072251";"16.12.2015";5;
собаки;беспородная;"643110800072258";"17.12.2015";5;
собаки;беспородная;"643093300075290";"17.12.2015";5;
собаки;беспородная;"643110800072300";"17.12.2015";5;
собаки;беспородная;"643110800072298";"18.12.2015";5;
собаки;беспородная;"643110800072297";"18.12.2015";5;
собаки;беспородная;"643110800072291";"18.12.2015";5;
собаки;беспородная;"643110800072296";"18.12.2015";5;
собаки;беспородная;"643110800072284";"18.12.2015";5;
собаки;беспородная;"643110800072292";"18.12.2015";5;
собаки;беспородная;"643110800072262";"20.12.2015";5;
собаки;беспородная;"643110800072261";"20.12.2015";5;
собаки;беспородная;"643110800072285";"20.12.2015";5;
собаки;беспородная;"643110800072264";"20.12.2015";5;
собаки;беспородная;"643110800072265";"20.12.2015";5;
собаки;беспородная;"643110800072279";"25.12.2015";5;
собаки;беспородная;"643110800072277";"25.12.2015";5;
собаки;беспородная;"643110800072278";"25.12.2015";5;
собаки;беспородная;"643110800072294";"25.12.2015";5;
собаки;беспородная;"643110800072293";"25.12.2015";5;
собаки;беспородная;"643110800072260";"25.12.2015";5;
собаки;беспородная;"643110800072271";"14.01.2016";5;
собаки;беспородная;"643110800072106";"14.01.2016";5;
собаки;беспородная;"643110800072105";"14.01.2016";5;
собаки;беспородная;"643110800072113";"14.01.2016";5;
собаки;беспородная;"643110800072111";"14.01.2016";5;
собаки;беспородная;"643110800072103";"14.01.2016";5;
собаки;беспородная;"643110800072101";"01.02.2016";5;
собаки;беспородная;"643110800072107";"02.02.2016";5;
собаки;беспородная;"643110800072109";"02.02.2016";5;
собаки;беспородная;"643110800072175";"02.02.2016";5;
собаки;беспородная;"643110800072168";"02.02.2016";5;
собаки;беспородная;"643110800072164";"12.02.2016";5;
собаки;беспородная;"643110800072174";"12.02.2016";5;
собаки;беспородная;"643110800072176";"12.02.2016";5;
собаки;беспородная;"643093400100137";"17.02.2016";5;
собаки;беспородная;"643110800072147";"25.02.2016";5;
собаки;беспородная;"643110800072144";"25.02.2016";5;
собаки;беспородная;"643094100578749";"25.02.2016";5;
собаки;беспородная;"643110800072135";"25.02.2016";5;
собаки;беспородная;"643110800072170";"04.03.2016";5;
собаки;беспородная;"643110800072266";"14.03.2016";5;
собаки;беспородная;"643110800072268";"14.03.2016";5;
собаки;беспородная;"643094100578581";"14.03.2016";5;
собаки;беспородная;"643094100578653";"14.03.2016";5;
собаки;беспородная;"643094100578645";"14.03.2016";5;
собаки;беспородная;"276099200009873";"14.03.2016";5;
собаки;беспородная;"643110800072184";"15.03.2016";5;
собаки;беспородная;"643110800072183";"15.03.2016";5;
собаки;беспородная;"643094100466206";"26.03.2016";5;
собаки;беспородная;"643094100466205";"26.03.2016";5;
собаки;беспородная;"643094100578550";"26.03.2016";5;
собаки;беспородная;"643094100578722";"01.04.2016";5;
собаки;беспородная;"643094100578721";"01.04.2016";5;
собаки;беспородная;"643094100578620";"02.04.2016";5;
собаки;беспородная;"643110800072155";"06.04.2016";5;
собаки;беспородная;"643110800072154";"07.04.2016";5;
собаки;беспородная;"643110800072153";"07.04.2016";5;
собаки;беспородная;"643110800072159";"07.04.2016";5;
собаки;беспородная;"643094100466209";"09.04.2016";5;
собаки;беспородная;"643094100466207";"09.04.2016";5;
собаки;беспородная;"643110800072185";"09.04.2016";5;
собаки;беспородная;"643094100578649";"09.04.2016";5;
собаки;беспородная;"643110800072160";"10.04.2016";5;
собаки;беспородная;"643110800072158";"10.04.2016";5;
собаки;беспородная;"643110800072157";"11.04.2016";5;
собаки;беспородная;"643110800072163";"13.04.2016";5;
собаки;беспородная;"643094100578793";"23.04.2016";5;
собаки;беспородная;"643094100578760";"01.05.2016";5;
собаки;беспородная;"643094100578666";"01.05.2016";5;
собаки;беспородная;"643094100578665";"01.05.2016";5;
собаки;беспородная;"643094100578661";"01.05.2016";5;
собаки;беспородная;"643094100578754";"01.05.2016";5;
собаки;беспородная;"643094100578757";"01.05.2016";5;
собаки;беспородная;"643094100578753";"01.05.2016";5;
собаки;беспородная;"643094100578752";"01.05.2016";5;
собаки;беспородная;"643094100578663";"01.05.2016";5;
собаки;беспородная;"643094100578664";"01.05.2016";5;
собаки;беспородная;"643094100578582";"01.05.2016";5;
собаки;беспородная;"643110800072140";"01.05.2016";5;
собаки;беспородная;"643110800072138";"01.05.2016";5;
собаки;беспородная;"643110800072139";"01.05.2016";5;
собаки;беспородная;"643110800072143";"01.05.2016";5;
собаки;беспородная;"643110800072137";"01.05.2016";5;
собаки;беспородная;"643094100578692";"01.05.2016";5;
собаки;беспородная;"643094100578685";"01.05.2016";5;
собаки;беспородная;"643094100578563";"01.05.2016";5;
собаки;беспородная;"643110800072150";"01.05.2016";5;
собаки;беспородная;"643110800072142";"01.05.2016";5;
собаки;беспородная;"643110800072133";"01.05.2016";5;
собаки;беспородная;"643094100578561";"01.05.2016";5;
собаки;беспородная;"643094100578587";"01.05.2016";5;
собаки;беспородная;"643094100578520";"01.05.2016";5;
собаки;беспородная;"643094100578513";"01.05.2016";5;
собаки;беспородная;"643094100578515";"01.05.2016";5;
собаки;беспородная;"643094100578519";"01.05.2016";5;
собаки;беспородная;"643094100578483";"07.05.2016";5;
собаки;беспородная;"643094100578512";"11.05.2016";5;
собаки;беспородная;"643094100578514";"11.05.2016";5;
собаки;беспородная;"643094100578516";"11.05.2016";5;
собаки;беспородная;"643094100578518";"14.05.2016";5;
собаки;беспородная;"643094100578598";"14.05.2016";5;
собаки;беспородная;"643094100578596";"14.05.2016";5;
собаки;беспородная;"643094100578595";"14.05.2016";5;
собаки;беспородная;"643094100578597";"14.05.2016";5;
собаки;беспородная;"643094100578599";"23.05.2016";5;
собаки;беспородная;"643094100578594";"23.05.2016";5;
собаки;беспородная;"643094100578593";"23.05.2016";5;
собаки;беспородная;"643094100578481";"24.05.2016";5;
собаки;беспородная;"643094100578482";"24.05.2016";5;
собаки;беспородная;"643094100578484";"24.05.2016";5;
собаки;беспородная;"643094100578485";"24.05.2016";5;
собаки;беспородная;"643094100578486";"24.05.2016";5;
собаки;беспородная;"643094100578487";"24.05.2016";5;
собаки;беспородная;"643094100578488";"25.05.2016";5;
собаки;беспородная;"643094100578489";"25.05.2016";5;
собаки;беспородная;"643094100578592";"25.05.2016";5;
собаки;беспородная;"643094100578591";"25.05.2016";5;
собаки;беспородная;"643094100578600";"25.05.2016";5;
собаки;беспородная;"643094100578619";"02.06.2016";5;
собаки;беспородная;"643094100578681";"02.06.2016";5;
собаки;беспородная;"643094100578683";"02.06.2016";5;
собаки;беспородная;"643094100578708";"02.06.2016";5;
собаки;беспородная;"643094100578710";"07.06.2016";5;
собаки;беспородная;"643094100578707";"07.06.2016";5;
собаки;беспородная;"643094100578634";"07.06.2016";5;
собаки;беспородная;"643094100578501";"08.06.2016";5;
собаки;беспородная;"643094100578510";"11.06.2016";5;
собаки;беспородная;"643094100578503";"11.06.2016";5;
собаки;беспородная;"643094100578507";"11.06.2016";5;
собаки;беспородная;"643094100578506";"11.06.2016";5;
собаки;беспородная;"643094100578606";"11.06.2016";5;
собаки;беспородная;"643094100578504";"11.06.2016";5;
собаки;беспородная;"643094100578508";"14.06.2016";5;
собаки;беспородная;"643094100578607";"14.06.2016";5;
собаки;беспородная;"643094100578638";"14.06.2016";5;
собаки;беспородная;"643094100578639";"14.06.2016";5;
собаки;беспородная;"643094100578577";"22.06.2016";5;
собаки;беспородная;"643094100578576";"23.06.2016";5;
собаки;беспородная;"643094100574412";"23.06.2016";5;
собаки;беспородная;"643094100582088";"23.06.2016";5;
собаки;беспородная;"643094100578575";"23.06.2016";5;
собаки;беспородная;"643094100578603";"23.06.2016";5;
собаки;беспородная;"643094100578604";"07.07.2016";5;
собаки;беспородная;"643094100578602";"07.07.2016";5;
собаки;беспородная;"643094100578557";"07.07.2016";5;
собаки;беспородная;"643094100578553";"07.07.2016";5;
собаки;беспородная;"643094100578551";"07.07.2016";5;
собаки;беспородная;"643094100578552";"07.07.2016";5;
собаки;беспородная;"643094100562081";"07.07.2016";5;
собаки;беспородная;"643094100578601";"14.07.2016";5;
собаки;беспородная;"643094100578705";"14.07.2016";5;
собаки;беспородная;"643094100578702";"14.07.2016";5;
собаки;беспородная;"643094100486241";"14.07.2016";5;
собаки;беспородная;"643094100578778";"22.07.216";5;
собаки;беспородная;"643094100578779";"04.08.2016";5;
собаки;беспородная;"643094100578780";"04.08.2016";5;
собаки;беспородная;"643094100578571";"04.08.2016";5;
собаки;беспородная;"643094100578777";"12.08.2016";5;
собаки;беспородная;"643094100614100";"12.08.2016";5;
собаки;беспородная;"643094100614096";"12.08.2016";5;
собаки;беспородная;"643094100613952";"12.08.2016";5;
собаки;беспородная;"643094100613956";"12.08.2016";5;
собаки;беспородная;"643094100613955";"12.08.2016";5;
собаки;беспородная;"643094100578629";"12.08.2016";5;
собаки;беспородная;"643094100578554";"12.08.2016";5;
собаки;беспородная;"643094100578605";"12.08.2016";5;
собаки;беспородная;"643094100578609";"12.08.2016";5;
собаки;беспородная;"643093400099628";"12.08.2016";5;
собаки;беспородная;"643093400085182";"24.08.2016";5;
собаки;беспородная;"643093400085181";"24.08.2016";5;
собаки;беспородная;"643094100614097";"24.08.2016";5;
собаки;беспородная;"643094100578621";"24.08.2016";5;
собаки;беспородная;"643094100578558";"24.08.2016";5;
собаки;беспородная;"643094100578559";"24.08.2016";5;
собаки;беспородная;"643094100578574";"06.09.2016";5;
собаки;беспородная;"643094100578573";"19.09.2016";5;
собаки;беспородная;"643094100613985";"19.09.2016";5;
собаки;беспородная;"643094100613981";"21.09.2016";5;
собаки;беспородная;"643094100613984";"21.09.2016";5;
собаки;беспородная;"643094100613960";"21.09.2016";5;
собаки;беспородная;"643094100613990";"21.09.2016";5;
собаки;беспородная;"643094100613989";"23.09.2016";5;
собаки;беспородная;"643094100613988";"23.09.2016";5;
собаки;беспородная;"643094100613987";"23.09.2016";5;
собаки;беспородная;"643094100613986";"26.09.2016";5;
собаки;беспородная;"643094100614119";"26.09.2016";5;
собаки;беспородная;"941000002017776";"03.10.2016";5;
собаки;беспородная;"643094100614083";"03.10.2016";5;
собаки;беспородная;"643094100613925";"04.10.2016";5;
собаки;беспородная;"643094100578626";"17.10.2016";5;
собаки;беспородная;"643094100613999";"17.10.2016";5;
собаки;беспородная;"643094100614018";"17.10.2016";5;
собаки;беспородная;"643094100614087";"17.10.2016";5;
собаки;беспородная;"643094100613912";"18.10.2016";5;
собаки;беспородная;"643094100613998";"18.10.2016";5;
собаки;беспородная;"643094100614010";"18.10.2016";5;
собаки;беспородная;"643094100613891";"18.10.2016";5;
собаки;беспородная;"643094100613900";"24.10.2016";5;
собаки;беспородная;"643094100613894";"24.10.2016";5;
собаки;беспородная;"643094100613897";"08.11.2016";5;
собаки;беспородная;"643094100613888";"08.11.2016";5;
собаки;беспородная;"643094100614115";"09.11.2016";5;
собаки;беспородная;"643094100614072";"10.11.2016";5;
собаки;беспородная;"643094100614076";"10.11.2016";5;
собаки;беспородная;"643094100613889";"10.11.2016";5;
собаки;беспородная;"643094100614014";"10.11.2016";5;
собаки;беспородная;"643094100614078";"10.11.2016";5;
собаки;беспородная;"643094100613890";"21.11.2016";5;
собаки;беспородная;"643094100614077";"21.11.2016";5;
собаки;беспородная;"643094100613887";"21.11.2016";5;
собаки;беспородная;"643094100613885";"22.11.2016";5;
собаки;беспородная;"643094100613884";"23.11.2016";5;
собаки;беспородная;"643094100613883";"25.11.2016";5;
собаки;беспородная;"643094100613886";"01.12.2016";5;
собаки;беспородная;"643094100614013";"02.12.2016";5;
собаки;беспородная;"643094100614011";"05.12.2016";5;
собаки;беспородная;"643094100614015";"05.12.2016";5;
собаки;беспородная;"643094100614016";"12.12.2016";5;
собаки;беспородная;"643094100613923";"12.12.2016";5;
собаки;беспородная;"643094100578495";"12.12.2016";5;
собаки;беспородная;"643094100578790";"12.12.2016";5;
собаки;беспородная;"643094100578787";"12.12.2016";5;
собаки;беспородная;"643094100578786";"17.12.2016";5;
собаки;беспородная;"643094100613922";"17.12.2016";5;
собаки;беспородная;"643094100613921";"17.12.2016";5;
собаки;беспородная;"643094100613930";"17.12.2016";5;
собаки;беспородная;"643094100613928";"17.12.2016";5;
собаки;беспородная;"643094100611242";"17.12.2016";5;
собаки;беспородная;"643094100611290";"18.12.2016";5;
собаки;беспородная;"643094100611244";"18.12.2016";5;
собаки;беспородная;"643094100613972";"18.12.2016";5;
собаки;беспородная;"643094100611088";"18.12.2016";5;
собаки;беспородная;"643094100611089";"18.12.2016";5;
собаки;беспородная;"643094100614062";"18.12.2016";5;
собаки;беспородная;"643094100611090";"19.12.2016";5;
собаки;беспородная;"643094100614064";"19.12.2016";5;
собаки;беспородная;"643094100614063";"19.12.2016";5;
собаки;беспородная;"643094100611085";"19.12.2016";5;
собаки;беспородная;"643094100611243";"19.12.2016";5;
собаки;беспородная;"643094100611248";"19.12.2016";5;
собаки;беспородная;"643094100614070";"19.12.2016";5;
собаки;беспородная;"643094100611325";"19.12.2016";5;
собаки;беспородная;"643094100613977";"19.12.2016";5;
собаки;беспородная;"900119000579637";"19.12.2016";5;
собаки;беспородная;"900115001050455";"16.01.2017";5;
собаки;беспородная;"643094100611082";"31.01.2017";5;
собаки;беспородная;"643094100611084";"31.01.2017";5;
собаки;беспородная;"643094100611205";"31.01.2017";5;
собаки;беспородная;"643094100611204";"31.01.2017";5;
собаки;беспородная;"643094100611203";"31.01.2017";5;
собаки;беспородная;"643094100611272";"31.01.2017";5;
собаки;беспородная;"643094100611275";"03.02.2017";5;
собаки;беспородная;"643094100611379";"03.02.2017";5;
собаки;беспородная;"643094100611378";"07.02.2017";5;
собаки;беспородная;"643094100611377";"09.02.2017";5;
собаки;беспородная;"643094100611375";"09.02.2017";5;
собаки;беспородная;"643094100611209";"09.02.2017";5;
собаки;беспородная;"643094100611208";"20.02.2017";5;
собаки;беспородная;"900115001053389";"20.02.2017";5;
собаки;беспородная;"643094100611207";"20.02.2017";5;
собаки;беспородная;"643094100611399";"20.02.2017";5;
собаки;беспородная;"643094100611321";"20.02.2017";5;
собаки;беспородная;"643094100611280";"20.02.2017";5;
собаки;беспородная;"643094100614067";"20.02.2017";5;
собаки;беспородная;"900115001050446";"21.02.2017";5;
собаки;беспородная;"643094100611201";"21.02.2017";5;
собаки;беспородная;"643094100578494";"21.02.2017";5;
собаки;беспородная;"643094100611324";"21.02.2017";5;
собаки;беспородная;"643094100611323";"21.02.2017";5;
собаки;беспородная;"643094100611371";"21.02.2017";5;
собаки;беспородная;"643094100611372";"27.02.2017";5;
собаки;беспородная;"643094100611374";"27.02.2017";5;
собаки;беспородная;"643094100611206";"27.02.2017";5;
собаки;беспородная;"643094100611340";"27.02.2017";5;
собаки;беспородная;"643094100611382";"27.02.2017";5;
собаки;беспородная;"643094100604920";"27.02.2017";5;
собаки;беспородная;"643094100604918";"27.02.2017";5;
собаки;беспородная;"643094100611338";"27.02.2017";5;
собаки;беспородная;"643094100611137";"01.03.2017";5;
собаки;беспородная;"643094100611133";"06.03.2017";5;
собаки;беспородная;"643094100611131";"06.03.2017";5;
собаки;беспородная;"643094100604912";"09.03.2017";5;
собаки;беспородная;"643094100604917";"09.03.2017";5;
собаки;беспородная;"643094100611135";"09.03.2017";5;
собаки;беспородная;"643094100611170";"09.03.2017";5;
собаки;беспородная;"643094100611268";"09.03.2017";5;
собаки;беспородная;"643094100611265";"09.03.2017";5;
собаки;беспородная;"643094100611266";"09.03.2017";5;
собаки;беспородная;"643094100611332";"15.03.2017";5;
собаки;беспородная;"643094100611220";"15.03.2017";5;
собаки;беспородная;"643094100611219";"15.03.2017";5;
собаки;беспородная;"643094100611211";"15.03.2017";5;
собаки;беспородная;"643094100611305";"20.03.2017";5;
собаки;беспородная;"900115001053391";"20.03.2017";5;
собаки;беспородная;"643094100611169";"20.03.2017";5;
собаки;беспородная;"643094100611264";"20.03.2017";5;
собаки;беспородная;"643094100611261";"20.03.2017";5;
собаки;беспородная;"643094100611160";"20.03.2017";5;
собаки;беспородная;"643090000385718";"27.03.2017";5;
собаки;беспородная;"900015637906385";"29.03.2017";5;
собаки;беспородная;"276099200004758";"29.03.2017";5;
собаки;беспородная;"643094100611155";"29.03.2017";5;
собаки;беспородная;"643094100611396";"29.03.2017";5;
собаки;беспородная;"643094100611344";"29.03.2017";5;
собаки;беспородная;"643094100611343";"29.03.2017";5;
собаки;беспородная;"643094100611351";"29.03.2017";5;
собаки;беспородная;"643094100611353";"29.03.2017";5;
собаки;беспородная;"643094100611368";"29.03.2017";5;
собаки;беспородная;"643094100611367";"29.03.2017";5;
собаки;беспородная;"643094100611313";"29.03.2017";5;
собаки;беспородная;"643094100611312";"30.03.2017";5;
собаки;беспородная;"643094100611314";"30.03.2017";5;
собаки;беспородная;"643094100611311";"30.03.2017";5;
собаки;беспородная;"643094100611364";"30.03.2017";5;
собаки;беспородная;"900113001665155";"03.04.2017";5;
собаки;беспородная;"643094100611213";"03.04.2017";5;
собаки;беспородная;"643094100611132";"05.04.2017";5;
собаки;беспородная;"643094100611134";"05.04.2017";5;
собаки;беспородная;"643094100611255";"05.04.2017";5;
собаки;беспородная;"643094100611252";"10.04.2017";5;
собаки;беспородная;"643094100611251";"10.04.2017";5;
собаки;беспородная;"643094100611361";"10.04.2017";5;
собаки;беспородная;"643094100611174";"10.04.2017";5;
собаки;беспородная;"643094100611173";"10.04.2017";5;
собаки;беспородная;"643094100611175";"11.04.2017";5;
собаки;беспородная;"643094100611180";"11.04.2017";5;
собаки;беспородная;"643094100611176";"11.04.2017";5;
собаки;беспородная;"643094100611177";"11.04.2017";5;
собаки;беспородная;"643094100611254";"11.04.2017";5;
собаки;беспородная;"643094100611253";"12.04.2017";5;
собаки;беспородная;"643094100611191";"12.04.2017";5;
собаки;беспородная;"643094100611197";"12.04.2017";5;
собаки;беспородная;"643094100611348";"12.04.2017";5;
собаки;беспородная;"643094100611258";"12.04.2017";5;
собаки;беспородная;"643094100611223";"12.04.2017";5;
собаки;беспородная;"643094100611172";"24.04.2017";5;
собаки;беспородная;"643094100611315";"24.04.2017";5;
собаки;беспородная;"643094100611178";"24.04.2017";5;
собаки;беспородная;"643094100611161";"24.04.2017";5;
собаки;беспородная;"643094100611162";"24.04.2017";5;
собаки;беспородная;"643094100611165";"24.04.2017";5;
собаки;беспородная;"900113001665141";"24.04.2017";5;
собаки;беспородная;"900113001665144";"25.04.2017";5;
собаки;беспородная;"643094100611390";"25.04.2017";5;
собаки;беспородная;"643094100611389";"02.05.2017";5;
собаки;беспородная;"643094100611388";"02.05.2017";5;
собаки;беспородная;"643094100611387";"02.05.2017";5;
собаки;беспородная;"643094100611386";"02.05.2017";5;
собаки;беспородная;"643094100611336";"02.05.2017";5;
собаки;беспородная;"900250072400122";"02.05.2017";5;
собаки;беспородная;"643094100611383";"11.05.2017";5;
собаки;беспородная;"643094100611384";"11.05.2017";5;
собаки;беспородная;"643094100611385";"11.05.2017";5;
собаки;беспородная;"643094100611150";"11.05.2017";5;
собаки;беспородная;"643094100618599";"19.05.2017";5;
собаки;беспородная;"643094100611257";"19.05.2017";5;
собаки;беспородная;"643094100611221";"19.05.2017";5;
собаки;беспородная;"643094100611130";"19.05.2017";5;
собаки;беспородная;"643094100611129";"19.05.2017";5;
собаки;беспородная;"643094100611128";"20.05.2017";5;
собаки;беспородная;"643094100611121";"20.05.2017";5;
собаки;беспородная;"643094100611122";"20.05.2017";5;
собаки;беспородная;"643094100611125";"20.05.2017";5;
собаки;беспородная;"643094100611124";"20.05.2017";5;
собаки;беспородная;"643094100618420";"20.05.2017";5;
собаки;беспородная;"643094100618418";"20.05.2017";5;
собаки;беспородная;"643094100618417";"20.05.2017";5;
собаки;беспородная;"643094100618416";"22.05.2017";5;
собаки;беспородная;"643094100618415";"24.05.2017";5;
собаки;беспородная;"643094100618412";"24.05.2017";5;
собаки;беспородная;"6,43094100611313E+15";"26.05.2017";5;
собаки;беспородная;"900115001053333";"26.05.2017";5;
собаки;беспородная;"643094100611341";"26.05.2017";5;
собаки;беспородная;"643094100611309";"29.05.2017";5;
собаки;беспородная;"643094100611303";"29.05.2017";5;
собаки;беспородная;"643094100611310";"29.05.2017";5;
собаки;беспородная;"643094100611304";"29.05.2017";5;
собаки;беспородная;"643094100611190";"01.06.2017";5;
собаки;беспородная;"643094100618580";"02.06.2017";5;
собаки;беспородная;"643094100618578";"04.06.2017";5;
собаки;беспородная;"643094100618571";"16.06.2017";5;
собаки;беспородная;"643094100611293";"16.06.2017";5;
собаки;беспородная;"643094100618574";"16.06.2017";5;
собаки;беспородная;"643094100618575";"16.06.2017";5;
собаки;беспородная;"643094100611238";"20.06.2017";5;
собаки;беспородная;"643094100611236";"20.06.2017";5;
собаки;беспородная;"643094100611189";"20.06.2017";5;
собаки;беспородная;"643094100618433";"20.06.2017";5;
собаки;беспородная;"643094100618434";"23.06.2017";5;
собаки;беспородная;"643094100617128";"23.06.2017";5;
собаки;беспородная;"643094100617092";"23.06.2017";5;
собаки;беспородная;"643094100617099";"23.06.2017";5;
собаки;беспородная;"643094100617096";"23.06.2017";5;
собаки;беспородная;"643094100617098";"23.06.2017";5;
собаки;беспородная;"643094100617097";"23.06.2017";5;
собаки;беспородная;"643094100617100";"24.06.2017";5;
собаки;беспородная;"643094100618379";"24.06.2017";5;
собаки;беспородная;"643094100618558";"03.07.2017";5;
собаки;беспородная;"643094100618559";"07.07.2017";5;
собаки;беспородная;"643094100618557";"07.07.2017";5;
собаки;беспородная;"643094100611183";"07.07.2017";5;
собаки;беспородная;"643094100621441";"07.07.2017";5;
собаки;беспородная;"643094100618545";"07.07.2017";5;
собаки;беспородная;"643094100611188";"07.07.2017";5;
собаки;беспородная;"643094100618542";"07.07.2017";5;
собаки;беспородная;"643094100618541";"07.07.2017";5;
собаки;беспородная;"643094100618549";"07.07.2017";5;
собаки;беспородная;"643094100618550";"07.07.2017";5;
собаки;беспородная;"643094100611292";"07.07.2017";5;
собаки;беспородная;"643094100611294";"18.07.2017";5;
собаки;беспородная;"643094100611233";"18.07.2017";5;
собаки;беспородная;"643094100617129";"18.07.2017";5;
собаки;беспородная;"643094100617130";"18.07.2017";5;
собаки;беспородная;"643094100621449";"18.07.2017";5;
собаки;беспородная;"643094100617123";"18.07.2017";5;
собаки;беспородная;"900115001083528";"27.07.2017";5;
собаки;беспородная;"643094100611186";"27.07.2017";5;
собаки;беспородная;"643094100611187";"27.07.2017";5;
собаки;беспородная;"643094100618009";"03.08.2017";5;
собаки;беспородная;"643094100617134";"03.08.2017";5;
собаки;беспородная;"643094100611184";"03.08.2017";5;
собаки;беспородная;"643094100617125";"03.08.2017";5;
собаки;беспородная;"643094100611185";"03.08.2017";5;
собаки;беспородная;"643094100618432";"03.08.2017";5;
собаки;беспородная;"643094100611237";"03.08.2017";5;
собаки;беспородная;"643094100611181";"03.08.2017";5;
собаки;беспородная;"643094100611182";"03.08.2017";5;
собаки;беспородная;"643094100611198";"15.08.2017";5;
собаки;беспородная;"643094100611192";"21.08.2017";5;
собаки;беспородная;"643094100611195";"21.08.2017";5;
собаки;беспородная;"643094100618334";"21.08.2017";5;
собаки;беспородная;"643094100621144";"21.08.2017";5;
собаки;беспородная;"643094100618579";"21.08.2017";5;
собаки;беспородная;"643094100618006";"21.08.2017";5;
собаки;беспородная;"643094100617090";"21.08.2017";5;
собаки;беспородная;"643094100617088";"21.08.2017";5;
собаки;беспородная;"643094100618424";"07.09.2017";5;
собаки;беспородная;"643094100618426";"07.09.2017";5;
собаки;беспородная;"643094100618430";"07.09.2017";5;
собаки;беспородная;"643094100618427";"07.09.2017";5;
собаки;беспородная;"643094100618429";"07.09.2017";5;
собаки;беспородная;"643094100618428";"01.10.2017";5;
собаки;беспородная;"643094100618033";"01.10.2017";5;
собаки;беспородная;"643094100618332";"01.10.2017";5;
собаки;беспородная;"643094100618369";"01.10.2017";5;
собаки;беспородная;"643094100618333";"01.10.2017";5;
собаки;беспородная;"643094100618363";"10.10.2017";5;
собаки;беспородная;"643094100618335";"10.10.2017";5;
собаки;беспородная;"643094100618362";"10.10.2017";5;
собаки;беспородная;"643094100618567";"10.10.2017";5;
собаки;беспородная;"643094100617133";"10.10.2017";5;
собаки;беспородная;"643094100618568";"10.10.2017";5;
собаки;беспородная;"643094100617136";"10.10.2017";5;
собаки;беспородная;"643094100617137";"11.10.2017";5;
собаки;беспородная;"643094100618425";"11.10.2017";5;
собаки;беспородная;"643094100618422";"11.10.2017";5;
собаки;беспородная;"643094100618421";"11.10.2017";5;
собаки;беспородная;"643094100617954";"12.10.2017";5;
собаки;беспородная;"643094100617956";"12.10.2017";5;
собаки;беспородная;"643094100617957";"12.10.2017";5;
собаки;беспородная;"643094100617958";"12.10.2017";5;
собаки;беспородная;"643094100617959";"12.10.2017";5;
собаки;беспородная;"643094100617960";"12.10.2017";5;
собаки;беспородная;"643094100611196";"12.10.2017";5;
собаки;беспородная;"643094100617880";"12.10.2017";5;
собаки;беспородная;"900115001053322";"12.10.2017";5;
собаки;беспородная;"900113001085989";"12.10.2017";5;
собаки;беспородная;"900115001053329";"17.10.2017";5;
собаки;беспородная;"643094100618014";"17.10.2017";5;
собаки;беспородная;"643094100618013";"17.10.2017";5;
собаки;беспородная;"643094100618020";"17.10.2017";5;
собаки;беспородная;"643094100618018";"17.10.2017";5;
собаки;беспородная;"643094100618533";"19.10.2017";5;
собаки;беспородная;"643094100618531";"19.10.2017";5;
собаки;беспородная;"643094100618565";"19.10.2017";5;
собаки;беспородная;"643094100618562";"19.10.2017";5;
собаки;беспородная;"643094100618338";"19.10.2017";5;
собаки;беспородная;"643094100618564";"19.10.2017";5;
собаки;беспородная;"643094100618340";"20.10.2017";5;
собаки;беспородная;"643094100618569";"20.10.2017";5;
собаки;беспородная;"643094100618336";"20.10.2017";5;
собаки;беспородная;"643094100618337";"20.10.2017";5;
собаки;беспородная;"643094100617081";"20.10.2017";5;
собаки;беспородная;"643094100618476";"20.10.2017";5;
собаки;беспородная;"643094100618472";"20.10.2017";5;
собаки;беспородная;"643094100618475";"20.10.2017";5;
собаки;беспородная;"643094100618473";"20.10.2017";5;
собаки;беспородная;"643094100618471";"20.10.2017";5;
собаки;беспородная;"643094100618478";"20.10.2017";5;
собаки;беспородная;"643094100618474";"20.10.2017";5;
собаки;беспородная;"643094100618364";"20.10.2017";5;
собаки;беспородная;"643094100618361";"20.10.2017";5;
собаки;беспородная;"643094100617084";"24.10.2017";5;
собаки;беспородная;"643094100618477";"24.10.2017";5;
собаки;беспородная;"643094100617082";"24.10.2017";5;
собаки;беспородная;"643094100617083";"24.10.2017";5;
собаки;беспородная;"643094100617968";"24.10.2017";5;
собаки;беспородная;"900115001083342";"24.10.2017";5;
собаки;беспородная;"643094100618029";"29.10.2017";5;
собаки;беспородная;"643094100618028";"29.10.2017";5;
собаки;беспородная;"643094100618021";"29.10.2017";5;
собаки;беспородная;"643094100618025";"29.10.2017";5;
собаки;беспородная;"643094100618026";"29.10.2017";5;
собаки;беспородная;"643094100618027";"29.10.2017";5;
собаки;беспородная;"643094100617903";"29.10.2017";5;
собаки;беспородная;"643094100617901";"29.10.2017";5;
собаки;беспородная;"643094100617882";"29.10.2017";5;
собаки;беспородная;"643094100617904";"29.10.2017";5;
собаки;беспородная;"643094100617905";"29.10.2017";5;
собаки;беспородная;"643094100617902";"29.10.2017";5;
собаки;беспородная;"643094100617940";"29.10.2017";5;
собаки;беспородная;"643094100617937";"29.10.2017";5;
собаки;беспородная;"643094100617936";"01.11.2017";5;
собаки;беспородная;"643094100617939";"01.11.2017";5;
собаки;беспородная;"643094100617938";"01.11.2017";5;
собаки;беспородная;"643094100617961";"01.11.2017";5;
собаки;беспородная;"643094100617963";"04.11.2017";5;
собаки;беспородная;"900115001083530";"04.11.2017";5;
собаки;беспородная;"643094100617844";"04.11.2017";5;
собаки;беспородная;"643094100617845";"04.11.2017";5;
собаки;беспородная;"643094100617914";"04.11.2017";5;
собаки;беспородная;"643094100617850";"04.11.2017";5;
собаки;беспородная;"643094100617849";"07.11.2017";5;
собаки;беспородная;"643094100617990";"07.11.2017";5;
собаки;беспородная;"643094100617847";"07.11.2017";5;
собаки;беспородная;"643094100617846";"08.11.2017";5;
собаки;беспородная;"643094100617841";"08.11.2017";5;
собаки;беспородная;"643094100617929";"08.11.2017";5;
собаки;беспородная;"643094100617924";"08.11.2017";5;
собаки;беспородная;"643094100658399";"08.11.2017";5;
собаки;беспородная;"643094100617928";"09.11.2017";5;
собаки;беспородная;"643094100617984";"09.11.2017";5;
собаки;беспородная;"900115001050463";"09.11.2017";5;
собаки;беспородная;"900115001083497";"09.11.2017";5;
собаки;беспородная;"900115001083525";"09.11.2017";5;
собаки;беспородная;"643094100617925";"09.11.2017";5;
собаки;беспородная;"643094100617923";"09.11.2017";5;
собаки;беспородная;"643094100617927";"09.11.2017";5;
собаки;беспородная;"643094100617921";"09.11.2017";5;
собаки;беспородная;"643094100617922";"09.11.2017";5;
собаки;беспородная;"900115001083343";"09.11.2017";5;
собаки;беспородная;"900115001083484";"09.11.2017";5;
собаки;беспородная;"900115001083351";"12.11.2017";5;
собаки;беспородная;"643094100617981";"12.11.2017";5;
собаки;беспородная;"900115001083522";"12.11.2017";5;
собаки;беспородная;"900115001083536";"17.11.2017";5;
собаки;беспородная;"900115001083533";"17.11.2017";5;
собаки;беспородная;"900115001083523";"17.11.2017";5;
собаки;беспородная;"900115001083349";"17.11.2017";5;
собаки;беспородная;"900115001083512";"22.11.2017";5;
собаки;беспородная;"900115001083521";"01.12.2017";5;
собаки;беспородная;"900115001083505";"01.12.2017";5;
собаки;беспородная;"643094100658491";"01.12.2017";5;
собаки;беспородная;"643094100658492";"01.12.2017";5;
собаки;беспородная;"643094100659404";"01.12.2017";5;
собаки;беспородная;"643094100659405";"01.12.2017";5;
собаки;беспородная;"643094100617997";"04.12.2017";5;
собаки;беспородная;"643094100659412";"04.12.2017";5;
собаки;беспородная;"643094100659411";"04.12.2017";5;
собаки;беспородная;"643094100659414";"08.12.2017";5;
собаки;беспородная;"643094100659416";"09.12.2017";5;
собаки;беспородная;"643094100659417";"09.12.2017";5;
собаки;беспородная;"643094100658393";"09.12.2017";5;
собаки;беспородная;"643094100659418";"09.12.2017";5;
собаки;беспородная;"643094100659419";"09.12.2017";5;
собаки;беспородная;"643094100659413";"13.12.2017";5;
собаки;беспородная;"643094100659415";"16.12.2017";5;
собаки;беспородная;"643094100659420";"16.12.2017";5;
собаки;беспородная;"643094100658394";"16.12.2017";5;
собаки;беспородная;"643094100617999";"16.12.2017";5;
собаки;беспородная;"643094100617991";"16.12.2017";5;
собаки;беспородная;"643094100658464";"16.12.2017";5;
собаки;беспородная;"643094100658456";"16.12.2017";5;
собаки;беспородная;"643094100658396";"16.12.2017";5;
собаки;беспородная;"643094100658397";"16.12.2017";5;
собаки;беспородная;"643094100658398";"16.12.2017";5;
собаки;беспородная;"643094100617983";"16.12.2017";5;
собаки;беспородная;"643094100617982";"16.12.2017";5;
собаки;беспородная;"643090000453312";"16.12.2017";5;
собаки;беспородная;"643094100617891";"20.12.2017";5;
собаки;беспородная;"643090000453311";"20.12.2017";5;
собаки;беспородная;"643094100617894";"20.12.2017";5;
собаки;беспородная;"643094100617893";"20.12.2017";5;
собаки;беспородная;"643094100617898";"20.12.2017";5;
собаки;беспородная;"643094100617899";"20.12.2017";5;
собаки;беспородная;"643094100658468";"20.12.2017";5;
собаки;беспородная;"643094100658469";"25.12.2017";5;
собаки;беспородная;"643094100659407";"25.12.2017";5;
собаки;беспородная;"643094100658467";"25.12.2017";5;
собаки;беспородная;"643094100658479";"25.12.2017";5;
собаки;беспородная;"643094100658478";"25.12.2017";5;
собаки;беспородная;"643094100618060";"25.12.2017";5;
собаки;беспородная;"643094100618056";"25.12.2017";5;
собаки;беспородная;"643094100618057";"25.12.2017";5;
собаки;беспородная;"643094100658473";"25.12.2017";5;
собаки;беспородная;"643094100658476";"25.12.2017";5;
собаки;беспородная;"643094100658477";"25.12.2017";5;
собаки;беспородная;"643094100658459";"25.12.2017";5;
собаки;беспородная;"643094100658453";"25.12.2017";5;
собаки;беспородная;"643094100658465";"26.12.2017";5;
собаки;беспородная;"643094100658460";"26.12.2017";5;
собаки;беспородная;"643094100658444";"26.12.2017";5;
собаки;беспородная;"643094100658442";"26.12.2017";5;
собаки;беспородная;"643094100658446";"26.12.2017";5;
собаки;беспородная;"643094100658447";"27.12.2017";5;
собаки;беспородная;"643094100658448";"27.12.2017";5;
собаки;беспородная;"643094100659421";"27.12.2017";5;
собаки;беспородная;"643094100659424";"27.12.2017";5;
собаки;беспородная;"643094100659423";"27.12.2017";5;
собаки;беспородная;"643094100659425";"27.12.2017";5;
собаки;беспородная;"643094100659427";"27.12.2017";5;
собаки;беспородная;"643094100659430";"27.12.2017";5;
собаки;беспородная;"643094100659422";"27.12.2017";5;
собаки;беспородная;"643094100274957";"27.12.2017";5;
собаки;беспородная;"643094100618070";"27.12.2017";5;
собаки;беспородная;"643094100618069";"31.12.2017";5;
собаки;беспородная;"643094100659426";"31.12.2017";5;
собаки;беспородная;"643094100618067";"31.12.2017";5;
собаки;беспородная;"643094100618031";"17.01.2018";5;
собаки;беспородная;"643094100659409";"17.01.2018";5;
собаки;беспородная;"643094100659429";"17.01.2018";5;
собаки;беспородная;"643094100659410";"17.01.2018";5;
собаки;беспородная;"643094100624300";"17.01.2018";5;
собаки;беспородная;"643094100624299";"17.01.2018";5;
собаки;беспородная;"992001000226205";"17.01.2018";5;
собаки;беспородная;"992001000226204";"17.01.2018";5;
собаки;беспородная;"900113001665282";"17.01.2018";5;
собаки;беспородная;"643094100622633";"22.01.2018";5;
собаки;беспородная;"643094100658472";"22.01.2018";5;
собаки;беспородная;"643094100624292";"22.01.2018";5;
собаки;беспородная;"643094100622674";"22.01.2018";5;
собаки;беспородная;"643094100622676";"22.01.2018";5;
собаки;беспородная;"643094100622665";"22.01.2018";5;
собаки;беспородная;"643094100624323";"23.01.2018";5;
собаки;беспородная;"643094100624293";"23.01.2018";5;
собаки;беспородная;"981098106266087";"24.01.2018";5;
собаки;беспородная;"643094100622631";"24.01.2018";5;
собаки;беспородная;"643094100622635";"24.01.2018";5;
собаки;беспородная;"900115001083510";"29.01.2018";5;
собаки;беспородная;"900115001083526";"29.01.2018";5;
собаки;беспородная;"900119000578399";"29.01.2018";5;
собаки;беспородная;"643094100622650";"29.01.2018";5;
собаки;беспородная;"643094100622647";"29.01.2018";5;
собаки;беспородная;"643094100622815";"29.01.2018";5;
собаки;беспородная;"643094100622630";"29.01.2018";5;
собаки;беспородная;"643094100622629";"01.02.2018";5;
собаки;беспородная;"643094100622628";"01.02.2018";5;
собаки;беспородная;"643094100622627";"01.02.2018";5;
собаки;беспородная;"643094100622626";"01.02.2018";5;
собаки;беспородная;"643094100624322";"01.02.2018";5;
собаки;беспородная;"643094100624291";"01.02.2018";5;
собаки;беспородная;"643094100622641";"01.02.2018";5;
собаки;беспородная;"643094100622642";"01.02.2018";5;
собаки;беспородная;"643094100622817";"01.02.2018";5;
собаки;беспородная;"643094100622819";"01.02.2018";5;
собаки;беспородная;"643094100622816";"01.02.2018";5;
собаки;беспородная;"643094100660564";"01.02.2018";5;
собаки;беспородная;"643094100660566";"09.02.2018";5;
собаки;беспородная;"643094100660567";"09.02.2018";5;
собаки;беспородная;"643094100660568";"09.02.2018";5;
собаки;беспородная;"643094100660565";"09.02.2018";5;
собаки;беспородная;"643094100660570";"09.02.2018";5;
собаки;беспородная;"643094100660569";"09.02.2018";5;
собаки;беспородная;"64309410066059";"09.02.2018";5;
собаки;беспородная;"643094100660590";"09.02.2018";5;
собаки;беспородная;"643094100660583";"11.02.2018";5;
собаки;беспородная;"643094100622622";"15.02.2018";5;
собаки;беспородная;"643094100660527";"15.02.2018";5;
собаки;беспородная;"643094100660544";"15.02.2018";5;
собаки;беспородная;"643094100660546";"15.02.2018";5;
собаки;беспородная;"900193000515264";"15.02.2018";5;
собаки;беспородная;"900115001083498";"15.02.2018";5;
собаки;беспородная;"643094100624326";"15.02.2018";5;
собаки;беспородная;"643094100660543";"15.02.2018";5;
собаки;беспородная;"643094100660549";"02.03.2018";5;
собаки;беспородная;"643094100660550";"02.03.2018";5;
собаки;беспородная;"643094100660547";"02.03.2018";5;
собаки;беспородная;"643094100660582";"05.03.2018";5;
собаки;беспородная;"643094100660521";"05.03.2018";5;
собаки;беспородная;"643094100660524";"05.03.2018";5;
собаки;беспородная;"643094100660522";"05.03.2018";5;
собаки;беспородная;"643094100660525";"05.03.2018";5;
собаки;беспородная;"643094100660537";"05.03.2018";5;
собаки;беспородная;"643094100660530";"05.03.2018";5;
собаки;беспородная;"643094100660523";"05.03.2018";5;
собаки;беспородная;"643094100660528";"05.03.2018";5;
собаки;беспородная;"643094100660529";"05.03.2018";5;
собаки;беспородная;"643094100660526";"05.03.2018";5;
собаки;беспородная;"643094100660490";"05.03.2018";5;
собаки;беспородная;"643094100660483";"08.03.2018";5;
собаки;беспородная;"643094100660487";"08.03.2018";5;
собаки;беспородная;"643094100660541";"09.03.2018";5;
собаки;беспородная;"643094100660444";"09.03.2018";5;
собаки;беспородная;"643094100660441";"09.03.2018";5;
собаки;беспородная;"643094100660449";"09.03.2018";5;
собаки;беспородная;"643094100660485";"09.03.2018";5;
собаки;беспородная;"643094100660482";"12.03.2018";5;
собаки;беспородная;"643094100660484";"12.03.2018";5;
собаки;беспородная;"643094100660481";"12.03.2018";5;
собаки;беспородная;"643094100660489";"12.03.2018";5;
собаки;беспородная;"643094100660486";"12.03.2018";5;
собаки;беспородная;"643094100660488";"12.03.2018";5;
собаки;беспородная;"643094100660581";"12.03.2018";5;
собаки;беспородная;"643094100660445";"12.03.2018";5;
собаки;беспородная;"643094100660553";"12.03.2018";5;
собаки;беспородная;"643094100660446";"12.03.2018";5;
собаки;беспородная;"643094100660442";"14.03.2018";5;
собаки;беспородная;"643094100660450";"14.03.2018";5;
собаки;беспородная;"643094100660448";"14.03.2018";5;
собаки;беспородная;"643094100660443";"21.03.2018";5;
собаки;беспородная;"643094100660447";"21.03.2018";5;
собаки;беспородная;"643094100660554";"29.03.2018";5;
собаки;беспородная;"643094100660455";"29.03.2018";5;
собаки;беспородная;"643094100660454";"29.03.2018";5;
собаки;беспородная;"643094100660456";"29.03.2018";5;
собаки;беспородная;"643094100660457";"29.03.2018";5;
собаки;беспородная;"643094100660458";"29.03.2018";5;
собаки;беспородная;"643094100660459";"03.04.2018";5;
собаки;беспородная;"643094100660594";"03.04.2018";5;
собаки;беспородная;"643094100622623";"03.04.2018";5;
собаки;беспородная;"643094100660595";"04.04.2018";5;
собаки;беспородная;"643094100660579";"04.04.2018";5;
собаки;беспородная;"643094100660580";"04.04.2018";5;
собаки;беспородная;"643094100660576";"04.04.2018";5;
собаки;беспородная;"643094100660584";"04.04.2018";5;
собаки;беспородная;"643094100656575";"09.04.2018";5;
собаки;беспородная;"643094100656571";"09.04.2018";5;
собаки;беспородная;"643094100656573";"09.04.2018";5;
собаки;беспородная;"643094100656572";"09.04.2018";5;
собаки;беспородная;"643094100656580";"09.04.2018";5;
собаки;беспородная;"643094100656579";"09.04.2018";5;
собаки;беспородная;"643094100656578";"09.04.2018";5;
собаки;беспородная;"643094100656533";"09.04.2018";5;
собаки;беспородная;"643094100660593";"09.04.2018";5;
собаки;беспородная;"643094100660555";"09.04.2018";5;
собаки;беспородная;"643094100656535";"19.04.2018";5;
собаки;беспородная;"643094100660451";"19.04.2018";5;
собаки;беспородная;"643094100660452";"19.04.2018";5;
собаки;беспородная;"643094100660552";"19.04.2018";5;
собаки;беспородная;"643094100660460";"19.04.2018";5;
собаки;беспородная;"643094100656576";"19.04.2018";5;
собаки;беспородная;"643094100660598";"19.04.2018";5;
собаки;беспородная;"643094100656521";"19.04.2018";5;
собаки;беспородная;"643094100656534";"20.04.2018";5;
собаки;беспородная;"643094100656448";"20.04.2018";5;
собаки;беспородная;"643094100656449";"20.04.2018";5;
собаки;беспородная;"643094100656450";"20.04.2018";5;
собаки;беспородная;"643094100656441";"20.04.2018";5;
собаки;беспородная;"643094100624327";"23.04.2018";5;
собаки;беспородная;"643094100656532";"23.04.2018";5;
собаки;беспородная;"643094100656451";"23.04.2018";5;
собаки;беспородная;"643094100656453";"26.04.2018";5;
собаки;беспородная;"643094100656530";"26.04.2018";5;
собаки;беспородная;"643094100660573";"26.04.2018";5;
собаки;беспородная;"643094100660578";"26.04.2018";5;
собаки;беспородная;"643094100660453";"26.04.2018";5;
собаки;беспородная;"643094100656566";"26.04.2018";5;
собаки;беспородная;"643094100624329";"26.04.2018";5;
собаки;беспородная;"643094100656460";"26.04.2018";5;
собаки;беспородная;"643094100656457";"26.04.2018";5;
собаки;беспородная;"992001000226201";"26.04.2018";5;
собаки;беспородная;"643094100656568";"26.04.2018";5;
собаки;беспородная;"643094100656569";"10.05.2018";5;
собаки;беспородная;"643094100656570";"10.05.2018";5;
собаки;беспородная;"643094100656567";"10.05.2018";5;
собаки;беспородная;"643094100656489";"14.05.2018";5;
собаки;беспородная;"643094100656490";"14.05.2018";5;
собаки;беспородная;"643094100656487";"14.05.2018";5;
собаки;беспородная;"643094100656488";"16.05.2018";5;
собаки;беспородная;"643094100656486";"16.05.2018";5;
собаки;беспородная;"643094100656491";"16.05.2018";5;
собаки;беспородная;"643094100656495";"24.05.2018";5;
собаки;беспородная;"643094100656497";"24.05.2018";5;
собаки;беспородная;"643094100656500";"01.06.2018";5;
собаки;беспородная;"643094100656499";"01.06.2018";5;
собаки;беспородная;"643094100656502";"01.06.2018";5;
собаки;беспородная;"643094100656506";"01.06.2018";5;
собаки;беспородная;"643094100656519";"01.06.2018";5;
собаки;беспородная;"643094100656516";"01.06.2018";5;
собаки;беспородная;"643094100656518";"01.06.2018";5;
собаки;беспородная;"643094100656517";"01.06.2018";5;
собаки;беспородная;"643094100656503";"01.06.2018";5;
собаки;беспородная;"643094100656508";"01.06.2018";5;
собаки;беспородная;"643094100656505";"01.06.2018";5;
собаки;беспородная;"643094100656504";"01.06.2018";5;
собаки;беспородная;"643094100660506";"01.06.2018";5;
собаки;беспородная;"643094100660507";"01.06.2018";5;
собаки;беспородная;"643094100656527";"01.06.2018";5;
собаки;беспородная;"643094100656525";"01.06.2018";5;
собаки;беспородная;"643094100656526";"01.06.2018";5;
собаки;беспородная;"643094100660499";"01.06.2018";5;
собаки;беспородная;"643094100660498";"01.06.2018";5;
собаки;беспородная;"643094100660497";"01.06.2018";5;
собаки;беспородная;"643094100660495";"01.06.2018";5;
собаки;беспородная;"643094100660496";"01.06.2018";5;
собаки;беспородная;"643094100660469";"10.06.2018";5;
собаки;беспородная;"643094100660592";"14.06.2018";5;
собаки;беспородная;"643094100660510";"14.06.2018";5;
собаки;беспородная;"643094100660502";"14.06.2018";5;
собаки;беспородная;"643094100660503";"14.06.2018";5;
собаки;беспородная;"643094100660504";"18.06.2018";5;
собаки;беспородная;"643094100660501";"22.06.2018";5;
собаки;беспородная;"900015637906719";"22.06.2018";5;
собаки;беспородная;"992001000219998";"22.06.2018";5;
собаки;беспородная;"992001000219999";"22.06.2018";5;
собаки;беспородная;"992001000219665";"23.06.2018";5;
собаки;беспородная;"992001000219668";"05.07.2018";5;
собаки;беспородная;"992001000219664";"12.07.2018";5;
собаки;беспородная;"643094100660514";"12.07.2018";5;
собаки;беспородная;"643094100660500";"13.07.2018";5;
собаки;беспородная;"900193000515695";"13.07.2018";5;
собаки;беспородная;"900115001357650";"13.07.2018";5;
собаки;беспородная;"643094100660466";"13.07.2018";5;
собаки;беспородная;"643094100660468";"13.07.2018";5;
собаки;беспородная;"643094100660467";"19.07.2018";5;
собаки;беспородная;"643094100660493";"19.07.2018";5;
собаки;беспородная;"643094100660494";"19.07.2018";5;
собаки;беспородная;"643094100660470";"19.07.2018";5;
собаки;беспородная;"643094100660461";"19.07.2018";5;
собаки;беспородная;"643094100660407";"19.07.2018";5;
собаки;беспородная;"643094100660511";"19.07.2018";5;
собаки;беспородная;"643094100660515";"19.07.2018";5;
собаки;беспородная;"643094100660517";"19.07.2018";5;
собаки;беспородная;"643094100660518";"19.07.2018";5;
собаки;беспородная;"643094100660519";"06.08.2018";5;
собаки;беспородная;"643094100660520";"06.08.2018";5;
собаки;беспородная;"643094100660513";"06.08.2018";5;
собаки;беспородная;"643094100660512";"06.08.2018";5;
собаки;беспородная;"900215000046661";"07.08.2018";5;
собаки;беспородная;"900215000046677";"08.08.2018";5;
собаки;беспородная;"900215000046668";"08.08.2018";5;
собаки;беспородная;"900215000046665";"17.08.2018";5;
собаки;беспородная;"900215000046663";"17.08.2018";5;
собаки;беспородная;"643094100660508";"17.08.2018";5;
собаки;беспородная;"643094100660462";"17.08.2018";5;
собаки;беспородная;"900115001357966";"17.08.2018";5;
собаки;беспородная;"643094100660420";"17.08.2018";5;
собаки;беспородная;"643094100660464";"17.08.2018";5;
собаки;беспородная;"643094100660408";"21.08.2018";5;
собаки;беспородная;"643094100660403";"21.08.2018";5;
собаки;беспородная;"643094100660428";"21.08.2018";5;
собаки;беспородная;"643094100660427";"25.08.2018";5;
собаки;беспородная;"643094100660426";"25.08.2018";5;
собаки;беспородная;"643094100660425";"27.08.2018";5;
собаки;беспородная;"643094100660424";"27.08.2018";5;
собаки;беспородная;"643094100660421";"27.08.2018";5;
собаки;беспородная;"643094100660429";"29.08.2018";5;
собаки;беспородная;"643094100660440";"29.08.2018";5;
собаки;беспородная;"643094100622823";"29.08.2018";5;
собаки;беспородная;"643094100622830";"29.08.2018";5;
собаки;беспородная;"643094100622828";"29.08.2018";5;
собаки;беспородная;"643094100622826";"29.08.2018";5;
собаки;беспородная;"643094100622824";"03.09.2018";5;
собаки;беспородная;"643094100622825";"03.09.2018";5;
собаки;беспородная;"643094100660439";"10.09.2018";5;
кошки;беспородная;"643090000099606";"01.01.2013";5;
кошки;беспородная;"643090000099605";"01.01.2012";5;
кошки;беспородная;"643090000061402";"01.03.2015";5;
кошки;беспородная;"643090000099616";"01.01.2013";5;
кошки;беспородная;"643090000061308";"01.01.2012";5;
кошки;беспородная;"643090000100788";"01.09.2010";5;
кошки;беспородная;"643090000059917";"01.09.2010";5;
кошки;беспородная;"643110000521461";"01.03.2015";5;
кошки;беспородная;"643110000521460";"01.03.2015";5;
кошки;беспородная;"643090000124007";"01.11.2012";5;
кошки;беспородная;"643090000124026";"01.10.2012";5;
кошки;беспородная;"643090000124020";"01.11.2014";5;
кошки;беспородная;"643090000124024";"01.10.2010";5;
кошки;беспородная;"643090000124012";"01.11.2011";5;
кошки;беспородная;"643090000124103";"01.10.2012";5;
кошки;беспородная;"643090000124105";"01.06.2015";5;
кошки;беспородная;"643090000124104";"01.07.2015";5;
кошки;беспородная;"643110900068893";"01.06.2015";5;
кошки;беспородная;"643110900068895";"01.09.2015";5;
кошки;беспородная;"643110900068872";"01.06.2015";5;
кошки;беспородная;"643110900068849";"01.06.2015";5;
кошки;беспородная;"643110900068843";"01.06.2015";5;
кошки;беспородная;"643110900072392";"01.12.2013";5;
кошки;беспородная;"643110900072363";"01.12.2013";5;
кошки;беспородная;"643110900072333";"01.12.2011";5;
кошки;беспородная;"643110900072331";"01.12.2008";5;
кошки;беспородная;"643110900072321";"01.12.2013";5;
кошки;беспородная;"643110900072381";"01.02.2015";5;
кошки;беспородная;"643090000099005";"01.06.2015";5;
кошки;беспородная;"643110900044950";"01.12.2014";5;
кошки;беспородная;"643090000130066";"01.01.2013";5;
кошки;беспородная;"643110900072206";"01.04.2014";5;
кошки;беспородная;"643110700022959";"01.01.2014";5;
кошки;беспородная;"643110700022549";"01.01.2014";5;
кошки;беспородная;"643110700023233";"01.01.2012";5;
кошки;беспородная;"643110700023103";"01.01.2014";5;
кошки;беспородная;"643110700023004";"01.01.2014";5;
кошки;беспородная;"643110700023106";"01.01.2014";5;
кошки;беспородная;"643110700023065";"01.01.2015";5;
кошки;беспородная;"643110700022973";"01.01.2014";5;
кошки;беспородная;"643110700023001";"01.01.2013";5;
кошки;беспородная;"643110700023261";"01.01.2000";5;
кошки;беспородная;"643110900013592";"01.04.2013";5;
кошки;беспородная;"643090000099607";"01.04.2014";5;
кошки;беспородная;"643090000058296";"01.04.2014";5;
кошки;беспородная;"643090000061407";"01.04.2012";5;
кошки;беспородная;"643110900013583";"01.04.2012";5;
кошки;беспородная;"643110700023245";"01.06.2015";5;
кошки;беспородная;"643110700043505";"02.03.2015";5;
кошки;беспородная;"643110700043548";"01.01.2012";5;
кошки;беспородная;"643110700039936";"01.10.2014";5;
кошки;беспородная;"643110700039896";"01.06.2016";5;
кошки;беспородная;"643110700039899";"01.11.2011";5;
кошки;беспородная;"643110700065045";"01.11.2011";5;
кошки;беспородная;"643110700064519";"01.07.2016";5;
кошки;беспородная;"643110700064503";"01.06.2015";5;
кошки;беспородная;"643110800004532";"01.06.2016";5;
кошки;беспородная;"643110800004525";"01.12.2013";5;
кошки;беспородная;"643110800004544";"01.12.2014";5;
кошки;беспородная;"643110800004831";"01.01.2014";5;
кошки;беспородная;"643099000317595";"01.11.2016";5;
кошки;беспородная;"643110800015379";"01.01.2014";5;
кошки;беспородная;"643099000317622";"01.03.2016";5;
кошки;беспородная;"643099000317600";"01.03.2016";5;
кошки;беспородная;"643099000317593";"01.04.2015";5;
кошки;беспородная;"643099000317588";"01.09.2016";5;
кошки;беспородная;"643110800015400";"01.01.2013";5;
кошки;беспородная;"643110800015395";"01.01.2013";5;
кошки;беспородная;"643110800015380";"01.01.2014";5;
кошки;беспородная;"643110800015394";"01.01.2015";5;
кошки;беспородная;"643110800000403";"01.01.2016";5;
кошки;беспородная;"643110800015304";;5;
кошки;беспородная;"643110800019486";"01.08.2016";5;
кошки;беспородная;"643110800019484";"01.08.2015";5;
кошки;беспородная;"643110800019491";"01.01.2014";5;
кошки;беспородная;"643110800019478";"01.04.2015";5;
кошки;беспородная;"643110800019456";"01.01.2014";5;
кошки;беспородная;"643110800019464";"01.01.2013";5;
кошки;беспородная;"643110800019434";"01.03.2015";5;
кошки;беспородная;"643110800019420";"01.03.2017";5;
кошки;беспородная;"643110800019418";"01.03.2017";5;
кошки;беспородная;"643110800019419";"01.03.2017";5;
кошки;беспородная;"643110800026671";"01.05.2014";5;
кошки;беспородная;"643110800019416";"01.04.2014";5;
кошки;беспородная;"643110800019435";"01.03.2015";5;
кошки;беспородная;"643110800026694";"01.05.2014";5;
кошки;беспородная;"643110800026656";"01.01.2016";5;
кошки;беспородная;"643110800019401";"01.01.2015";5;
кошки;беспородная;"643110800026698";"01.12.2016";5;
кошки;беспородная;"643110800026615";"01.01.2013";5;
кошки;беспородная;"643110800026644";"01.05.2015";5;
кошки;беспородная;"643110800026642";"01.05.2015";5;
кошки;беспородная;"643110800026613";"01.01.2013";5;
кошки;беспородная;"643110800029688";"01.11.2016";5;
кошки;беспородная;"643110800029658";"01.01.2012";5;
кошки;беспородная;"643094100498612";"01.12.2016";5;
кошки;беспородная;"643094100498615";"01.08.2014";5;
кошки;беспородная;"643094100498617";"01.08.2014";5;
кошки;беспородная;"643110800013937";"01.04.2017";5;
кошки;беспородная;"643110800029621";"01.02.2017";5;
кошки;беспородная;"643110800029634";"01.02.2015";5;
кошки;беспородная;"643094100500748";"01.01.2010";5;
кошки;беспородная;"643094100500689";"01.08.2014";5;
кошки;беспородная;"643094100486326";"01.01.2014";5;
кошки;беспородная;"643094100500686";"01.08.2015";5;
кошки;беспородная;"643110800029632";"05.04.2017";5;
кошки;беспородная;"643094100500746";"01.01.2012";5;
кошки;беспородная;"643094100531229";"01.01.2010";5;
кошки;беспородная;"643094100486296";"01.04.2017";5;
кошки;беспородная;"643094100486291";"01.01.2013";5;
кошки;беспородная;"643094100486292";"01.01.2013";5;
кошки;беспородная;"643094100486357";"01.03.2014";5;
кошки;беспородная;"643094100486285";"01.10.2014";5;
кошки;беспородная;"643094100486484";"01.01.2015";5;
кошки;беспородная;"643094100486351";"01.01.2013";5;
кошки;беспородная;"643094100486388";"01.01.2012";5;
кошки;беспородная;"643094100487118";"01.08.2017";5;
кошки;беспородная;"643094100521077";"01.01.2013";5;
кошки;беспородная;"643094100531230";"01.11.2014";5;
кошки;беспородная;"643094100521005";"01.11.2015";5;
кошки;беспородная;"643094100521006";"01.11.2014";5;
кошки;беспородная;"643094100487146";"01.05.2017";5;
кошки;беспородная;"643110800046224";"01.06.2017";5;
кошки;беспородная;"643110800046285";"01.01.2015";5;
кошки;беспородная;"643110800046287";"01.12.2016";5;
кошки;беспородная;"643110800046288";"01.06.2017";5;
кошки;беспородная;"643094100534740";"01.01.2015";5;
кошки;беспородная;"643094100534025";"01.01.2015";5;
кошки;беспородная;"643094100536409";"01.01.2016";5;
кошки;беспородная;"643094100536241";"01.04.2015";5;
кошки;беспородная;"643094100570463";"01.05.2016";5;
кошки;беспородная;"643094100570406";"01.05.2017";5;
кошки;беспородная;"643094100571452";"01.06.2014";5;
кошки;беспородная;"643094100531305";"01.05.2018";5;
кошки;беспородная;"643094100531254";"01.06.2016";5;
кошки;беспородная;"643094100531253";"01.06.2016";5;
кошки;беспородная;"643094100531259";"01.01.2010";5;
кошки;беспородная;"643094100536218";"01.01.2015";5;
кошки;беспородная;"643094100531323";"01.06.2013";5;
кошки;беспородная;"643094100536219";"01.08.2017";5;
кошки;беспородная;"643094100572243";"01.05.2018";5;
кошки;беспородная;"643110800072311";"01.03.2018";5;
кошки;беспородная;"643094100572267";"01.08.2014";5;
кошки;беспородная;"643094100572324";"01.08.2012";5;
кошки;беспородная;"643094100572326";"01.08.2017";5;
кошки;беспородная;"643094100572334";"01.09.2015";5;
кошки;беспородная;"643110800072302";"01.04.2018";5;
кошки;беспородная;"643110800072305";"01.04.2018";5;
кошки;беспородная;"643110800072388";"01.06.2018";5;
кошки;беспородная;"643110800072376";"01.09.2017";5;
кошки;беспородная;"643110800072382";"01.06.2018";5;
кошки;беспородная;"643110800072254";"01.04.2018";5;
кошки;беспородная;"643110800072243";"01.04.2018";5;
кошки;беспородная;"643110800072244";"01.01.2014";5;
кошки;беспородная;"643110800072245";"01.01.2014";5;
кошки;беспородная;"643110800072275";"01.04.2018";5;
кошки;беспородная;"643110800072274";"01.01.2017";5;
кошки;беспородная;"643110800072127";"01.01.2017";5;
кошки;беспородная;"643110800072136";"01.01.2015";5;
кошки;беспородная;"643094100578740";"01.01.2015";5;
кошки;беспородная;"643094100578662";"01.01.2011";5;
кошки;беспородная;"643094100578641";"01.01.2011";5;
кошки;беспородная;"643094100578690";"01.01.2013";5;
кошки;беспородная;"643094100578737";"01.05.2018";5;
кошки;беспородная;"643094100578585";"01.12.2016";5;
кошки;беспородная;"643094100578584";"01.02.2018";5;
кошки;беспородная;"643110800072172";"01.09.2016";5;
кошки;беспородная;"643110800072241";"01.12.2016";5;
кошки;беспородная;"643094100578650";"01.12.2015";5;
кошки;беспородная;"643094100578541";"01.05.2018";5;
кошки;беспородная;"643094100578733";"01.05.2018";5;
кошки;беспородная;"643094100578762";"01.01.2014";5;
кошки;беспородная;"643094100578568";"01.01.2014";5;
кошки;беспородная;"643094100578566";"01.01.2015";5;
кошки;беспородная;"643094100578612";"01.12.2015";5;
кошки;беспородная;"643094100578567";"01.12.2017";5;
кошки;беспородная;"643094100578580";"01.12.2016";5;
кошки;беспородная;"643094100578617";"01.08.2018";5;
кошки;беспородная;"643094100578628";"01.01.2017";5;
кошки;беспородная;"643094100578627";"01.01.2017";5;
кошки;беспородная;"643094100614090";"01.01.2017";5;
кошки;беспородная;"643094100614089";"01.02.2017";5;
кошки;беспородная;"643094100614088";"01.02.2014";5;
кошки;беспородная;"643094100613916";"01.02.2017";5;
кошки;беспородная;"643094100614114";"01.02.2018";5;
кошки;беспородная;"643094100614005";"01.01.2018";5;
кошки;беспородная;"643094100614004";"01.05.2018";5;
кошки;беспородная;"643094100614002";"01.02.2017";5;
кошки;беспородная;"643094100614001";"01.02.2017";5;
кошки;беспородная;"643094100614009";"01.02.2017";5;
кошки;беспородная;"643094100614095";"01.02.2017";5;
кошки;беспородная;"643094100613982";"01.02.2015";5;
кошки;беспородная;"643094100613983";"01.02.2017";5;
кошки;беспородная;"643094100614093";"01.02.2015";5;
кошки;беспородная;"643094100578498";"01.01.2016";5;
кошки;беспородная;"643094100614094";"01.02.2017";5;
кошки;беспородная;"643094100614104";"01.02.2015";5;
кошки;беспородная;"643094100614105";"01.02.2010";5;
кошки;беспородная;"643094100614106";"01.02.2016";5;
кошки;беспородная;"643094100614107";"01.02.2016";5;
кошки;беспородная;"643094100614109";"01.02.2016";5;
кошки;беспородная;"643094100594013";"01.01.2017";5;
кошки;беспородная;"643094100613881";"01.02.2016";5;
кошки;беспородная;"643094100613882";"01.02.2016";5;
кошки;беспородная;"643094100614066";"01.02.2016";5;
кошки;беспородная;"643094100611327";"01.03.2017";5;
кошки;беспородная;"643094100611328";"01.03.2017";5;
кошки;беспородная;"643094100578492";"01.03.2017";5;
кошки;беспородная;"643094100578783";"01.10.2017";5;
кошки;беспородная;"643094100611171";"01.01.2016";5;
кошки;беспородная;"643094100611365";"01.05.2018";5;
кошки;беспородная;"643094100611193";"01.02.2015";5;
кошки;беспородная;"643094100611222";"01.01.2014";5;
кошки;беспородная;"643094100611300";"01.05.2012";5;
кошки;беспородная;"643094100578782";"01.10.2017";5;
кошки;беспородная;"643094100611210";"01.01.2017";5;
кошки;беспородная;"643094100618600";"01.01.2014";5;
кошки;беспородная;"643094100613913";"01.01.2016";5;
кошки;беспородная;"643094100578499";"01.02.2015";5;
кошки;беспородная;"643094100613914";"01.01.2016";5;
кошки;беспородная;"643094100611360";"01.08.2018";5;
кошки;беспородная;"643094100611358";"01.08.2018";5;
кошки;беспородная;"643094100611100";"01.01.2018";5;
кошки;беспородная;"643094100618323";"01.06.2017";5;
кошки;беспородная;"643094100618330";"01.01.2018";5;
кошки;беспородная;"643094100618436";"01.06.2018";5;
кошки;беспородная;"643094100611356";"01.08.2018";5;
кошки;беспородная;"643094100611262";"01.04.2016";5;
кошки;беспородная;"643093300128219";"01.06.2018";5;
кошки;беспородная;"643094100578784";"01.10.2017";5;
кошки;беспородная;"643094100614081";"01.02.2015";5;
кошки;беспородная;"643094100614082";"01.02.2016";5;
кошки;беспородная;"643094100611231";"01.01.2016";5;
кошки;беспородная;"643094100611092";"01.01.2017";5;
кошки;беспородная;"643094100611230";"01.01.2016";5;
кошки;беспородная;"643094100611224";"01.01.2017";5;
кошки;беспородная;"643094100618008";"01.01.2017";5;
кошки;беспородная;"643094100614074";"01.02.2016";5;
кошки;беспородная;"643094100618329";"01.06.2018";5;
кошки;беспородная;"643094100618327";"01.06.2016";5;
кошки;беспородная;"643094100617888";"01.07.2016";5;
кошки;беспородная;"643094100617886";"01.01.2016";5;
кошки;беспородная;"643094100617951";"01.01.2015";5;
кошки;беспородная;"643094100617970";"01.01.2014";5;
кошки;беспородная;"643094100618012";"01.07.2018";5;
кошки;беспородная;"643094100618011";"01.12.2018";5;
кошки;беспородная;"643094100617935";"01.07.2016";5;
кошки;беспородная;"643094100617933";"01.01.2019";5;
кошки;беспородная;"643094100618024";"01.06.2019";5;
кошки;беспородная;"643094100617912";"01.01.2014";5;
кошки;беспородная;"643094100617911";"01.01.2015";5;
кошки;беспородная;"643094100617848";"01.05.2018";5;
кошки;беспородная;"643094100617972";"01.01.2018";5;
кошки;беспородная;"643094100617843";"01.06.2017";5;
кошки;беспородная;"643094100658400";"01.01.2015";5;
кошки;беспородная;"643094100658392";"01.01.2015";5;
кошки;беспородная;"643094100658391";"01.09.2013";5;
кошки;беспородная;"643094100658499";"01.01.2014";5;
кошки;беспородная;"643094100658500";"01.01.2016";5;
кошки;беспородная;"643094100658494";"01.01.2014";5;
кошки;беспородная;"643094100658493";"01.01.2013";5;
кошки;беспородная;"643094100617979";"01.06.2019";5;
кошки;беспородная;"643094100617978";"01.06.2019";5;
кошки;беспородная;"643094100617977";"01.06.2019";5;
кошки;беспородная;"643094100617980";"01.06.2019";5;
кошки;беспородная;"643094100617944";"01.07.2019";5;
кошки;беспородная;"643094100617946";"01.07.2019";5;
кошки;беспородная;"643094100618058";"01.01.2016";5;
кошки;беспородная;"643094100617896";"01.01.2017";5;
кошки;беспородная;"643094100617976";"01.01.2014";5;
кошки;беспородная;"643094100617913";"01.01.2014";5;
кошки;беспородная;"643094100617916";"01.07.2015";5;
кошки;беспородная;"643094100617915";"01.07.2015";5;
кошки;беспородная;"643094100617919";"01.01.2018";5;
кошки;беспородная;"643094100617920";"01.01.2018";5;
кошки;беспородная;"643094100617917";"01.01.2018";5;
кошки;беспородная;"643094100658463";"01.01.2016";5;
кошки;беспородная;"643094100618054";"01.01.2017";5;
кошки;беспородная;"643094100622634";"01.01.2017";5;
кошки;беспородная;"643094100622673";"01.05.2019";5;
кошки;беспородная;"643094100618065";"15.07.2019";5;
кошки;беспородная;"643094100618063";"15.07.2019";5;
кошки;беспородная;"643094100618064";"15.07.2019";5;
кошки;беспородная;"643094100618062";"15.07.2019";5;
кошки;беспородная;"643094100659428";"01.01.2016";5;
кошки;беспородная;"643094100618038";"01.08.2016";5;
кошки;беспородная;"643094100659408";"01.09.2012";5;
кошки;беспородная;"643094100618061";"01.01.2016";5;
кошки;беспородная;"643094100618034";"01.01.2016";5;
кошки;беспородная;"643094100624330";"20.07.2019";5;
кошки;беспородная;"643094100622667";"20.07.2019";5;
кошки;беспородная;"643094100622632";"01.01.2015";5;
кошки;беспородная;"643094100660574";"01.01.2015";5;
кошки;беспородная;"643094100660600";"02.01.2015";5;
кошки;беспородная;"643094100660586";"03.01.2015";5;
кошки;беспородная;"643094100660545";"06.01.2015";5;
кошки;беспородная;"643094100660559";"08.01.2015";5;
кошки;беспородная;"643094100660560";"09.01.2015";5;
кошки;беспородная;"643094100660557";"10.01.2015";5;
кошки;беспородная;"643094100656442";"01.06.2019";5;
кошки;беспородная;"643094100656443";"01.10.2012";5;
кошки;беспородная;"643094100656447";"01.03.2019";5;
кошки;беспородная;"643094100660551";"01.10.2016";5;
кошки;беспородная;"643094100660571";"01.06.2017";5;
кошки;беспородная;"643094100656540";"01.03.2019";5;
кошки;беспородная;"643094100656537";"01.06.2019";5;
кошки;беспородная;"643094100656538";"01.06.2019";5;
кошки;беспородная;"643094100656531";"01.05.2018";5;
кошки;беспородная;"643094100656445";"01.06.2019";5;
кошки;беспородная;"643094100656446";"01.06.2019";5;
кошки;беспородная;"643094100656539";"01.06.2019";5;
кошки;беспородная;"643094100656444";"01.10.2014";5;
кошки;беспородная;"643094100656529";"01.07.2019";5;
кошки;беспородная;"643094100656528";"01.07.2019";5;
кошки;беспородная;"643094100656455";"01.07.2019";5;
кошки;беспородная;"643094100656456";"01.07.2019";5;
кошки;беспородная;"643094100656452";"01.07.2019";5;
кошки;беспородная;"643094100656562";"01.01.2017";5;
кошки;беспородная;"643094100656565";"01.11.2017";5;
кошки;беспородная;"643094100656481";"01.06.2019";5;
кошки;беспородная;"643094100656507";"01.02.2019";5;
кошки;беспородная;"643094100656509";"01.04.2019";5;
кошки;беспородная;"643094100656482";"01.06.2019";5;
кошки;беспородная;"643094100656483";"01.06.2019";5;
кошки;беспородная;"643094100656494";"01.01.2017";5;
кошки;беспородная;"643094100656484";"01.06.2019";5;
кошки;беспородная;"643094100656485";"01.07.2019";5;
кошки;беспородная;"643094100656492";"01.02.2019";5;
кошки;беспородная;"643094100656493";"01.02.2019";5;
кошки;беспородная;"643094100656496";"01.01.2016";5;
кошки;беспородная;"643094100656498";"01.01.2017";5;
кошки;беспородная;"643094100660480";"01.01.2018";5;
кошки;беспородная;"643094100660491";"01.01.2018";5;
кошки;беспородная;"643094100660477";"01.10.2019";5;
кошки;беспородная;"643094100660478";"01.10.2019";5;
кошки;беспородная;"643094100660479";"01.09.2019";5;
кошки;беспородная;"643094100660475";"01.10.2019";5;
кошки;беспородная;"643094100660474";"01.09.2019";5;
кошки;беспородная;"643094100660473";"01.10.2019";5;
кошки;беспородная;"643094100660472";"01.09.2019";5;
кошки;беспородная;"643094100660471";"01.01.2016";5;
кошки;беспородная;"643094100660404";"01.01.2016";5;
кошки;беспородная;"643094100660414";"01.07.2019";5;
кошки;беспородная;"643094100660411";"01.07.2019";5;
кошки;беспородная;"643094100660412";"01.07.2019";5;
кошки;беспородная;"643094100660401";"01.06.2019";5;
кошки;беспородная;"643094100660410";"01.06.2019";5;
кошки;беспородная;"643094100656515";"01.06.2019";5;
кошки;беспородная;"643094100656513";"01.07.2019";5;
кошки;беспородная;"643094100656514";"01.01.2018";5;
кошки;беспородная;"643094100660492";"01.06.2019";5;
кошки;беспородная;"643094100660505";"01.04.2019";5;
кошки;беспородная;"643094100656501";"01.05.2019";5;
собаки;метис;"643095317832359";"11.04.2017";17;f
собаки;метис;"643110700002395";"01.03.2016";17;f
собаки;метис;"972270000110612";"01.11.2011";17;f
собаки;метис;"643093300016905";"10.10.2017";17;m
собаки;метис;"643093300016906";"10.10.2017";17;m
собаки;метис;"643093300016907";"08.10.2017";17;m
собаки;метис;"643090000216014";"21.11.2017";17;f
собаки;метис;"643090000216013";"21.11.2017";17;f
собаки;метис;"972270000162880";"13.10.2011";17;f
собаки;метис;"643110000014476";"01.05.2010";17;f
собаки;метис;"972270000118112";"31.10.2011";17;m
собаки;метис;"972270000020720";"01.03.2016";17;f
собаки;метис;"972270000030599";"28.06.2010";17;f
собаки;метис;"972270000027287";"02.07.2010";17;f
собаки;метис;"941000002015856";"08.01.2016";17;f
собаки;метис;"972270000030638";"11.06.2010";17;f
собаки;метис;"941000002504399";"01.03.2016";17;m
собаки;метис;"941000002593099";"04.06.2008";17;f
собаки;метис;"643110700002354";"09.01.2016";17;m
собаки;метис;"972270000164085";"19.09.2013";17;f
собаки;метис;"643090000268990";"31.01.2018";17;m
собаки;метис;"643090000268984";"31.01.2018";17;f
собаки;метис;"643090000268982";"09.02.2018";17;f
собаки;метис;"643094100085351";"01.03.2016";17;f
собаки;метис;"972000000904055";"12.09.2008";17;f
собаки;метис;"972270000286867";"16.06.2013";17;m
собаки;метис;"972270000119560";"12.07.2017";17;f
собаки;метис;"972270000020383";"04.06.2010";17;f
собаки;метис;"941000002594367";"11.07.2008";17;f
собаки;метис;"972270000171071";"01.01.2017";17;m
собаки;метис;"941000000760466";"13.06.2018";17;f
собаки;метис;"972270000110957";"09.07.2011";17;f
собаки;метис;"643110900052388";"26.09.2015";17;m
собаки;метис;"972270000115837";"24.10.2011";17;m
собаки;метис;"972000000874112";"04.09.2008";17;f
собаки;метис;"972270000168765";"24.11.2011";17;m
собаки;метис;"972000000891966";"01.03.2016";17;m
собаки;метис;"972270000130539";"06.05.2011";17;f
собаки;метис;"972270000186935";"08.12.2011";17;f
собаки;метис;"941000002530866";"01.03.2016";17;f
собаки;метис;"941000002589967";"18.07.2008";17;f
собаки;метис;"972270000291707";"26.07.2013";17;f
собаки;метис;"972000000869584";"01.03.2016";17;f
собаки;метис;"643094100012206";"13.04.2009";17;m
собаки;метис;"972270000020561";"07.01.2016";17;m
собаки;метис;"941000000719993";"10.01.2016";17;f
собаки;метис;"643095317832351";"15.08.2017";17;f
собаки;метис;"941000002604220";"12.06.2008";17;m
собаки;метис;"972270000111910";"11.08.2011";17;f
собаки;метис;"941000001314804";"01.03.2016";17;f
собаки;метис;"972270000114950";"07.05.2017";17;f
собаки;метис;"972000000908393";"18.08.2008";17;m
собаки;метис;"972270000284572";"19.10.2013";17;m
собаки;метис;"643110000521679";"10.09.2015";17;f
собаки;метис;"941000002517151";"05.06.2008";17;m
собаки;метис;"972270000031100";"17.06.2010";17;m
собаки;метис;"941000002599108";"01.03.2016";17;m
собаки;метис;"972270000116623";"03.02.2011";17;f
собаки;метис;"972270000112901";"03.07.2011";17;f
собаки;метис;"972270000117827";"22.10.2011";17;m
собаки;метис;"972270000113038";"31.10.2011";17;f
собаки;метис;"972000000867072";"01.03.2016";17;f
собаки;метис;"643110000026273";"11.03.2017";17;f
собаки;метис;"972270000118392";"05.08.2011";17;m
собаки;метис;"941000002601907";"16.06.2008";17;f
собаки;метис;"972000000874919";"19.09.2008";17;f
собаки;метис;"972000000868568";"20.09.2008";17;m
собаки;метис;"972000000862867";"27.09.2008";17;m
собаки;метис;"941000002044410";"21.04.2009";17;f
собаки;метис;"900164000425268";"07.08.2014";17;f
собаки;метис;"900164000425277";"09.08.2014";17;f
собаки;метис;"900169000425251";"09.08.2014";17;m
собаки;метис;"643110900052285";"01.01.2017";17;f
собаки;метис;"643110900052119";"07.08.2015";17;m
собаки;метис;"941000002608796";"01.03.2016";17;f
собаки;метис;"643110700033688";"01.03.2016";17;f
собаки;метис;"643110700033613";"01.03.2016";17;m
собаки;метис;"972270000322256";"07.02.2014";17;m
собаки;метис;"972270000029591";"11.06.2010";17;m
собаки;метис;"972270000110676";"05.08.2011";17;m
собаки;метис;"941000001324560";"03.01.2016";17;m
собаки;метис;"972000000894602";"28.12.2015";17;f
собаки;метис;"643093300016914";"21.01.2018";17;f
собаки;метис;"972000010012538";"28.12.2015";17;f
собаки;метис;"972270000024529";"10.04.2009";17;m
собаки;метис;"972270000162701";"07.08.2011";17;f
собаки;метис;"972270000117303";"31.10.2011";17;m
собаки;метис;"643021160001054";"01.03.2016";17;m
собаки;метис;"941000002528003";"07.07.2008";17;m
собаки;метис;"972270000119491";"03.06.2011";17;m
собаки;метис;"972000010001010";"09.05.2010";17;f
собаки;метис;"972270000118540";"05.08.2011";17;m
собаки;метис;"643110000026864";"24.12.2015";17;f
собаки;метис;"972000000869595";"01.03.2016";17;f
собаки;метис;"972000000313801";"01.03.2016";17;m
собаки;метис;"972270000029582";"01.03.2016";17;f
собаки;метис;"972000000868730";"01.03.2016";17;f
собаки;метис;"972270000130658";"02.01.2016";17;f
собаки;метис;"972270000116336";"07.08.2011";17;m
собаки;метис;"972270000162686";"18.08.2011";17;m
собаки;метис;"972270000162559";"12.12.2011";17;m
собаки;метис;"972270000162240";"15.12.2015";17;m
собаки;метис;"972270000112235";"17.03.2011";17;f
собаки;метис;"972270000136248";"12.05.2011";17;f
собаки;метис;"643095317832383";"10.01.2017";17;f
собаки;метис;"643095317832385";"01.01.2017";17;f
собаки;метис;"643095317832345";"11.03.2017";17;m
собаки;метис;"972270000111484";"13.02.2011";17;f
собаки;метис;"972270000188395";"12.12.2011";17;m
собаки;метис;"972270000283269";"14.10.2013";17;m
собаки;метис;"972270000117247";"05.08.2011";17;f
собаки;метис;"972270000117866";"13.08.2011";17;f
собаки;метис;"972000010014284";"09.05.2010";17;f
собаки;метис;"972270000296453";"13.10.2013";17;m
собаки;метис;"972270000112898";"01.01.2017";17;m
собаки;метис;"643110900052160";"07.08.2015";17;m
собаки;метис;"643110900052152";"07.08.2015";17;f
собаки;метис;"643090000216017";"21.11.2017";17;f
собаки;метис;"643090000216016";"21.11.2017";17;f
собаки;метис;"643090000216015";"21.11.2017";17;f
собаки;метис;"643095317832381";"01.01.2017";17;m
собаки;метис;"643095317832382";"01.01.2017";17;f
собаки;метис;"972270000112731";"06.10.2011";17;f
собаки;метис;"643090000300950";"01.03.2016";17;f
собаки;метис;"972270000111009";"01.03.2016";17;m
собаки;метис;"972270000164483";"28.02.2013";17;m
собаки;метис;"643095317832371";"01.01.2017";17;f
собаки;метис;"972270000160572";"24.02.2014";17;m
собаки;метис;"900164000427082";"13.12.2014";17;m
собаки;метис;"643090003000950";"15.03.2018";17;f
собаки;метис;"972000000902696";"20.09.2008";17;f
собаки;метис;"972270000111444";"21.10.2011";17;f
собаки;метис;"972270000136989";"17.04.2011";17;f
собаки;метис;"941000001330733";"01.03.2016";17;f
собаки;метис;"643110700002257";"25.12.2015";17;m
собаки;метис;"643093300021475";"01.01.2017";17;m
собаки;метис;"972270000298661";"14.09.2013";17;m
собаки;метис;"643095317832374";"01.01.2017";17;m
собаки;метис;"972270000186727";"17.10.2011";17;f
собаки;метис;"972270000870812";"06.09.2008";17;f
собаки;метис;"972270000175857";"06.10.2011";17;f
собаки;метис;"972270000162783";"13.12.2011";17;f
собаки;метис;"972270000179050";"26.07.2012";17;m
собаки;метис;"972000000870735";"11.02.2010";17;f
собаки;метис;"643094100006233";"01.03.2016";17;m
собаки;метис;"972270000116309";"17.11.2011";17;m
собаки;метис;"972270000118047";"17.11.2011";17;f
собаки;метис;"972270000112038";"19.11.2011";17;f
собаки;метис;"972270000136048";"09.04.2011";17;m
собаки;метис;"972270000117171";"02.07.2011";17;f
собаки;метис;"972270000165415";"10.07.2011";17;m
собаки;метис;"643094100011683";"01.03.2016";17;f
собаки;метис;"972270000118225";"12.12.2011";17;f
собаки;метис;"972270000116313";"09.04.2012";17;f
собаки;метис;"643021160001005";"01.03.2016";17;m
собаки;метис;"972270000031010";"02.05.2010";17;f
собаки;метис;"643021160001014";"01.03.2016";17;f
собаки;метис;"643021160001004";"01.03.2016";17;f
собаки;метис;"941000002035134";"01.03.2016";17;m
собаки;метис;"972270000023552";"01.03.2016";17;f
собаки;метис;"941000002606193";"01.03.2016";17;m
собаки;метис;"941000002526643";"01.03.2016";17;m
собаки;метис;"972270000186719";"20.09.2008";17;m
собаки;метис;"643090000129288";"15.10.2016";17;f
собаки;метис;"941000002006890";"06.04.2009";17;f
собаки;метис;"972270000185636";"03.11.2011";17;m
собаки;метис;"972270000160747";"21.07.2012";17;m
собаки;метис;"972270000165865";"21.07.2012";17;m
собаки;метис;"972270000171397";"29.04.2011";17;m
собаки;метис;"643021160001001";"21.05.2011";17;m
собаки;метис;"643021160001066";"01.03.2016";17;m
собаки;метис;"643098100039094";"01.03.2016";17;f
собаки;метис;"972270000174908";"01.11.2011";17;m
собаки;метис;"972270000168404";"20.01.2012";17;f
собаки;метис;"972270000160850";"20.07.2012";17;m
собаки;метис;"643110700063907";"15.10.2016";17;f
собаки;метис;"972270000162128";"01.03.2016";17;m
собаки;метис;"643093300016919";"22.11.2017";17;m
собаки;метис;"972000000873039";"27.09.2008";17;m
собаки;метис;"941000001952813";"01.03.2016";17;m
собаки;метис;"941000002507174";"09.07.2008";17;f
собаки;метис;"941000002017412";"05.04.2009";17;f
собаки;метис;"972270000110654";"15.07.2011";17;f
собаки;метис;"972270000110106";"14.07.2011";17;m
собаки;метис;"972270000162513";"09.12.2011";17;f
собаки;метис;"900164000426871";"01.11.2014";17;f
собаки;метис;"972000010010624";"02.04.2009";17;f
собаки;метис;"972270000118602";"06.10.2011";17;m
собаки;метис;"972270000185884";"01.08.2011";17;f
собаки;метис;"972270000130528";"01.08.2011";17;f
собаки;метис;"972000000873021";"01.03.2016";17;m
собаки;метис;"972270000114723";"04.07.2011";17;m
собаки;метис;"972270000119167";"04.07.2011";17;f
собаки;метис;"972270000122410";"26.04.2011";17;m
собаки;метис;"972270000113979";"23.08.2012";17;m
собаки;метис;"972270000313804";"01.03.2016";17;f
собаки;метис;"643094100012055";"15.04.2009";17;f
собаки;метис;"643094100012674";"22.04.2009";17;f
собаки;метис;"972270000119849";"03.10.2011";17;f
собаки;метис;"643094100012116";"07.04.2009";17;m
собаки;метис;"643021160001008";"01.03.2016";17;f
собаки;метис;"972270000118283";"13.08.2011";17;m
собаки;метис;"972000000876027";"01.01.2017";17;f
собаки;метис;"972270000164064";"13.07.2012";17;f
собаки;метис;"643021160001061";"01.03.2016";17;f
собаки;метис;"972000000897501";"03.06.2011";17;f
собаки;метис;"972270000188333";"24.03.2013";17;m
собаки;метис;"972000000548781";"01.03.2016";17;m
собаки;метис;"972270000026365";"10.04.2010";17;f
собаки;метис;"972270000027213";"29.05.2010";17;f
собаки;метис;"941000002500776";"15.12.2008";17;f
собаки;метис;"643094100012926";"20.02.2010";17;f
собаки;метис;"972270000130415";"01.03.2016";17;f
собаки;метис;"941000000734629";"01.03.2016";17;m
собаки;метис;"941000002507440";"01.03.2016";17;f
собаки;метис;"941000002595753";"01.03.2016";17;m
собаки;метис;"643110700063991";"01.03.2016";17;f
собаки;метис;"643093300016917";"01.01.2017";17;m
собаки;метис;"643093300016901";"22.11.2017";17;m
собаки;метис;"972270000115512";"08.04.2011";17;f
собаки;метис;"972270000174100";"22.02.2013";17;f
собаки;метис;"643090000058483";"02.05.2015";17;f
собаки;метис;"972270000118925";"03.10.2011";17;m
собаки;метис;"972270000118778";"21.10.2011";17;m
собаки;метис;"941000002530949";"07.07.2008";17;m
собаки;метис;"972000010012469";"22.01.2009";17;m
собаки;метис;"972270000188783";"07.02.2013";17;f
собаки;метис;"643110900052022";"01.03.2016";17;f
собаки;метис;"972270000175002";"18.11.2012";17;f
собаки;метис;"972270000117291";"03.05.2011";17;m
собаки;метис;"972270000162890";"25.07.2011";17;f
собаки;метис;"972270000188478";"28.09.2011";17;f
собаки;метис;"972270000322660";"03.10.2013";17;m
собаки;метис;"972270000323520";"03.10.2013";17;f
собаки;метис;"972270000313101";"10.10.2013";17;m
собаки;метис;"643095317826525";"01.03.2016";17;m
собаки;метис;"981020009160017";"01.03.2016";17;f
собаки;метис;"972000000870935";"27.09.2008";17;m
собаки;метис;"972270000186140";"02.02.2013";17;m
собаки;метис;"972270000188062";"01.03.2016";17;m
собаки;метис;"972000000888668";"01.03.2016";17;m
собаки;метис;"972000000874268";"12.01.2009";17;m
собаки;метис;"643095317832318";"01.03.2016";17;m
собаки;метис;"643095317832340";"01.03.2016";17;f
собаки;метис;"643095317832319";"01.03.2016";17;m
собаки;метис;"643095317832339";"01.03.2016";17;f
собаки;метис;"972270000110504";"12.08.2011";17;m
собаки;метис;"941000001531438";"01.03.2016";17;f
собаки;метис;"972270000119828";"13.08.2011";17;m
собаки;метис;"972270000186484";"12.08.2011";17;f
собаки;метис;"972270000113238";"14.04.2012";17;f
собаки;метис;"972270000286874";"09.05.2013";17;f
собаки;метис;"972270000286304";"16.05.2013";17;f
собаки;метис;"972270000285633";"16.05.2013";17;f
собаки;метис;"941000000690528";"01.03.2016";17;m
собаки;метис;"972000000872624";"19.09.2008";17;m
собаки;метис;"972270000118667";"12.02.2011";17;f
собаки;метис;"972270000304622";"02.05.2013";17;f
собаки;метис;"643094100001729";"01.03.2016";17;m
собаки;метис;"972270000113588";"04.08.2011";17;f
собаки;метис;"972270000185276";"12.08.2011";17;m
собаки;метис;"972000000867710";"13.09.2008";17;m
собаки;метис;"972270000020730";"10.05.2010";17;m
собаки;метис;"972270000185776";"17.10.2011";17;f
собаки;метис;"972270000117752";"27.02.2012";17;f
собаки;метис;"972270000162536";"01.03.2016";17;m
собаки;метис;"900164000424661";"01.03.2016";17;f
собаки;метис;"972270000323925";"26.06.2014";17;m
собаки;метис;"900164000425072";"02.08.2014";17;m
собаки;метис;"900164000425118";"03.08.2014";17;f
собаки;метис;"933064300001208";"01.03.2016";17;f
собаки;метис;"933064300001286";"01.03.2016";17;f
собаки;метис;"933064300001234";"01.03.2016";17;f
собаки;метис;"933064300001268";"01.03.2016";17;f
собаки;метис;"972270000119173";"21.10.2011";17;m
собаки;метис;"972270000117547";"21.10.2011";17;m
собаки;метис;"643095317832344";"01.03.2016";17;m
собаки;метис;"643090000055421";"01.03.2016";17;f
собаки;метис;"972270000186713";"01.03.2016";17;f
собаки;метис;"972000000866758";"12.09.2008";17;m
собаки;метис;"972270000119406";"01.03.2016";17;f
собаки;метис;"972270000185916";"01.03.2016";17;m
собаки;метис;"972270000117039";"28.08.2011";17;f
собаки;метис;"941000000747538";"01.03.2016";17;f
собаки;метис;"972270000116574";"01.04.2011";17;m
собаки;метис;"972270000175662";"21.01.2012";17;f
собаки;метис;"643110700004846";"08.02.2016";17;f
собаки;метис;"643110700003587";"12.02.2016";17;f
собаки;метис;"941000002603871";"12.06.2008";17;m
собаки;метис;"941000002607484";"16.06.2008";17;f
собаки;метис;"972270000162185";"03.10.2011";17;f
собаки;метис;"972270000186675";"02.12.2011";17;f
собаки;метис;"643094100138534";"17.03.2015";17;m
собаки;метис;"643094100061586";"17.03.2015";17;f
собаки;метис;"941000002525938";"24.05.2008";17;m
собаки;метис;"972270000025989";"23.07.2010";17;f
собаки;метис;"972270000306916";"14.09.2013";17;m
собаки;метис;"972270000031066";"19.06.2010";17;f
собаки;метис;"972270000119763";"01.11.2011";17;m
собаки;метис;"972270000115080";"04.11.2011";17;m
собаки;метис;"643094100003027";"07.03.2009";17;m
собаки;метис;"972270000188779";"09.12.2011";17;m
собаки;метис;"972270000165740";"01.03.2016";17;m
собаки;метис;"972000010010931";"14.10.2008";17;m
собаки;метис;"972270000118811";"10.05.2011";17;f
собаки;метис;"972270000112958";"22.10.2011";17;m
собаки;метис;"972000000902693";"16.04.2009";17;f
собаки;метис;"643094100013496";"26.04.2009";17;m
собаки;метис;"972270000118851";"22.05.2011";17;f
собаки;метис;"972270000115691";"21.10.2011";17;m
собаки;метис;"972270000175266";"12.12.2011";17;m
собаки;метис;"673094100001780";"09.07.2008";17;f
собаки;метис;"972000000869735";"11.04.2009";17;f
собаки;метис;"972270000186422";"02.12.2011";17;m
собаки;метис;"972270000186334";"31.03.2013";17;f
собаки;метис;"972270000284590";"25.10.2013";17;m
собаки;метис;"972000000870752";"02.04.2009";17;f
собаки;метис;"900164000425238";"22.08.2014";17;f
собаки;метис;"972270000119508";"18.06.2011";17;f
собаки;метис;"941000001543203";"01.03.2016";17;f
собаки;метис;"941000002001683";"01.03.2016";17;f
собаки;метис;"972270000113922";"01.10.2011";17;m
собаки;метис;"972270000186660";"01.03.2016";17;m
собаки;метис;"643110000012757";"01.03.2016";17;m
собаки;метис;"972270000188341";"01.12.2011";17;m
собаки;метис;"941000002055709";"15.08.2017";17;f
собаки;метис;"972000000274413";"13.12.2011";17;m
собаки;метис;"972270000284776";"27.06.2013";17;m
собаки;метис;"643094100002684";"01.03.2016";17;f
собаки;метис;"643094100001782";"21.03.2011";17;f
собаки;метис;"941000002611096";"09.07.2008";17;f
собаки;метис;"972270000165602";"04.12.2011";17;f
собаки;метис;"972270000284712";"09.05.2013";17;m
собаки;метис;"972270000118648";"01.03.2016";17;m
собаки;метис;"941000002028683";"24.05.2008";17;f
собаки;метис;"972270000188093";"10.11.2011";17;m
собаки;метис;"941000002000777";"01.03.2016";17;f
собаки;метис;"972270000117701";"01.05.2011";17;f
собаки;метис;"941000002534908";"01.03.2016";17;f
собаки;метис;"643094100003420";"01.03.2016";17;m
собаки;метис;"972000010009439";"01.03.2016";17;f
собаки;метис;"972000010014920";"01.03.2016";17;f
собаки;метис;"972000010014291";"01.03.2016";17;f
собаки;метис;"900164000425274";"16.08.2014";17;m
собаки;метис;"941000002058527";"01.03.2016";17;m
собаки;метис;"941000002003003";"01.03.2016";17;f
собаки;метис;"941000002022460";"01.03.2016";17;f
собаки;метис;"972270000119434";"02.10.2011";17;m
собаки;метис;"643110000521675";"18.09.2015";17;f
собаки;метис;"972270000029535";"01.03.2016";17;m
собаки;метис;"941000002521610";"24.05.2008";17;m
собаки;метис;"941000002528144";"12.04.2009";17;f
собаки;метис;"972270000113419";"08.05.2011";17;f
собаки;метис;"972000000866147";"14.12.2011";17;f
собаки;метис;"972000000867721";"10.12.2011";17;f
собаки;метис;"941000002033176";"01.03.2016";17;m
собаки;метис;"972270000232673";"01.03.2016";17;f
собаки;метис;"972270000119111";"16.06.2011";17;f
собаки;метис;"972270000116017";"13.12.2011";17;f
собаки;метис;"972270000119566";"12.06.2011";17;f
собаки;метис;"643110000521665";"20.09.2015";17;f
собаки;метис;"643110000521652";"25.09.2015";17;m
собаки;метис;"643094100010555";"10.01.2017";17;m
собаки;метис;"972000000896809";"13.03.2009";17;m
собаки;метис;"972000010012327";"02.04.2009";17;f
собаки;метис;"972000000869965";"16.03.2009";17;m
собаки;метис;"972270000118221";"01.11.2011";17;m
собаки;метис;"941000001197295";"01.03.2016";17;f
собаки;метис;"972270000236737";"08.02.2014";17;f
собаки;метис;"900164000425221";"22.08.2014";17;f
собаки;метис;"900164000425243";"22.08.2014";17;f
собаки;метис;"972270000168201";"18.11.2011";17;f
собаки;метис;"972270000162672";"09.06.2013";17;f
собаки;метис;"972270000031047";"01.03.2016";17;f
собаки;метис;"941000002200937";"16.03.2009";17;m
собаки;метис;"972000000867990";"17.04.2009";17;m
собаки;метис;"972000000845893";"12.04.2009";17;f
собаки;метис;"972270000162840";"10.11.2011";17;f
собаки;метис;"972000000883560";"15.04.2009";17;m
собаки;метис;"972270000111073";"03.02.2011";17;f
собаки;метис;"972270000111345";"31.10.2011";17;f
собаки;метис;"972270000188938";"05.01.2017";17;m
собаки;метис;"643110000521676";"21.09.2015";17;f
собаки;метис;"972270000025026";"17.09.2010";17;f
собаки;метис;"972270000185646";"25.07.2011";17;f
собаки;метис;"972270000115030";"07.11.2011";17;m
собаки;метис;"972270000113298";"04.11.2011";17;f
собаки;метис;"972270000185798";"08.11.2011";17;m
собаки;метис;"643090000058238";"16.04.2015";17;f
собаки;метис;"972270000119942";"22.10.2011";17;m
собаки;метис;"972270000170077";"24.11.2011";17;m
собаки;метис;"972270000119016";"01.03.2016";17;m
собаки;метис;"972270000026481";"19.06.2010";17;f
собаки;метис;"972000000875465";"27.09.2011";17;m
собаки;метис;"972000010012368";"02.06.2011";17;m
собаки;метис;"972270000110250";"07.10.2011";17;f
собаки;метис;"972270000136278";"04.06.2010";17;f
собаки;метис;"972000010009114";"13.06.2010";17;f
собаки;метис;"972000010001391";"29.09.2011";17;m
собаки;метис;"643021160001013";"01.03.2016";17;m
собаки;метис;"972270000111734";"28.02.2011";17;f
собаки;метис;"972270000118026";"14.04.2011";17;f
собаки;метис;"941000002013967";"09.04.2008";17;f
собаки;метис;"941000002011958";"01.03.2016";17;m
собаки;метис;"941000002043447";"01.03.2016";17;m
собаки;метис;"643094100002720";"01.03.2016";17;m
собаки;метис;"941000002058606";"01.03.2016";17;m
собаки;метис;"972270000110920";"10.07.2011";17;m
собаки;метис;"941000001330946";"01.03.2016";17;f
собаки;метис;"643095317832372";"08.01.2017";17;f
собаки;метис;"972000000888186";"07.04.2009";17;f
собаки;метис;"972270000165749";"29.01.2013";17;m
собаки;метис;"972270000168221";"02.02.2013";17;m
собаки;метис;"972270000112430";"03.11.2011";17;m
собаки;метис;"972270000165464";"26.11.2011";17;m
собаки;метис;"972270000117027";"20.11.2011";17;m
собаки;метис;"972000010010925";"11.10.2008";17;f
собаки;метис;"643094100012794";"12.04.2009";17;f
собаки;метис;"972270000186597";"12.12.2011";17;f
собаки;метис;"643094100008775";"01.03.2016";17;f
собаки;метис;"643110700033694";"24.05.2016";17;f
собаки;метис;"972270000171022";"19.07.2012";17;f
собаки;метис;"900164000425761";"13.12.2014";17;f
собаки;метис;"941000002509737";"01.03.2016";17;f
собаки;метис;"972000000882885";"01.03.2016";17;f
собаки;метис;"643093300021523";"01.03.2016";17;f
собаки;метис;"643110000521668";"03.10.2015";17;f
собаки;метис;"933064300001242";"01.03.2016";17;m
собаки;метис;"933064300001248";"01.03.2016";17;f
собаки;метис;"972270000186064";"01.07.2017";17;m
собаки;метис;"972270000116285";"02.04.2011";17;f
собаки;метис;"643110000027491";"01.05.2010";17;m
собаки;метис;"643110900051855";"13.07.2015";17;f
собаки;метис;"941000001997258";"01.03.2016";17;m
собаки;метис;"972270000117787";"19.11.2011";17;m
собаки;метис;"972270000306544";"10.03.2014";17;m
собаки;метис;"972270000188760";"13.10.2011";17;
собаки;метис;"972270000188528";"17.03.2013";17;f
собаки;метис;"900164000426772";"02.10.2014";17;f
собаки;метис;"643090000058485";"18.05.2015";17;f
собаки;метис;"643090000058484";"01.03.2016";17;f
собаки;метис;"972270000322579";"07.03.2014";17;m
собаки;метис;"643090000060972";"08.10.2015";17;f
собаки;метис;"972270000188703";"21.10.2011";17;f
собаки;метис;"972000000870201";"01.03.2016";17;m
собаки;метис;"643094100013942";"30.03.2009";17;m
собаки;метис;"972000010014134";"06.05.2010";17;f
собаки;метис;"972270000185446";"21.10.2011";17;m
собаки;метис;"972270000175536";"15.02.2013";17;m
собаки;метис;"972270000112391";"27.02.2012";17;f
собаки;метис;"933064300001272";"01.03.2016";17;f
собаки;метис;"972270000026691";"08.07.2010";17;f
собаки;метис;"972270000025502";"10.07.2010";17;f
собаки;метис;"900164000426933";"20.11.2014";17;f
собаки;метис;"643110900052147";"11.07.2015";17;m
собаки;метис;"643094100018191";"01.03.2016";17;m
собаки;метис;"900164000425113";"26.07.2014";17;f
собаки;метис;"972000010014639";"11.03.2010";17;m
собаки;метис;"972270000165960";"06.11.2011";17;m
собаки;метис;"972270000185967";"14.10.2011";17;m
собаки;метис;"643110000521711";"11.10.2015";17;f
собаки;метис;"972270000136892";"05.05.2011";17;m
собаки;метис;"972270000171287";"09.12.2012";17;f
собаки;метис;"972000000883268";"01.03.2016";17;f
собаки;метис;"972270000171967";"10.12.2012";17;f
собаки;метис;"972270000162426";"15.04.2013";17;f
собаки;метис;"643090000058358";"13.04.2015";17;m
собаки;метис;"643021160001019";"01.03.2016";17;m
собаки;метис;"972000000870747";"01.03.2016";17;m
собаки;метис;"972270000188348";"13.10.2011";17;m
собаки;метис;"972270000188684";"08.11.2011";17;f
собаки;метис;"643021160001100";"01.03.2016";17;m
собаки;метис;"972270000136510";"07.04.2011";17;f
собаки;метис;"972270000188374";"13.10.2011";17;m
собаки;метис;"643094100013824";"27.03.2009";17;f
собаки;метис;"972270000175792";"09.03.2013";17;m
собаки;метис;"972000000892297";"19.10.2011";17;m
собаки;метис;"972270000122916";"10.05.2011";17;f
собаки;метис;"972270000185777";"06.10.2011";17;f
собаки;метис;"941000001992754";"01.03.2016";17;f
собаки;метис;"972270000188630";"13.10.2011";17;f
собаки;метис;"972270000188467";"07.12.2011";17;f
собаки;метис;"972000010010681";"11.02.2009";17;
собаки;метис;"972270000110069";"02.04.2011";17;m
собаки;метис;"941000002033424";"01.03.2016";17;f
собаки;метис;"972270000162573";"19.07.2011";17;m
собаки;метис;"900164000426820";"27.09.2014";17;m
собаки;метис;"972270000119105";"27.08.2011";17;f
собаки;метис;"972270000170404";"07.03.2013";17;m
собаки;метис;"643094100005411";"01.03.2016";17;m
собаки;метис;"643093300016911";"22.11.2017";17;m
собаки;метис;"643094100012207";"21.11.2017";17;f
собаки;метис;"643090000216004";"21.11.2017";17;m
собаки;метис;"643021160001057";"01.03.2016";17;f
собаки;метис;"643021160001058";"01.03.2016";17;m
собаки;метис;"643094100013897";"30.03.2009";17;
собаки;метис;"972270000305638";"31.10.2013";17;m
собаки;метис;"941000002598079";"01.03.2016";17;m
собаки;метис;"972000000496840";"04.01.2009";17;m
собаки;метис;"643110900052159";"03.08.2015";17;f
собаки;метис;"972270000186768";"31.03.2013";17;f
собаки;метис;"972270000314140";"05.10.2013";17;m
собаки;метис;"972270000175063";"01.03.2016";17;f
собаки;метис;"643090000125517";"01.03.2016";17;f
собаки;метис;"643110000521594";"01.03.2016";17;m
собаки;метис;"643110000521543";"01.03.2016";17;m
собаки;метис;"972270000117106";"28.10.2011";17;m
собаки;метис;"972270000341076";"29.06.2014";17;f
собаки;метис;"643094100005447";"29.10.2014";17;m
собаки;метис;"972270000113974";"01.02.2011";17;m
собаки;метис;"972270000168966";"29.03.2013";17;m
собаки;метис;"643094100004662";"01.03.2016";17;f
собаки;метис;"643090000226548";"01.03.2016";17;m
собаки;метис;"643090000129290";"21.03.2016";17;m
собаки;метис;"972270000162493";"13.07.2017";17;m
собаки;метис;"643021160001056";"01.03.2016";17;m
собаки;метис;"900164000426383";"01.03.2016";17;m
собаки;метис;"643094100009765";"12.11.2014";17;f
собаки;метис;"972270000322428";"07.04.2014";17;m
собаки;метис;"972270000168440";"13.04.2014";17;f
собаки;метис;"972270000171385";"20.01.2012";17;f
собаки;метис;"972270000111047";"01.03.2016";17;f
собаки;метис;"900164000426502";"20.02.2015";17;m
собаки;метис;"900164000426213";"23.02.2015";17;f
собаки;метис;"900164000426492";"20.02.2015";17;m
собаки;метис;"900164000426228";"20.02.2015";17;f
собаки;метис;"900164000426494";"23.02.2015";17;m
собаки;метис;"643110700063970";"21.10.2016";17;f
собаки;метис;"643110700064000";"21.10.2016";17;f
собаки;метис;"643110700063984";"21.10.2016";17;f
собаки;метис;"941000001533542";"01.03.2016";17;f
собаки;метис;"643094100007978";"01.03.2016";17;m
собаки;метис;"643094100007441";"01.03.2016";17;m
собаки;метис;"972270000023198";"26.05.2010";17;m
собаки;метис;"972000000876342";"12.12.2011";17;m
собаки;метис;"972270000188047";"28.03.2013";17;m
собаки;метис;"972270000188130";"05.10.2016";17;f
собаки;метис;"972270000188368";"19.10.2011";17;f
собаки;метис;"643094100017487";"30.03.2009";17;f
собаки;метис;"972270000162714";"21.01.2012";17;f
собаки;метис;"972270000162990";"26.09.2011";17;m
собаки;метис;"972270000188609";"23.03.2013";17;f
собаки;метис;"972270000162973";"03.11.2011";17;f
собаки;метис;"643021160001079";"01.03.2016";17;m
собаки;метис;"643093300021543";"01.01.2017";17;f
собаки;метис;"643095317832660";"01.03.2016";17;m
собаки;метис;"643110700002760";"09.01.2016";17;m
собаки;метис;"900164000426217";"01.03.2016";17;
собаки;метис;"643090000125658";"20.07.2016";17;f
собаки;метис;"643110000521678";"10.09.2015";17;f
собаки;метис;"643110900051971";"01.03.2016";17;m
собаки;метис;"941000001548171";"15.04.2009";17;f
собаки;метис;"972270000188015";"09.12.2011";17;f
собаки;метис;"972270000186619";"12.12.2011";17;m
собаки;метис;"972270000111474";"05.08.2011";17;m
собаки;метис;"900164000425286";"07.08.2014";17;f
собаки;метис;"972270000114679";"03.04.2011";17;f
собаки;метис;"972270000162039";"25.03.2013";17;m
собаки;метис;"972270000186494";"15.04.2013";17;f
собаки;метис;"972270000160686";"26.08.2012";17;f
собаки;метис;"972270000020892";"01.03.2016";17;f
собаки;метис;"643094100004727";"22.04.2009";17;
собаки;метис;"643110900052391";"09.08.2015";17;f
собаки;метис;"972270000118123";"14.08.2011";17;f
собаки;метис;"972270000175538";"02.12.2013";17;f
собаки;метис;"972270000031079";"20.08.2010";17;f
собаки;метис;"972270000315111";"04.11.2013";17;m
собаки;метис;"643021160001088";"01.03.2016";17;f
собаки;метис;"972270000185552";"08.11.2012";17;m
собаки;метис;"972270000186173";"09.11.2012";17;f
собаки;метис;"972270000186693";"11.11.2012";17;f
собаки;метис;"972270000115213";"04.04.2011";17;f
собаки;метис;"643090000123129";"06.11.2015";17;m
собаки;метис;"972270000162633";"10.11.2011";17;f
собаки;метис;"972270000186687";"12.12.2011";17;
собаки;метис;"972270000175270";"14.11.2011";17;f
собаки;метис;"972270000160372";"16.02.2014";17;f
собаки;метис;"643090000058350";"18.04.2015";17;m
собаки;метис;"972270000308248";"14.02.2014";17;
собаки;метис;"643021160001035";"01.03.2016";17;m
собаки;метис;"972270000188303";"07.12.2011";17;f
собаки;метис;"972270000186290";"30.03.2013";17;m
собаки;метис;"972270000111860";"25.03.2011";17;f
собаки;метис;"972270000162943";"10.11.2011";17;f
собаки;метис;"972270000188260";"06.12.2011";17;m
собаки;метис;"972270000162099";"20.04.2013";17;f
собаки;метис;"643110900052110";"26.09.2015";17;m
собаки;метис;"643110900052395";"24.08.2015";17;m
собаки;метис;"643110900052077";"30.08.2015";17;f
собаки;метис;"643090000129285";"21.03.2016";17;m
собаки;метис;"643090000129283";"21.03.2016";17;f
собаки;метис;"643090000129289";"21.03.2016";17;f
собаки;метис;"643095317828364";"01.03.2016";17;m
собаки;метис;"972270000168394";"28.02.2014";17;m
собаки;метис;"972270000170704";"28.02.2014";17;m
собаки;метис;"643095317832665";"01.03.2016";17;f
собаки;метис;"643095317832661";"01.03.2016";17;f
собаки;метис;"643095317832662";"01.03.2016";17;f
собаки;метис;"643095317832663";"01.03.2016";17;m
собаки;метис;"643021160001399";"10.11.2016";17;f
собаки;метис;"643090000127226";"26.02.2016";17;f
собаки;метис;"972000000894753";"21.10.2011";17;m
собаки;метис;"643098100037896";"01.01.2009";17;
собаки;метис;"643098100033904";"08.08.2010";17;f
собаки;метис;"972000000848533";"14.12.2011";17;m
собаки;метис;"972000000866225";"06.03.2009";17;m
собаки;метис;"972000000861916";"08.12.2011";17;f
собаки;метис;"972000000897615";"28.01.2009";17;m
собаки;метис;"972270000186767";"21.10.2011";17;m
собаки;метис;"972270000174291";"15.02.2013";17;f
собаки;метис;"643010000004242";"24.08.2009";17;f
собаки;метис;"972270000026212";"02.05.2010";17;
собаки;метис;"972270000118666";"16.10.2011";17;f
собаки;метис;"972000000867445";"01.03.2016";17;m
собаки;метис;"972270000171666";"01.03.2016";17;m
собаки;метис;"643095317832203";"01.03.2016";17;m
собаки;метис;"643095317832210";"01.03.2016";17;f
собаки;метис;"643021160001003";"01.03.2016";17;f
собаки;метис;"643095317832327";"01.03.2016";17;f
собаки;метис;"643095317832321";"01.03.2016";17;m
собаки;метис;"643110900052079";"13.08.2015";17;m
собаки;метис;"972270000112643";"29.07.2011";17;f
собаки;метис;"941000000666512";"01.03.2016";17;f
собаки;метис;"643095317832357";"01.03.2016";17;m
собаки;метис;"643110900052385";"08.08.2015";17;m
собаки;метис;"972000000869395";"08.03.2009";17;f
собаки;метис;"972270000112330";"02.10.2011";17;f
собаки;метис;"972270000185430";"13.10.2011";17;m
собаки;метис;"972000000847248";"10.12.2011";17;m
собаки;метис;"941000002513314";"01.03.2016";17;f
собаки;метис;"972270000116075";"26.06.2011";17;m
собаки;метис;"972270000118870";"06.06.2011";17;m
собаки;метис;"972270000111406";"07.10.2011";17;m
собаки;метис;"643021160001037";"01.03.2016";17;m
собаки;метис;"972000000860644";"02.04.2009";17;f
собаки;метис;"972270000111275";"08.07.2011";17;m
собаки;метис;"972270000119547";"14.08.2011";17;m
собаки;метис;"972270000188396";"26.09.2011";17;f
собаки;метис;"643110700023451";"25.08.2016";17;f
собаки;метис;"643110700023375";"25.08.2016";17;m
собаки;метис;"643110700026011";"25.08.2016";17;m
собаки;метис;"972000000855858";"12.01.2009";17;f
собаки;метис;"972270000115803";"01.04.2011";17;f
собаки;метис;"643095317828369";"01.03.2016";17;f
собаки;метис;"643095317828367";"01.03.2016";17;f
собаки;метис;"972270000162405";"02.06.2011";17;f
собаки;метис;"972270000118791";"10.07.2011";17;f
собаки;метис;"972270000113983";"01.08.2011";17;f
собаки;метис;"643110000060033";"01.03.2016";17;f
собаки;метис;"972000000853357";"09.10.2008";17;f
собаки;метис;"972000000872110";"22.04.2009";17;f
собаки;метис;"972000000851998";"13.12.2011";17;f
собаки;метис;"972000000846296";"14.10.2008";17;m
собаки;метис;"972000000862457";"14.10.2011";17;m
собаки;метис;"972270000111992";"03.06.2011";17;f
собаки;метис;"941000002505663";"01.03.2016";17;m
собаки;метис;"972270000112451";"01.02.2011";17;m
собаки;метис;"972270000113048";"11.06.2011";17;
собаки;метис;"900164000426879";"01.11.2014";17;f
собаки;метис;"643110900052051";"23.07.2015";17;f
собаки;метис;"972000000866909";"08.11.2011";17;f
собаки;метис;"643094100550803";"25.03.2018";17;m
собаки;метис;"643093300016915";"22.11.2017";17;f
собаки;метис;"643095317832659";"01.03.2016";17;f
собаки;метис;"643095317832664";"01.03.2016";17;f
собаки;метис;"941000002527313";"28.01.2009";17;m
собаки;метис;"972000000862581";"09.03.2009";17;m
собаки;метис;"941000002524129";"01.03.2016";17;f
собаки;метис;"643090000058751";"03.08.2015";17;f
собаки;метис;"643110700022215";"11.04.2016";17;m
собаки;метис;"643110700022410";"12.04.2016";17;m
собаки;метис;"972270000027982";"16.07.2010";17;m
собаки;метис;"941000002602655";"01.03.2016";17;m
собаки;метис;"972270000186734";"16.05.2013";17;m
собаки;метис;"941000002536882";"01.03.2016";17;f
собаки;метис;"643110000027652";"06.05.2010";17;f
собаки;метис;"643110000027480";"29.05.2010";17;f
собаки;метис;"972270000186652";"01.03.2016";17;f
собаки;метис;"643095317828362";"01.03.2016";17;f
собаки;метис;"643095317828363";"01.03.2016";17;m
собаки;метис;"972270000115356";"21.10.2011";17;m
собаки;метис;"972000000872269";"01.03.2016";17;m
собаки;метис;"972270000186885";"08.12.2011";17;f
собаки;метис;"643021160001078";"01.03.2016";17;m
собаки;метис;"972000000868100";"05.03.2009";17;f
собаки;метис;"972270000110429";"01.07.2011";17;f
собаки;метис;"972000010010528";"19.04.2009";17;f
собаки;метис;"972270000118346";"10.07.2011";17;f
собаки;метис;"972270000315791";"08.05.2014";17;m
собаки;метис;"972270000306722";"08.05.2014";17;f
собаки;метис;"972270000313609";"08.05.2014";17;f
собаки;метис;"972270000306530";"08.05.2014";17;f
собаки;метис;"972000010010473";"13.03.2009";17;f
собаки;метис;"972270000186740";"07.10.2011";17;f
собаки;метис;"643094100005264";"01.03.2016";17;f
собаки;метис;"972270000175305";"22.01.2012";17;f
собаки;метис;"643094100013392";"01.03.2016";17;f
собаки;метис;"972270000305432";"24.10.2013";17;m
собаки;метис;"972270000164062";"09.02.2013";17;m
собаки;метис;"972270000174815";"09.02.2013";17;f
собаки;метис;"972270000179116";"23.02.2013";17;m
собаки;метис;"972270000185907";"28.10.2012";17;m
собаки;метис;"972270000188161";"14.03.2013";17;m
собаки;метис;"972270000296671";"12.10.2013";17;m
собаки;метис;"972270000023780";"02.09.2010";17;f
собаки;метис;"972270000188562";"20.04.2013";17;m
собаки;метис;"972270000188362";"21.04.2013";17;m
собаки;метис;"972270000122489";"12.05.2011";17;m
собаки;метис;"972270000186983";"16.03.2013";17;m
собаки;метис;"972270000119959";"28.10.2011";17;m
собаки;метис;"972270000118125";"01.11.2011";17;f
собаки;метис;"643021160001017";"01.03.2016";17;f
собаки;метис;"972270000116891";"10.10.2011";17;m
собаки;метис;"972270000185421";"16.11.2012";17;m
собаки;метис;"643110700002357";"01.02.2016";17;f
собаки;метис;"972270000171601";"31.05.2014";17;f
собаки;метис;"972270000174468";"31.05.2014";17;f
собаки;метис;"972270000171523";"31.05.2014";17;m
собаки;метис;"972270000174429";"31.05.2014";17;m
собаки;метис;"972270000174056";"01.06.2014";17;f
собаки;метис;"972270000171197";"01.06.2014";17;m
собаки;метис;"972270000118982";"09.06.2011";17;f
собаки;метис;"972270000113799";"28.10.2011";17;m
собаки;метис;"972270000285954";"21.10.2013";17;m
собаки;метис;"972270000115658";"18.06.2011";17;f
собаки;метис;"972270000168560";"28.10.2012";17;m
собаки;метис;"972270000186917";"20.04.2013";17;f
собаки;метис;"972270000030824";"01.03.2016";17;f
собаки;метис;"972000010012175";"09.02.2009";17;f
собаки;метис;"643094100012048";"10.04.2009";17;m
собаки;метис;"643094100012102";"10.04.2009";17;m
собаки;метис;"643094100012424";"11.04.2009";17;f
собаки;метис;"972270000110573";"06.10.2011";17;m
собаки;метис;"972270000112093";"27.05.2011";17;m
собаки;метис;"972270000113853";"13.06.2011";17;m
собаки;метис;"643021160001090";"01.03.2016";17;m
собаки;метис;"643094100005371";"01.03.2016";17;f
собаки;метис;"972270000188939";"14.10.2011";17;m
собаки;метис;"643110700003831";"01.03.2016";17;m
собаки;метис;"972270000111533";"01.08.2011";17;m
собаки;метис;"972270000116032";"19.11.2011";17;m
собаки;метис;"972270000130153";"01.03.2016";17;f
собаки;метис;"972270000117652";"11.08.2011";17;f
собаки;метис;"643110700003804";"22.02.2016";17;m
собаки;метис;"972270000110009";"01.03.2016";17;f
собаки;метис;"643094100015648";"09.04.2009";17;m
собаки;метис;"972270000111949";"04.08.2011";17;m
собаки;метис;"972270000188543";"24.11.2012";17;m
собаки;метис;"643021160001045";"01.03.2016";17;f
собаки;метис;"972270000110717";"21.10.2011";17;f
собаки;метис;"972270000111624";"28.10.2011";17;m
собаки;метис;"900164000425115";"26.07.2014";17;f
собаки;метис;"900164000425262";"07.08.2014";17;m
собаки;метис;"900164000426826";"02.10.2014";17;m
собаки;метис;"643021160001018";"01.03.2016";17;f
собаки;метис;"643094100012394";"13.04.2009";17;m
собаки;метис;"972270000186452";"14.03.2013";17;f
собаки;метис;"972270000188220";"27.04.2013";17;m
собаки;метис;"972270000116219";"15.08.2011";17;f
собаки;метис;"972270000027669";"30.04.2010";17;f
собаки;метис;"972270000162944";"07.10.2011";17;f
собаки;метис;"972270000116058";"22.10.2011";17;f
собаки;метис;"972270000020727";"13.06.2010";17;m
собаки;метис;"972270000175081";"29.04.2011";17;f
собаки;метис;"972270000115845";"06.10.2011";17;m
собаки;метис;"643094100007678";"15.04.2009";17;m
собаки;метис;"972270000186785";"03.02.2012";17;m
собаки;метис;"972000010009947";"14.05.2010";17;f
собаки;метис;"900164000425889";"10.04.2015";17;m
собаки;метис;"972000010009221";"05.05.2010";17;f
собаки;метис;"972270000027785";"29.05.2010";17;f
собаки;метис;"972270000188744";"07.10.2011";17;f
собаки;метис;"643021160001028";"01.03.2016";17;m
собаки;метис;"972000010014530";"06.05.2010";17;f
собаки;метис;"643110900052387";"20.08.2015";17;m
собаки;метис;"643094100014380";"27.03.2009";17;f
собаки;метис;"972000000867129";"01.04.2009";17;m
собаки;метис;"972270000117817";"07.06.2011";17;f
собаки;метис;"972270000188482";"14.10.2011";17;f
собаки;метис;"972270000305121";"01.06.2013";17;m
собаки;метис;"643021160001031";"01.03.2016";17;f
собаки;метис;"972270000119012";"02.12.2011";17;m
собаки;метис;"972270000164584";"08.04.2013";17;m
собаки;метис;"972270000162008";"14.03.2013";17;f
собаки;метис;"643090000055458";"28.06.2015";17;m
собаки;метис;"643090000056320";"02.07.2015";17;m
собаки;метис;"972270000186720";"03.10.2011";17;m
собаки;метис;"972270000286698";"25.10.2013";17;m
собаки;метис;"900164000425875";"05.04.2015";17;f
собаки;метис;"643090000058362";"13.04.2015";17;f
собаки;метис;"643110900052396";"17.08.2015";17;m
собаки;метис;"972270000119279";"04.08.2011";17;m
собаки;метис;"972270000160129";"03.03.2013";17;m
собаки;метис;"972270000170457";"03.03.2013";17;f
собаки;метис;"643090000058497";"26.04.2015";17;f
собаки;метис;"643094100014281";"08.03.2009";17;m
собаки;метис;"972270000024228";"30.04.2010";17;f
собаки;метис;"972270000185345";"03.10.2011";17;m
собаки;метис;"972270000113136";"01.03.2016";17;f
собаки;метис;"972270000122542";"01.08.2011";17;f
собаки;метис;"643094100015726";"04.04.2009";17;m
собаки;метис;"972270000186438";"14.10.2011";17;m
собаки;метис;"643094100016065";"03.04.2009";17;f
собаки;метис;"972270000284980";"12.10.2013";17;m
собаки;метис;"643090000055459";"28.06.2015";17;f
собаки;метис;"643110700022426";"26.04.2016";17;f
собаки;метис;"972270000118191";"02.12.2011";17;f
собаки;метис;"972270000164286";"18.11.2012";17;m
собаки;метис;"643021160001009";"01.03.2016";17;f
собаки;метис;"972270000188926";"15.11.2012";17;m
собаки;метис;"972270000179363";"18.11.2012";17;m
собаки;метис;"972270000323972";"26.09.2013";17;f
собаки;метис;"972270000175723";"15.11.2011";17;f
собаки;метис;"972270000117965";"19.11.2011";17;f
собаки;метис;"643090000056331";"22.05.2015";17;f
собаки;метис;"972270000186264";"07.10.2011";17;f
собаки;метис;"972270000315173";"25.08.2013";17;f
собаки;метис;"972270000306433";"02.05.2014";17;f
собаки;метис;"972270000168087";"01.03.2016";17;m
собаки;метис;"972270000304270";"24.10.2013";17;m
собаки;метис;"972270000185523";"29.06.2013";17;m
собаки;метис;"900164000427279";"01.05.2015";17;m
собаки;метис;"643098100111424";"01.03.2016";17;f
собаки;метис;"972270000119061";"01.12.2011";17;f
собаки;метис;"972270000283781";"31.05.2013";17;f
собаки;метис;"972270000322710";"14.03.2014";17;m
собаки;метис;"643110900052389";"08.08.2015";17;f
собаки;метис;"643110900052386";"16.08.2015";17;f
собаки;метис;"643110900052390";"23.08.2015";17;m
собаки;метис;"643110700004774";"01.03.2016";17;m
собаки;метис;"643110900052382";"29.06.2016";17;m
собаки;метис;"972270000119322";"27.10.2011";17;f
собаки;метис;"972270000186175";"04.05.2013";17;f
собаки;метис;"643110700003525";"11.02.2016";17;f
собаки;метис;"972000010014609";"01.05.2010";17;
собаки;метис;"972270000162245";"01.06.2011";17;m
собаки;метис;"972270000185871";"13.08.2011";17;f
собаки;метис;"643094100011974";"18.04.2009";17;m
собаки;метис;"972270000188950";"25.07.2011";17;f
собаки;метис;"972270000313581";"12.07.2017";17;f
собаки;метис;"972270000118974";"01.03.2016";17;m
собаки;метис;"972270000171863";"10.12.2012";17;f
собаки;метис;"972270000162080";"04.05.2013";17;f
собаки;метис;"643021160001075";"01.03.2016";17;f
собаки;метис;"900164000426882";"27.10.2014";17;m
собаки;метис;"643094100002241";"01.03.2016";17;m
собаки;метис;"981020009199237";"18.12.2015";17;m
собаки;метис;"643021160001024";"01.03.2016";17;m
собаки;метис;"643110000060047";"01.03.2016";17;
собаки;метис;"972270000113233";"04.08.2011";17;m
собаки;метис;"972270000160291";"15.11.2012";17;m
собаки;метис;"972270000174832";"25.01.2013";17;f
собаки;метис;"972270000119003";"01.08.2011";17;f
собаки;метис;"972270000110830";"15.08.2011";17;f
собаки;метис;"643110000521706";"20.09.2015";17;f
собаки;метис;"972270000118644";"04.08.2011";17;m
собаки;метис;"972270000118447";"27.12.2012";17;f
собаки;метис;"972270000025276";"15.08.2017";17;f
собаки;метис;"900164000426146";"22.11.2014";17;
собаки;метис;"900164000426140";"22.11.2014";17;m
собаки;метис;"972270000119874";"27.08.2011";17;f
собаки;метис;"643090000058234";"12.04.2015";17;m
собаки;метис;"972270000027100";"01.03.2016";17;f
собаки;метис;"643110000013963";"01.03.2016";17;m
собаки;метис;"972270000160005";"16.11.2012";17;m
собаки;метис;"972270000305860";"06.06.2013";17;f
собаки;метис;"972270000160293";"27.10.2013";17;m
собаки;метис;"941000002610639";"01.03.2016";17;
собаки;метис;"643021160001073";"01.03.2016";17;m
собаки;метис;"972270000175873";"06.06.2011";17;f
собаки;метис;"972270000160803";"16.11.2012";17;m
собаки;метис;"643094100010171";"01.03.2016";17;m
собаки;метис;"643094100010987";"11.04.2009";17;f
собаки;метис;"643110000521569";"11.10.2015";17;f
собаки;метис;"972270000030929";"17.09.2010";17;m
собаки;метис;"972270000175762";"25.11.2011";17;m
собаки;метис;"643094100011642";"05.04.2009";17;m
собаки;метис;"972270000111511";"01.03.2016";17;f
собаки;метис;"972000000880445";"04.01.2009";17;f
собаки;метис;"972270000029745";"02.09.2010";17;m
собаки;метис;"972270000188755";"18.04.2013";17;m
собаки;метис;"643110000014184";"24.04.2010";17;m
собаки;метис;"972270000171020";"26.11.2011";17;f
собаки;метис;"972270000164136";"15.11.2012";17;m
собаки;метис;"972270000174714";"16.11.2012";17;m
собаки;метис;"643090000058317";"26.04.2015";17;f
собаки;метис;"972270000110987";"01.10.2011";17;m
собаки;метис;"972270000164926";"28.02.2013";17;m
собаки;метис;"972270000112872";"01.03.2016";17;f
собаки;метис;"972270000114965";"01.03.2016";17;f
собаки;метис;"972000010012442";"09.04.2009";17;f
собаки;метис;"941000000735346";"17.04.2009";17;f
собаки;метис;"972270000116774";"01.10.2011";17;m
собаки;метис;"972000000487893";"14.12.2011";17;m
собаки;метис;"972270000171824";"10.12.2012";17;f
собаки;метис;"643094100012492";"30.04.2009";17;m
собаки;метис;"643021160001025";"01.03.2016";17;f
собаки;метис;"643094100013057";"01.03.2016";17;m
собаки;метис;"643094100011719";"05.04.2009";17;m
собаки;метис;"972270000296020";"27.06.2013";17;m
собаки;метис;"643021160001010";"01.03.2016";17;f
собаки;метис;"900164000425265";"01.03.2016";17;f
собаки;метис;"643110700002342";"29.01.2016";17;m
собаки;метис;"643110900066258";"01.03.2016";17;f
собаки;метис;"972270000029247";"27.04.2010";17;f
собаки;метис;"643090000029247";"01.03.2016";17;f
собаки;метис;"972270000118725";"16.10.2011";17;f
собаки;метис;"972270000111398";"05.04.2012";17;f
собаки;метис;"643094100001829";"11.11.2012";17;m
собаки;метис;"972270000308249";"04.11.2013";17;m
собаки;метис;"643090000058228";"18.04.2015";17;m
собаки;метис;"643021160001011";"01.03.2016";17;f
собаки;метис;"941000000705024";"21.02.2011";17;f
собаки;метис;"972270000188895";"17.05.213";17;m
собаки;метис;"972270000119120";"03.10.2011";17;m
собаки;метис;"972270000119122";"01.03.2016";17;f
собаки;метис;"972270000162402";"29.09.2011";17;m
собаки;метис;"972270000304776";"30.06.2013";17;m
собаки;метис;"972270000024343";"26.04.2010";17;f
собаки;метис;"972270000030761";"02.05.2010";17;m
собаки;метис;"972270000168209";"26.11.2011";17;f
собаки;метис;"972270000114865";"24.10.2011";17;m
собаки;метис;"643090000055484";"15.06.2015";17;m
собаки;метис;"972270000151751";"25.01.2016";17;m
собаки;метис;"643110700002268";"04.02.2016";17;m
собаки;метис;"643110900066259";"01.03.2016";17;f
собаки;метис;"972270000024673";"20.04.2010";17;f
собаки;метис;"972270000110210";"18.07.2011";17;f
собаки;метис;"643021160001012";"01.03.2016";17;f
собаки;метис;"643094100003516";"01.03.2016";17;f
собаки;метис;"972270000171568";"29.01.2013";17;f
собаки;метис;"972270000186247";"05.04.2013";17;f
собаки;метис;"972270000188841";"07.04.2013";17;f
собаки;метис;"972270000186078";"12.04.2013";17;f
собаки;метис;"972270000111575";"16.06.2011";17;f
собаки;метис;"972270000306974";"01.03.2016";17;m
собаки;метис;"972000010007722";"01.01.2017";17;f
собаки;метис;"643110900066214";"03.01.2016";17;f
собаки;метис;"972270000162150";"01.03.2016";17;m
собаки;метис;"972270000164004";"17.09.2012";17;f
собаки;метис;"972270000188552";"16.11.2012";17;m
собаки;метис;"972270000186769";"13.10.2011";17;f
собаки;метис;"972270000160138";"22.02.2013";17;f
собаки;метис;"972270000185671";"30.03.2013";17;f
собаки;метис;"972270000186492";"21.04.2013";17;f
собаки;метис;"972270000285301";"21.10.2013";17;m
собаки;метис;"643021160001053";"01.03.2016";17;f
собаки;метис;"972270000312585";"22.07.2013";17;f
собаки;метис;"972270000113457";"19.03.2011";17;
собаки;метис;"972270000188678";"01.03.2016";17;m
собаки;метис;"643021160001020";"01.03.2016";17;f
собаки;метис;"941000002520713";"07.07.2008";17;f
собаки;метис;"972270000186143";"29.09.2011";17;m
собаки;метис;"972270000118030";"21.10.2011";17;f
собаки;метис;"643021160001048";"01.03.2016";17;m
собаки;метис;"972270000115518";"01.03.2016";17;f
собаки;метис;"643094100006346";"28.09.2009";17;m
собаки;метис;"972000000896697";"10.04.2009";17;m
собаки;метис;"972270000113894";"14.04.2012";17;f
собаки;метис;"972270000119149";"05.08.2011";17;f
собаки;метис;"972270000114631";"05.08.2011";17;f
собаки;метис;"972270000175486";"20.10.2011";17;f
собаки;метис;"972270000110371";"27.02.2012";17;m
собаки;метис;"643093300021516";"01.01.2017";17;m
собаки;метис;"643110000078211";"01.03.2016";17;f
собаки;метис;"941000002500987";"01.03.2016";17;f
собаки;метис;"972270000130348";"15.04.2011";17;f
собаки;метис;"972270000111689";"28.07.2011";17;m
собаки;метис;"972270000186307";"14.10.2011";17;f
собаки;метис;"972270000175965";"25.11.2011";17;m
собаки;метис;"643094100056193";"01.03.2016";17;m
собаки;метис;"972000000847517";"01.01.2009";17;m
собаки;метис;"972270000130306";"16.04.2011";17;f
собаки;метис;"972270000115978";"16.04.2011";17;f
собаки;метис;"972270000186348";"30.06.2013";17;m
собаки;метис;"972270000117334";"17.06.2011";17;f
собаки;метис;"972270000118990";"30.10.2011";17;f
собаки;метис;"972270000188339";"01.12.2011";17;m
собаки;метис;"900164000426520";"14.03.2015";17;f
собаки;метис;"643093300021478";"15.08.2017";17;f
собаки;метис;"643093300021418";"12.07.2017";17;m
собаки;метис;"972270000029173";"27.05.2010";17;f
собаки;метис;"972270000119872";"12.08.2011";17;f
собаки;метис;"972270000165882";"04.12.2011";17;f
собаки;метис;"972000000876999";"12.12.2011";17;m
собаки;метис;"972270000175499";"03.07.2011";17;f
собаки;метис;"972270000130544";"05.08.2011";17;m
собаки;метис;"972270000188629";"31.05.2013";17;f
собаки;метис;"972270000027896";"22.04.2010";17;f
собаки;метис;"972270000024998";"25.07.2010";17;f
собаки;метис;"972270000113442";"04.06.2011";17;f
собаки;метис;"972270000030334";"26.06.2010";17;f
собаки;метис;"972270000020507";"02.07.2010";17;f
собаки;метис;"972270000027515";"26.05.2010";17;f
собаки;метис;"972270000185449";"07.04.2013";17;m
собаки;метис;"643094100015642";"16.03.2009";17;m
собаки;метис;"941000002059181";"18.04.2009";17;f
собаки;метис;"941000002015013";"18.04.2009";17;f
собаки;метис;"972000010012914";"12.03.2009";17;f
собаки;метис;"972000010012889";"11.04.2009";17;f
собаки;метис;"972000000839787";"07.12.2011";17;m
собаки;метис;"972270000115721";"11.04.2011";17;f
собаки;метис;"972270000115232";"27.10.2011";17;m
собаки;метис;"972270000186260";"12.12.2011";17;m
собаки;метис;"972270000323720";"14.03.2014";17;f
собаки;метис;"972000000895163";"10.12.2011";17;f
собаки;метис;"643093300021545";"01.03.2016";17;m
собаки;метис;"972000000872971";"08.04.2009";17;f
собаки;метис;"972270000113441";"05.08.2011";17;f
собаки;метис;"972270000115615";"19.11.2011";17;f
собаки;метис;"643110700004812";"25.01.2016";17;f
собаки;метис;"643110700004798";"25.01.2016";17;f
собаки;метис;"941000002598230";"08.04.2009";17;m
собаки;метис;"941000002056339";"01.03.2016";17;m
собаки;метис;"972000000866385";"19.02.2009";17;f
собаки;метис;"643010000004185";"23.08.2009";17;f
собаки;метис;"972270000186278";"14.11.2011";17;f
собаки;метис;"643021160001043";"01.03.2016";17;m
собаки;метис;"972270000117328";"01.03.2016";17;m
собаки;метис;"643110900052058";"25.07.2015";17;f
собаки;метис;"643110000057956";"21.09.2015";17;f
собаки;метис;"643090000300946";"07.03.2018";17;m
собаки;метис;"972270000118404";"05.08.2011";17;f
собаки;метис;"972270000162929";"10.12.2011";17;m
собаки;метис;"972270000111346";"21.07.2011";17;f
собаки;метис;"643090000323720";"01.01.2017";17;m
собаки;метис;"972270000284542";"03.05.2013";17;m
собаки;метис;"972270000297725";"27.06.2013";17;m
собаки;метис;"643110900052043";"23.07.2015";17;f
собаки;метис;"941000000253688";"01.03.2016";17;m
собаки;метис;"972270000185313";"03.10.2011";17;f
собаки;метис;"941000001995577";"01.03.2016";17;f
собаки;метис;"941000000733174";"23.11.2015";17;f
собаки;метис;"643090000324974";"01.01.2017";17;m
собаки;метис;"643095317832379";"01.01.2017";17;f
собаки;метис;"643095317832300";"01.01.2017";17;f
собаки;метис;"643095317832352";"01.01.2017";17;m
собаки;метис;"643095317832335";"01.01.2017";17;m
собаки;метис;"972270000174753";"26.06.2014";17;m
собаки;метис;"643094100013447";"23.04.2009";17;f
собаки;метис;"941000002500205";"10.11.2015";17;m
собаки;метис;"941000002532787";"22.08.2008";17;f
собаки;метис;"643021160001016";"01.03.2016";17;f
собаки;метис;"972270000112957";"13.12.2011";17;f
собаки;метис;"643094100015489";"01.03.2016";17;m
собаки;метис;"972270000162173";"28.10.2012";17;m
собаки;метис;"972270000162103";"10.12.2012";17;f
собаки;метис;"643095317832204";"01.03.2016";17;m
собаки;метис;"972270000179017";"09.02.2013";17;m
собаки;метис;"643094100013726";"09.11.2015";17;m
собаки;метис;"972270000323658";"09.03.2014";17;m
собаки;метис;"972270000307094";"16.03.2014";17;m
собаки;метис;"972270000118702";"24.03.2011";17;m
собаки;метис;"972270000306925";"27.03.2014";17;f
собаки;метис;"643090000058789";"11.04.2015";17;m
собаки;метис;"643090000058788";"11.04.2015";17;f
собаки;метис;"981020009216658";"05.10.2016";17;m
собаки;метис;"972270000162690";"26.11.2012";17;f
собаки;метис;"972270000296010";"18.10.2013";17;m
собаки;метис;"643094100548914";"31.03.2018";17;f
собаки;метис;"972270000284268";"17.05.2013";17;m
собаки;метис;"972270000117698";"15.08.2011";17;f
собаки;метис;"972270000188884";"28.05.2011";17;f
собаки;метис;"900164000425263";"16.08.2014";17;m
собаки;метис;"643094100014359";"19.03.2009";17;f
собаки;метис;"972270000115137";"03.04.2011";17;f
собаки;метис;"972270000174193";"25.02.2013";17;m
собаки;метис;"972270000188461";"01.12.2011";17;m
собаки;метис;"643094100015244";"10.11.2015";17;f
собаки;метис;"941000002602322";"16.07.2008";17;f
собаки;метис;"643094100013854";"19.10.2015";17;m
собаки;метис;"643094100015680";"23.11.2015";17;m
собаки;метис;"643094100013815";"23.11.2015";17;f
собаки;метис;"972270000113787";"15.03.2011";17;f
собаки;метис;"972270000118854";"15.12.2011";17;f
собаки;метис;"972270000024334";"01.03.2016";17;f
собаки;метис;"643094100011635";"01.03.2016";17;f
собаки;метис;"972270000023075";"01.03.2016";17;f
собаки;метис;"643098100070793";"01.03.2016";17;m
собаки;метис;"643094100002600";"01.04.2009";17;m
собаки;метис;"972270000162925";"24.03.2013";17;f
собаки;метис;"972000010012600";"28.09.2011";17;f
собаки;метис;"972000010012339";"13.12.2011";17;f
собаки;метис;"972270000188474";"25.11.2012";17;f
собаки;метис;"643094100012622";"13.02.2010";17;m
собаки;метис;"643110000521685";"10.09.2015";17;f
собаки;метис;"643094100013452";"13.02.2010";17;m
собаки;метис;"972000000862044";"25.08.2011";17;f
собаки;метис;"900164000426956";"16.10.2014";17;m
собаки;метис;"941000002599470";"01.03.2016";17;m
собаки;метис;"972270000116420";"24.10.2011";17;m
собаки;метис;"972270000186810";"29.11.2012";17;f
собаки;метис;"643021160001022";"01.03.2016";17;m
собаки;метис;"972270000175320";"01.12.2011";17;m
собаки;метис;"972270000115901";"31.10.2011";17;m
собаки;метис;"972000010004469";"26.06.2010";17;f
собаки;метис;"941000002516469";"01.03.2016";17;m
собаки;метис;"972270000164395";"28.10.2012";17;m
собаки;метис;"972270000186627";"01.01.2017";17;f
собаки;метис;"972270000284287";"21.06.2013";17;m
собаки;метис;"643090000056358";"01.03.2016";17;
собаки;метис;"972270000185236";"23.11.2012";17;f
собаки;метис;"972270000185929";"23.11.2012";17;f
собаки;метис;"972270000160066";"04.11.2011";17;m
собаки;метис;"972270000188671";"28.10.2012";17;m
собаки;метис;"972270000165653";"26.11.2012";17;f
собаки;метис;"972270000175655";"26.11.2012";17;f
собаки;метис;"643021160001026";"01.03.2016";17;m
собаки;метис;"643110900066260";"24.12.2015";17;m
собаки;метис;"643098100086814";"01.03.2016";17;m
собаки;метис;"972270000029918";"27.04.2010";17;f
собаки;метис;"972270000186391";"06.10.2011";17;m
собаки;метис;"972270000186027";"06.10.2011";17;f
собаки;метис;"972270000027753";"05.04.2014";17;m
собаки;метис;"900164000425249";"22.08.2014";17;m
собаки;метис;"972270000174881";"29.11.2012";17;f
собаки;метис;"972270000118242";"28.05.2011";17;m
собаки;метис;"972270000282069";"12.10.2013";17;m
собаки;метис;"972270000322810";"11.04.2014";17;f
собаки;метис;"643110900066212";"17.12.2015";17;m
собаки;метис;"643094100011192";"11.02.2010";17;m
собаки;метис;"972270000162760";"23.11.2012";17;f
собаки;метис;"972270000285386";"20.10.2013";17;m
собаки;метис;"643090000056326";"01.06.2015";17;m
собаки;метис;"972270000185858";"21.10.2011";17;f
собаки;метис;"972270000188891";"26.11.2012";17;f
собаки;метис;"972270000185385";"26.11.2012";17;f
собаки;метис;"643021160001029";"01.03.2016";17;f
собаки;метис;"972270000306616";"07.02.2014";17;m
собаки;метис;"972270000307734";"10.02.2014";17;m
собаки;метис;"972270000179012";"29.11.2012";17;f
собаки;метис;"972270000110338";"24.05.2011";17;f
собаки;метис;"972270000171668";"25.02.2013";17;m
собаки;метис;"941000001839669";"01.03.2016";17;
собаки;метис;"643110900066213";"01.03.2016";17;f
собаки;метис;"972270000111366";"15.12.2011";17;f
собаки;метис;"972270000165591";"02.12.2012";17;f
собаки;метис;"972270000186328";"23.11.2012";17;f
собаки;метис;"900164000426242";"01.01.2017";17;m
собаки;метис;"972270000188960";"26.11.2012";17;f
собаки;метис;"972270000164053";"26.11.2012";17;f
собаки;метис;"900164000424655";"01.01.2017";17;m
собаки;метис;"972270000029539";"21.05.2010";17;f
собаки;метис;"972270000314998";"28.02.2014";17;f
собаки;метис;"972270000171902";"29.11.2012";17;f
собаки;метис;"972270000170327";"28.03.2013";17;m
собаки;метис;"643094100012215";"14.02.2010";17;m
собаки;метис;"643110900052101";"21.09.2015";17;m
собаки;метис;"643110900052103";"25.09.2015";17;m
собаки;метис;"972270000186550";"23.11.2012";17;f
собаки;метис;"972270000162537";"09.12.2012";17;f
собаки;метис;"900164000426379";"08.03.2015";17;f
собаки;метис;"972270000170445";"10.11.2012";17;m
собаки;метис;"972270000185565";"15.02.2013";17;f
собаки;метис;"900164000427280";"27.03.2015";17;f
собаки;метис;"972270000111523";"04.08.2011";17;f
собаки;метис;"972270000188471";"15.02.2013";17;m
собаки;метис;"643093300021455";"01.03.2016";17;f
собаки;метис;"643093300021439";"01.03.2016";17;f
собаки;метис;"643093300021474";"01.03.2016";17;m
собаки;метис;"972270000308238";"01.03.2016";17;f
собаки;метис;"643090000058364";"01.03.2016";17;f
собаки;метис;"643090000058392";"01.03.2016";17;m
собаки;метис;"643110700033649";"01.03.2016";17;m
собаки;метис;"972270000185819";"25.11.2012";17;f
собаки;метис;"972270000175376";"06.06.2011";17;f
собаки;метис;"972270000188213";"29.10.2012";17;m
собаки;метис;"643090000058353";"18.04.2015";17;f
собаки;метис;"972270000024070";"04.06.2010";17;f
собаки;метис;"972270000116069";"01.07.2011";17;f
собаки;метис;"972270000162333";"03.11.2012";17;f
собаки;метис;"972270000175126";"10.11.2012";17;f
собаки;метис;"643021160001092";"01.03.2016";17;m
собаки;метис;"972270000188619";"28.10.2012";17;f
собаки;метис;"972270000165093";"11.11.2012";17;m
собаки;метис;"972270000175554";"11.11.2012";17;m
собаки;метис;"972270000030514";"01.10.2010";17;m
собаки;метис;"972270000186899";"29.10.2012";17;m
собаки;метис;"972270000188821";"29.10.2012";17;m
собаки;метис;"972270000185972";"17.11.2012";17;m
собаки;метис;"900164000426018";"08.02.2015";17;m
собаки;метис;"900164000426020";"09.02.2015";17;f
собаки;метис;"900164000426028";"09.02.2015";17;f
собаки;метис;"972270000168009";"17.11.2012";17;f
собаки;метис;"972270000170862";"18.11.2012";17;m
собаки;метис;"643090000125518";"01.03.2016";17;f
собаки;метис;"972270000113897";"01.03.2016";17;m
собаки;метис;"643090000058390";"01.03.2016";17;m
собаки;метис;"972270000185493";"16.11.2012";17;m
собаки;метис;"972270000162772";"18.11.2012";17;m
собаки;метис;"972270000170241";"12.11.2012";17;f
собаки;метис;"972270000170152";"21.12.2012";17;f
собаки;метис;"972270000185436";"29.10.2012";17;m
собаки;метис;"972270000162543";"22.11.2012";17;m
собаки;метис;"972270000185214";"17.11.2012";17;m
собаки;метис;"643094100140499";"25.03.2015";17;m
собаки;метис;"643094100125976";"29.03.2015";17;f
собаки;метис;"643098100111605";"30.03.2015";17;m
собаки;метис;"972270000185684";"17.11.2012";17;f
собаки;метис;"972270000162897";"19.11.2012";17;f
собаки;метис;"972270000185339";"02.02.2013";17;f
собаки;метис;"972270000030587";"10.04.2014";17;m
собаки;метис;"900164000426524";"01.03.2016";17;f
собаки;метис;"643095317832399";"01.01.2017";17;m
собаки;метис;"643095317832398";"01.01.2017";17;f
собаки;метис;"643021160001021";"01.03.2016";17;m
собаки;метис;"643021160001076";"01.03.2016";17;f
собаки;метис;"643090000058347";"09.04.2015";17;m
собаки;метис;"643090000058354";"09.04.2015";17;f
собаки;метис;"643090000058356";"11.04.2015";17;f
собаки;метис;"972270000029390";"30.04.2010";17;f
собаки;метис;"972270000188421";"05.04.2013";17;m
собаки;метис;"972000000875688";"14.11.2011";17;m
собаки;метис;"643021160001089";"01.03.2016";17;f
собаки;метис;"972270000165928";"22.01.2012";17;m
собаки;метис;"643021160001070";"01.03.2016";17;m
собаки;метис;"643094100125064";"20.03.2015";17;m
собаки;метис;"643094100140513";"23.03.2015";17;f
собаки;метис;"643110700003539";"14.02.2016";17;m
собаки;метис;"972270000114892";"05.05.2011";17;m
собаки;метис;"900164000426600";"08.03.2015";17;m
собаки;метис;"900164000426385";"08.03.2015";17;f
собаки;метис;"933064300001240";;17;f
собаки;метис;"972270000023859";"19.08.2010";17;m
собаки;метис;"643090000058488";"17.05.2015";17;m
собаки;метис;"643090000058486";"18.05.2015";17;m
собаки;метис;"643090000056327";"23.05.2015";17;m
собаки;метис;"643021160001049";"01.03.2016";17;f
собаки;метис;"900164000425884";"10.04.2015";17;m
собаки;метис;"972270000170952";"28.10.2012";17;f
собаки;метис;"972270000168586";"14.10.2013";17;m
собаки;метис;"972270000168727";"01.11.2012";17;m
собаки;метис;"972270000175753";"02.11.2012";17;f
собаки;метис;"972270000179024";"01.11.2012";17;f
собаки;метис;"972270000170480";"02.11.2012";17;f
собаки;метис;"981020009217377";"01.03.2016";17;f
собаки;метис;"972270000164899";"01.11.2012";17;m
собаки;метис;"972270000179234";"03.11.2012";17;m
собаки;метис;"972270000168286";"03.11.2012";17;f
собаки;метис;"972270000165372";"09.11.2012";17;f
собаки;метис;"972270000186927";"29.10.2012";17;f
собаки;метис;"972270000165802";"09.11.2012";17;f
собаки;метис;"643110900052106";"03.08.2015";17;m
собаки;метис;"972270000168019";"23.03.2013";17;m
собаки;метис;"643021160001047";"01.03.2016";17;f
собаки;метис;"643021160001041";"01.03.2016";17;m
собаки;метис;"972270000162016";"01.11.2012";17;f
собаки;метис;"972270000170050";"02.11.2012";17;f
собаки;метис;"972270000322416";"24.02.2014";17;f
собаки;метис;"643110700022436";"01.03.2016";17;m
собаки;метис;"643110700004257";"01.03.2016";17;f
собаки;метис;"643021160001081";"01.03.2016";17;f
собаки;метис;"972270000170037";"02.11.2012";17;f
собаки;метис;"972270000185839";"04.11.2012";17;f
собаки;метис;"972270000115044";"23.05.2011";17;m
собаки;метис;"972270000175070";"12.05.2011";17;f
собаки;метис;"972270000023324";"22.03.2014";17;f
собаки;метис;"643094100003814";"28.09.2009";17;m
собаки;метис;"972270000162195";"28.10.2012";17;f
собаки;метис;"900164000427088";"21.12.2014";17;m
собаки;метис;"900164000425883";"09.04.2015";17;m
собаки;метис;"972270000179199";"12.10.2012";17;m
собаки;метис;"643090000056359";"06.08.2015";17;m
собаки;метис;"972270000186911";"22.09.2012";17;m
собаки;метис;"972270000179349";"24.09.2012";17;m
собаки;метис;"972270000305978";"30.06.2013";17;f
собаки;метис;"643021160001068";"01.03.2016";17;m
собаки;метис;"972270000165969";"15.09.2012";17;m
собаки;метис;"972270000160580";"20.09.2012";17;f
собаки;метис;"972270000168918";"23.09.2012";17;f
собаки;метис;"972270000170485";"23.09.2012";17;f
собаки;метис;"972270000168528";"23.09.2012";17;m
собаки;метис;"972270000170007";"27.09.2012";17;f
собаки;метис;"972270000306485";"19.09.2013";17;f
собаки;метис;"972270000168452";"23.09.2012";17;m
собаки;метис;"972270000285953";"14.10.2013";17;m
собаки;метис;"643021160001069";"23.09.2012";17;f
собаки;метис;"972270000170545";"23.09.2012";17;f
собаки;метис;"972270000168587";"23.09.2012";17;f
собаки;метис;"972270000170712";"23.09.2012";17;m
собаки;метис;"972270000174889";"25.08.2012";17;f
собаки;метис;"972270000236565";"31.10.2013";17;f
собаки;метис;"972270000323453";"31.10.2013";17;f
собаки;метис;"972270000171440";"15.09.2012";17;m
собаки;метис;"972270000164784";"13.09.2012";17;m
собаки;метис;"972270000168006";"13.09.2012";17;m
собаки;метис;"972270000242474";"31.10.2013";17;f
собаки;метис;"643021160001087";"01.03.2016";17;f
собаки;метис;"972270000179387";"09.09.2012";17;f
собаки;метис;"972270000164096";"13.09.2012";17;f
собаки;метис;"972270000185633";"04.10.2012";17;f
собаки;метис;"972270000236874";"04.11.2013";17;f
собаки;метис;"643090000058628";"10.05.2015";17;f
собаки;метис;"972270000188555";"28.09.2012";17;m
собаки;метис;"972270000168934";"30.09.2012";17;m
собаки;метис;"643110000521682";"19.09.2015";17;m
собаки;метис;"643110000521688";"19.09.2015";17;f
собаки;метис;"643110000521681";"19.09.2015";17;f
собаки;метис;"643110000521653";"20.09.2015";17;f
собаки;метис;"643110000521674";"21.09.2015";17;f
собаки;метис;"972270000168626";"30.09.2012";17;f
собаки;метис;"972270000185857";"29.09.2012";17;f
собаки;метис;"972270000162678";"30.09.2012";17;f
собаки;метис;"972270000162149";"20.10.2012";17;f
собаки;метис;"972270000186002";"21.10.2012";17;m
собаки;метис;"643021160001084";"01.03.2016";17;m
собаки;метис;"972270000186620";"27.09.2012";17;m
собаки;метис;"972270000170749";"27.09.2012";17;m
собаки;метис;"643110900052053";"23.07.2015";17;f
собаки;метис;"643021160001083";"01.03.2016";17;f
собаки;метис;"972270000170694";"16.09.2012";17;f
собаки;метис;"972270000168801";"16.09.2012";17;m
собаки;метис;"972270000171729";"17.09.2012";17;f
собаки;метис;"972270000164014";"17.09.2012";17;m
собаки;метис;"972270000186272";"22.10.2012";17;m
собаки;метис;"972270000188510";"27.10.2012";17;m
собаки;метис;"972270000315674";"03.03.2014";17;f
собаки;метис;"643021160001082";"01.03.2016";17;f
собаки;метис;"972270000171436";"15.09.2012";17;m
собаки;метис;"972270000186531";"25.10.2012";17;f
собаки;метис;"972270000185154";"27.10.2012";17;m
собаки;метис;"972270000185371";"26.10.2012";17;m
собаки;метис;"972270000185654";"26.10.2012";17;f
собаки;метис;"972270000185410";"26.10.2012";17;m
собаки;метис;"972270000186852";"27.10.2012";17;f
собаки;метис;"972270000185537";"27.10.2012";17;m
собаки;метис;"972270000162671";"22.10.2012";17;m
собаки;метис;"972270000185364";"25.10.2012";17;f
собаки;метис;"972270000162353";"27.10.2012";17;f
собаки;метис;"972270000164803";"03.09.2012";17;m
собаки;метис;"972270000160843";"03.09.2012";17;f
собаки;метис;"643090000058226";"18.04.2015";17;f
собаки;метис;"643095317832206";"01.01.2017";17;m
собаки;метис;"643095317828370";"01.01.2017";17;f
собаки;метис;"972270000175120";"31.08.2012";17;f
собаки;метис;"972270000170039";"31.08.2012";17;m
собаки;метис;"972270000345235";"23.05.2014";17;m
собаки;метис;"972270000162662";"21.09.2012";17;m
собаки;метис;"972270000185458";"26.10.2012";17;m
собаки;метис;"972270000341532";"22.05.2014";17;f
собаки;метис;"972270000186845";"27.10.2012";17;f
собаки;метис;"972270000162893";"22.10.2012";17;m
собаки;метис;"643090000058229";"16.04.2015";17;m
собаки;метис;"643093300021522";"01.03.2016";17;f
собаки;метис;"643093300021521";"01.03.2016";17;f
собаки;метис;"643090000056362";"06.08.2015";17;f
собаки;метис;"972270000185919";"15.12.2012";17;f
собаки;метис;"972270000188188";"15.12.2012";17;f
собаки;метис;"972270000188815";"16.12.2012";17;f
собаки;метис;"972270000170874";"22.09.2012";17;m
собаки;метис;"972270000296401";"27.06.2013";17;m
собаки;метис;"972270000286207";"30.06.2013";17;m
собаки;метис;"972270000286514";"21.10.2013";17;f
собаки;метис;"972270000165600";"22.11.2013";17;m
собаки;метис;"972270000175897";"30.08.2012";17;f
собаки;метис;"972270000160880";"30.08.2012";17;m
собаки;метис;"972270000322961";"28.07.2013";17;m
собаки;метис;"972270000314003";"20.09.2013";17;m
собаки;метис;"972270000114756";"20.07.2012";17;m
собаки;метис;"972270000168007";"21.07.2012";17;f
собаки;метис;"972270000171943";"31.08.2012";17;m
собаки;метис;"643090000058630";"05.06.2015";17;f
собаки;метис;"643021160001062";"01.03.2016";17;m
собаки;метис;"643090000058320";"27.04.2015";17;f
собаки;метис;"643090000058302";"30.04.2015";17;m
собаки;метис;"972270000168406";"06.09.2012";17;m
собаки;метис;"643021160001063";"01.03.2016";17;f
собаки;метис;"972270000162860";"22.10.2012";17;m
собаки;метис;"972270000160923";"06.09.2012";17;f
собаки;метис;"972270000175424";"06.09.2012";17;f
собаки;метис;"643021160001098";"01.03.2016";17;m
собаки;метис;"643021160000832";"01.03.2016";17;f
собаки;метис;"643021160001096";"01.03.2016";17;f
собаки;метис;"643021160001097";"01.03.2016";17;f
собаки;метис;"972270000168045";"30.08.2012";17;f
собаки;метис;"972270000168131";"30.08.2012";17;f
собаки;метис;"643021160001095";"01.03.2016";17;f
собаки;метис;"972270000168500";"30.08.2012";17;m
собаки;метис;"972270000168580";"31.08.2012";17;m
собаки;метис;"972270000174810";"31.08.2012";17;f
собаки;метис;"972270000186228";"12.10.2012";17;m
собаки;метис;"972270000186605";"12.10.2012";17;f
собаки;метис;"643110900051880";"20.07.2015";17;f
собаки;метис;"972270000111294";"29.06.2012";17;f
собаки;метис;"972270000110921";"29.06.2012";17;f
собаки;метис;"972270000304550";"25.07.2013";17;f
собаки;метис;"643090000056389";"12.07.2015";17;m
собаки;метис;"972270000115695";"29.06.2012";17;f
собаки;метис;"972270000322551";"27.09.2013";17;m
собаки;метис;"972270000322808";"27.09.2013";17;f
собаки;метис;"972270000165948";"30.06.2012";17;f
собаки;метис;"972270000165263";"30.06.2012";17;f
собаки;метис;"972270000171060";"30.06.2012";17;f
собаки;метис;"643021160001094";"01.03.2016";17;m
собаки;метис;"972270000110918";"29.06.2012";17;f
собаки;метис;"972270000164540";"30.06.2012";17;m
собаки;метис;"972270000313565";"20.09.2013";17;m
собаки;метис;"972270000323654";"28.07.2013";17;m
собаки;метис;"643090000055499";"14.06.2015";17;f
собаки;метис;"972270000112526";"28.06.2012";17;m
собаки;метис;"972270000118680";"28.06.2012";17;m
собаки;метис;"972270000106826";"28.06.2012";17;m
собаки;метис;"972270000113537";"29.06.2012";17;m
собаки;метис;"972270000117111";"23.06.2012";17;f
собаки;метис;"972270000304745";"21.04.2013";17;m
собаки;метис;"972270000186706";"26.11.2012";17;f
собаки;метис;"972270000188119";"17.12.2012";17;f
собаки;метис;"972270000303056";"29.03.2013";17;m
собаки;метис;"972270000170203";"30.03.2013";17;m
собаки;метис;"972270000115112";"20.10.2011";17;m
собаки;метис;"972270000118110";"23.06.2012";17;m
собаки;метис;"972270000313077";"23.08.2013";17;f
собаки;метис;"972270000119764";"11.06.2012";17;f
собаки;метис;"972270000114763";"11.06.2012";17;f
собаки;метис;"972270000162327";"28.12.2012";17;m
собаки;метис;"972270000111892";"14.06.2012";17;m
собаки;метис;"972270000118976";"14.06.2012";17;m
собаки;метис;"972270000322047";"29.06.2013";17;f
собаки;метис;"972270000119551";"11.06.2012";17;f
собаки;метис;"972270000114697";"14.06.2012";17;f
собаки;метис;"643090000055481";"15.06.2015";17;f
собаки;метис;"572270000110159";;17;m
собаки;метис;"643110900052394";"08.08.2015";17;m
собаки;метис;"972270000322564";"29.07.2013";17;m
собаки;метис;"643090000055482";"15.06.2015";17;f
собаки;метис;"972270000116481";"18.06.2012";17;m
собаки;метис;"643021160001093";"01.03.2016";17;f
собаки;метис;"972270000188281";"27.12.2012";17;m
собаки;метис;"972270000303025";"26.10.2013";17;m
собаки;метис;"972270000111027";"18.06.2012";17;m
собаки;метис;"972270000112420";"18.06.2012";17;f
собаки;метис;"972270000286507";"08.04.2013";17;m
собаки;метис;"972270000165647";"30.06.2012";17;f
собаки;метис;"972270000117635";"18.06.2012";17;m
собаки;метис;"972270000175533";"03.11.2012";17;m
собаки;метис;"972270000164581";"09.11.2012";17;m
собаки;метис;"643110900051844";"12.07.2015";17;m
собаки;метис;"972270000171534";"15.07.2012";17;m
собаки;метис;"972270000308559";"09.08.2013";17;f
собаки;метис;"972270000315460";"12.08.2013";17;f
собаки;метис;"643090000058311";"25.04.2015";17;m
собаки;метис;"643090000058773";"10.05.2015";17;m
собаки;метис;"643021160000826";"01.03.2016";17;f
собаки;метис;"972270000168024";"24.08.2012";17;m
собаки;метис;"972270000160171";"25.08.2012";17;f
собаки;метис;"972270000170437";"26.08.2012";17;m
собаки;метис;"972270000186095";"15.12.2012";17;f
собаки;метис;"972270000188214";"16.12.2012";17;f
собаки;метис;"972270000188218";"20.12.2012";17;m
собаки;метис;"643090000056375";"06.08.2015";17;m
собаки;метис;"972270000112060";"19.06.2012";17;m
собаки;метис;"972270000175498";"26.08.2012";17;f
собаки;метис;"643021160000825";"01.03.2016";17;f
собаки;метис;"972270000164312";"14.02.2013";17;f
собаки;метис;"972270000170740";"29.03.2013";17;f
собаки;метис;"972270000185318";"11.11.2012";17;f
собаки;метис;"972270000186227";"19.11.2012";17;m
собаки;метис;"972270000119469";"02.04.2012";17;f
собаки;метис;"972270000117619";"09.04.2012";17;m
собаки;метис;"972270000188249";"15.04.2013";17;m
собаки;метис;"972270000118646";"02.04.2012";17;m
собаки;метис;"972270000112533";"09.04.2012";17;f
собаки;метис;"972270000188584";"25.10.2012";17;f
собаки;метис;"972270000185415";"26.10.2012";17;f
собаки;метис;"643021160000819";"01.03.2016";17;m
собаки;метис;"972270000164971";"23.08.2012";17;f
собаки;метис;"972270000160502";"23.08.2012";17;m
собаки;метис;"972270000170797";"26.08.2012";17;m
собаки;метис;"972270000164358";"26.08.2012";17;f
собаки;метис;"972270000023893";"26.04.2010";17;f
собаки;метис;"643110900052057";"26.07.2015";17;m
собаки;метис;"643110900052295";"31.07.2015";17;f
собаки;метис;"972270000164396";"24.08.2012";17;m
собаки;метис;"972270000174058";"25.08.2012";17;f
собаки;метис;"643021160000809";"01.03.2016";17;f
собаки;метис;"972270000168300";"23.08.2012";17;m
собаки;метис;"972270000164052";"26.08.2012";17;m
собаки;метис;"972270000168760";"21.07.2012";17;m
собаки;метис;"972270000186875";"29.10.2012";17;m
собаки;метис;"972270000186179";"25.08.2012";17;f
собаки;метис;"972270000171539";"26.08.2012";17;f
собаки;метис;"972270000168368";"26.08.2012";17;m
собаки;метис;"972270000164270";"26.08.2012";17;m
собаки;метис;"972270000323347";"26.04.2014";17;m
собаки;метис;"972270000174258";"26.04.2014";17;f
собаки;метис;"972270000160689";"20.08.2012";17;m
собаки;метис;"972270000168637";"23.08.2012";17;m
собаки;метис;"643093300021546";"01.03.2016";17;m
собаки;метис;"643093300021517";"01.03.2016";17;m
собаки;метис;"972270000030968";"09.07.2010";17;m
собаки;метис;"643090000256531";"26.02.2018";17;m
собаки;метис;"643093300021520";"01.01.2017";17;m
собаки;метис;"643093300021527";"01.01.2017";17;m
собаки;метис;"972270000118502";"05.07.2012";17;f
собаки;метис;"972270000116237";"13.07.2012";17;f
собаки;метис;"643021160000815";"01.03.2016";17;f
собаки;метис;"972270000175154";"01.07.2012";17;m
собаки;метис;"972270000171465";"01.07.2012";17;m
собаки;метис;"972270000119501";"05.07.2012";17;f
собаки;метис;"972270000114824";"08.07.2012";17;f
собаки;метис;"972270000115554";"12.07.2012";17;f
собаки;метис;"972270000162497";"13.07.2012";17;m
собаки;метис;"972270000117651";"12.07.2012";17;m
собаки;метис;"972270000186598";"15.12.2012";17;f
собаки;метис;"643110900052061";"10.08.2015";17;f
собаки;метис;"972270000188317";"15.12.2012";17;f
собаки;метис;"972270000186425";"16.12.2012";17;f
собаки;метис;"972270000185355";"28.12.2012";17;m
собаки;метис;"972270000116790";"14.07.2012";17;m
собаки;метис;"972270000113633";"14.07.2012";17;m
собаки;метис;"643090000058570";"01.05.2015";17;f
собаки;метис;"972270000171392";"15.07.2012";17;f
собаки;метис;"972270000170074";"16.07.2012";17;m
собаки;метис;"643110900052384";"01.03.2016";17;f
собаки;метис;"643021160000810";"01.03.2016";17;f
собаки;метис;"972270000111251";"19.07.2012";17;m
собаки;метис;"972270000160679";"19.07.2012";17;m
собаки;метис;"643021160000811";"01.03.2016";17;f
собаки;метис;"972270000164466";"07.07.2012";17;f
собаки;метис;"972270000110321";"19.07.2012";17;f
собаки;метис;"643090000129291";"21.03.2016";17;m
собаки;метис;"643090000055463";"01.03.2016";17;
собаки;метис;"972270000170343";"01.03.2016";17;f
собаки;метис;"643090000058565";"01.03.2016";17;f
собаки;метис;"643021160001091";"01.03.2016";17;m
собаки;метис;"643021160001099";"01.03.2016";17;f
собаки;метис;"972270000185886";"01.03.2016";17;m
собаки;метис;"972270000168417";"01.03.2016";17;m
собаки;метис;"972270000175121";"01.03.2016";17;f
собаки;метис;"643090000125655";"01.03.2016";17;f
собаки;метис;"643110900066244";"01.03.2016";17;m
собаки;метис;"981020009230131";"01.03.2016";17;m
собаки;метис;"972270000168412";"01.03.2016";17;f
собаки;метис;"643110000521593";"01.03.2016";17;f
собаки;метис;"643110000521558";"01.03.2016";17;f
собаки;метис;"643110000521559";"01.03.2016";17;f
собаки;метис;"643110000521560";"01.03.2016";17;f
собаки;метис;"643110000521538";"01.03.2016";17;f
собаки;метис;"972270000164913";"01.03.2016";17;m
собаки;метис;"643110000521584";"01.03.2016";17;m
собаки;метис;"972270000175549";"01.03.2016";17;f
собаки;метис;"643110000521551";"01.03.2016";17;m
собаки;метис;"643110000521548";"01.03.2016";17;f
собаки;метис;"643093300021589";"21.11.2017";17;m
собаки;метис;"643093300021590";"21.11.2017";17;f
собаки;метис;"972270000164541";"01.03.2016";17;f
собаки;метис;"900164000426750";"01.03.2016";17;f
собаки;метис;"972270000187656";"01.03.2016";17;f
собаки;метис;"643110900052175";"01.03.2016";17;f
собаки;метис;"643021160001067";"01.03.2016";17;m
собаки;метис;"972270000164569";"01.03.2016";17;m
собаки;метис;"643110900052186";"01.03.2016";17;m
собаки;метис;"643090000058598";"01.03.2016";17;f
собаки;метис;"643110000521540";"01.03.2016";17;m
собаки;метис;"972270000170639";"01.03.2016";17;m
собаки;метис;"643094100002714";"01.03.2016";17;f
собаки;метис;"643090000055409";"01.03.2016";17;f
собаки;метис;"643110700002522";"01.03.2016";17;f
собаки;метис;"643110900051975";"01.03.2016";17;f
собаки;метис;"643090000058574";"01.03.2016";17;m
собаки;метис;"643090000055410";"01.03.2016";17;f
собаки;метис;"643090000125501";"01.03.2016";17;m
собаки;метис;"643090000055412";"01.03.2016";17;f
собаки;метис;"643090000055411";"01.03.2016";17;f
собаки;метис;"643090000058561";"01.03.2016";17;m
собаки;метис;"643110900052149";"01.03.2016";17;f
собаки;метис;"643021160000843";"01.03.2016";17;f
собаки;метис;"972270000168947";"01.03.2016";17;f
собаки;метис;"643090000056369";"01.03.2016";17;m
собаки;метис;"643090000055403";"01.03.2016";17;m
собаки;метис;"972270000298379";"01.03.2016";17;f
собаки;метис;"643110000521586";"01.03.2016";17;m
собаки;метис;"643110000521600";"01.03.2016";17;f
собаки;метис;"643090000058220";"01.03.2016";17;f
собаки;метис;"643090000058566";"01.03.2016";17;m
собаки;метис;"643094100007167";"01.03.2016";17;m
собаки;метис;"643090000058583";"01.03.2016";17;m
собаки;метис;"900164000426904";"01.03.2016";17;f
собаки;метис;"643110900051868";"01.03.2016";17;m
собаки;метис;"643110900051969";"01.03.2016";17;f
собаки;метис;"643090000056348";"01.03.2016";17;f
собаки;метис;"643090000055433";"01.03.2016";17;m
собаки;метис;"972270000179309";"01.03.2016";17;m
собаки;метис;"972270000174136";"01.03.2016";17;m
собаки;метис;"643090000055431";"01.03.2016";17;f
собаки;метис;"643090000058577";"01.03.2016";17;f
собаки;метис;"900164000423080";"01.03.2016";17;m
собаки;метис;"643090000055430";"01.03.2016";17;m
собаки;метис;"941000001994091";"01.03.2016";17;f
собаки;метис;"643090000058780";"01.03.2016";17;m
собаки;метис;"643094100548920";"23.02.2018";17;f
собаки;метис;"643110900052001";"01.03.2016";17;f
собаки;метис;"972270000323935";"01.03.2016";17;f
собаки;метис;"941000000753246";"01.03.2016";17;f
собаки;метис;"643090000055435";"01.03.2016";17;m
собаки;метис;"643021160000841";"01.03.2016";17;f
собаки;метис;"643090000058382";"01.03.2016";17;f
собаки;метис;"972270000315378";"01.03.2016";17;m
собаки;метис;"972270000179321";"01.03.2016";17;f
собаки;метис;"972270000168182";"01.03.2016";17;f
собаки;метис;"643090000058770";"01.03.2016";17;f
собаки;метис;"643021160000805";"01.03.2016";17;m
собаки;метис;"643021160000842";"01.03.2016";17;f
собаки;метис;"643090000055416";"01.03.2016";17;m
собаки;метис;"643090000056301";"01.03.2016";17;f
собаки;метис;"643090000055426";"01.03.2016";17;f
собаки;метис;"643090000055404";"01.03.2016";17;m
собаки;метис;"643110900052037";"01.03.2016";17;f
собаки;метис;"643090000055434";"01.03.2016";17;m
собаки;метис;"643021160000845";"01.03.2016";17;m
собаки;метис;"972270000315939";"01.03.2016";17;m
собаки;метис;"643090000058593";"01.03.2016";17;m
собаки;метис;"643090000127229";"01.03.2016";17;m
собаки;метис;"643090000125506";"01.03.2016";17;f
собаки;метис;"643090000058767";"01.03.2016";17;m
собаки;метис;"972270000315654";"01.03.2016";17;m
собаки;метис;"900164000423383";"01.03.2016";17;m
собаки;метис;"643090000055420";"01.03.2016";17;f
собаки;метис;"643090000056302";"01.03.2016";17;f
собаки;метис;"643090000058567";"01.03.2016";17;f
собаки;метис;"643090000058562";"01.03.2016";17;f
собаки;метис;"643090000058590";"01.03.2016";17;m
собаки;метис;"643094100008625";"01.03.2016";17;m
собаки;метис;"972270000322676";"01.03.2016";17;m
собаки;метис;"643090000056397";"01.03.2016";17;m
собаки;метис;"643110900051861";"01.03.2016";17;f
собаки;метис;"643110900051864";"01.03.2016";17;f
собаки;метис;"643090000056349";"01.03.2016";17;f
собаки;метис;"900164000424580";"01.03.2016";17;m
собаки;метис;"972000000870477";"01.03.2016";17;m
собаки;метис;"643110000521571";"01.03.2016";17;m
собаки;метис;"643090000058777";"01.03.2016";17;m
собаки;метис;"643090000055401";"01.03.2016";17;m
собаки;метис;"643090000058576";"01.03.2016";17;f
собаки;метис;"972270000179297";"01.03.2016";17;m
собаки;метис;"643090000058201";"01.03.2016";17;f
собаки;метис;"972270000170323";"01.03.2016";17;f
собаки;метис;"900164000424983";"01.03.2016";17;m
собаки;метис;"643110900052017";"01.03.2016";17;m
собаки;метис;"643110900052004";"01.03.2016";17;f
собаки;метис;"643090000056343";"30.05.2015";17;f
собаки;метис;"900164000426249";"01.03.2016";17;m
собаки;метис;"643110900051961";"01.03.2016";17;m
собаки;метис;"643110900051967";"01.03.2016";17;f
собаки;метис;"643110900051968";"01.03.2016";17;m
собаки;метис;"972270000306419";"01.03.2016";17;m
собаки;метис;"643110000521588";"01.03.2016";17;f
собаки;метис;"643090000056305";"01.03.2016";17;m
собаки;метис;"643110000033879";"01.03.2016";17;m
собаки;метис;"643090000058575";"01.03.2016";17;f
собаки;метис;"972270000179103";"01.03.2016";17;f
собаки;метис;"972270000170370";"01.03.2016";17;m
собаки;метис;"643110900051966";"01.03.2016";17;f
собаки;метис;"972270000306465";"01.03.2016";17;m
собаки;метис;"900164000424619";"01.03.2016";17;m
собаки;метис;"900164000424627";"01.03.2016";17;f
собаки;метис;"643090000058580";"01.03.2016";17;f
собаки;метис;"643021160000839";"01.03.2016";17;f
собаки;метис;"900164000425338";"01.03.2016";17;m
собаки;метис;"643090000058569";"01.03.2016";17;f
собаки;метис;"900164000426796";"01.03.2016";17;m
собаки;метис;"643110900052006";"01.03.2016";17;m
собаки;метис;"972270000189389";"01.03.2016";17;f
собаки;метис;"972270000168937";"01.03.2016";17;m
собаки;метис;"972270000188869";"01.03.2016";17;m
собаки;метис;"972270000323125";"01.03.2016";17;m
собаки;метис;"643090000056366";"01.03.2016";17;f
собаки;метис;"643110900052018";"01.03.2016";17;m
собаки;метис;"643110900051980";"01.03.2016";17;m
собаки;метис;"643090000055456";"01.03.2016";17;f
собаки;метис;"643090000058395";"01.03.2016";17;m
собаки;метис;"900164000422975";"01.03.2016";17;m
собаки;метис;"900164000426950";"01.03.2016";17;m
собаки;метис;"972270000022150";"22.05.2010";17;f
собаки;метис;"941000002019218";"01.03.2016";17;f
собаки;метис;"900164000426500";"01.03.2016";17;f
собаки;метис;"900164000426510";"01.03.2016";17;f
собаки;метис;"900164000427148";"01.03.2016";17;f
собаки;метис;"643090000058216";"01.03.2016";17;f
собаки;метис;"643110900052095";"01.03.2016";17;m
собаки;метис;"643090000058355";"01.03.2016";17;f
собаки;метис;"643090000058357";"01.03.2016";17;f
собаки;метис;"643090000125656";"01.03.2016";17;m
собаки;метис;"643090000125646";"01.03.2016";17;m
собаки;метис;"643021160001002";"01.03.2016";17;m
собаки;метис;"643110900052154";"01.03.2016";17;m
собаки;метис;"643090000058399";"01.03.2016";17;m
собаки;метис;"643090000058397";"01.03.2016";17;f
собаки;метис;"643090000055424";"01.03.2016";17;m
собаки;метис;"643110700002303";"01.03.2016";17;f
собаки;метис;"643110700001765";"01.03.2016";17;m
собаки;метис;"900164000423448";"01.03.2016";17;f
собаки;метис;"643110000014196";"01.03.2016";17;f
собаки;метис;"643021160000831";"01.03.2016";17;m
собаки;метис;"643090000058217";"01.03.2016";17;f
собаки;метис;"643090000058383";"01.03.2016";17;f
собаки;метис;"972270000185830";"17.08.2012";17;f
собаки;метис;"643095317832202";"01.03.2016";17;m
собаки;метис;"643095317828340";"01.03.2016";17;f
собаки;метис;"643095317828339";"01.03.2016";17;f
собаки;метис;"643095317832238";"01.03.2016";17;f
собаки;метис;"643095317832236";"01.03.2016";17;f
собаки;метис;"900164000426493";"01.03.2016";17;f
собаки;метис;"900164000426491";"01.03.2016";17;m
собаки;метис;"900164000426394";"01.03.2016";17;f
собаки;метис;"643021160000816";"01.03.2016";17;f
собаки;метис;"643110900052100";"01.03.2016";17;f
собаки;метис;"643094100018258";"01.03.2016";17;f
собаки;метис;"643090000058393";"01.03.2016";17;f
собаки;метис;"643021160000835";"01.03.2016";17;m
собаки;метис;"643110900052089";"01.03.2016";17;m
собаки;метис;"900164000426810";"01.03.2016";17;f
собаки;метис;"643110700033604";"24.05.2016";17;f
собаки;метис;"643110700033677";"24.05.2016";17;f
собаки;метис;"643110700033698";"24.05.2016";17;f
собаки;метис;"643110700033695";"24.05.2016";17;f
собаки;метис;"643110700033638";"24.05.2016";17;f
собаки;метис;"900164000424621";"01.03.2016";17;m
собаки;метис;"643090000058208";"01.03.2016";17;f
собаки;метис;"643021160000807";"01.03.2016";17;m
собаки;метис;"643090000058599";"01.03.2016";17;m
собаки;метис;"900164000426222";"01.03.2016";17;m
собаки;метис;"643110900051962";"01.03.2016";17;m
собаки;метис;"900164000422765";"01.03.2016";17;m
собаки;метис;"643021160000827";"01.03.2016";17;m
собаки;метис;"643110900052156";"01.03.2016";17;m
собаки;метис;"643110900052097";"01.03.2016";17;f
собаки;метис;"972270000170271";"01.03.2016";17;m
собаки;метис;"643021160000830";"01.03.2016";17;f
собаки;метис;"643110900052157";"01.03.2016";17;m
собаки;метис;"643090000055402";"01.03.2016";17;f
собаки;метис;"643110900051876";"01.03.2016";17;m
собаки;метис;"972270000170841";"01.03.2016";17;m
собаки;метис;"643110900052293";"01.03.2016";17;m
собаки;метис;"643090000058386";"01.03.2016";17;m
собаки;метис;"900164000425112";"01.03.2016";17;m
собаки;метис;"643090000058214";"01.03.2016";17;m
собаки;метис;"972270000312637";"01.03.2016";17;f
собаки;метис;"643110900052188";"01.03.2016";17;m
собаки;метис;"643110900052195";"01.03.2016";17;m
собаки;метис;"643110900052091";"01.03.2016";17;f
собаки;метис;"643090000058213";"01.03.2016";17;f
собаки;метис;"643110900052142";"20.07.2016";17;m
собаки;метис;"643090000058203";"01.03.2016";17;m
собаки;метис;"643110900052189";"01.03.2016";17;m
собаки;метис;"643180900052190";"01.03.2016";17;m
собаки;метис;"643021160000840";"01.03.2016";17;m
собаки;метис;"972270000187606";"01.03.2016";17;f
собаки;метис;"643110900052086";"01.03.2016";17;m
собаки;метис;"643090000058205";"01.03.2016";17;m
собаки;метис;"972270000170650";"01.03.2016";17;f
собаки;метис;"643110900052198";"01.03.2016";17;m
собаки;метис;"643110900052092";"01.03.2016";17;f
собаки;метис;"643094100548917";"11.12.2017";17;f
собаки;метис;"643094100548916";"14.12.2017";17;f
собаки;метис;"643094100548915";"14.12.2017";17;f
собаки;метис;"643110900052182";"01.03.2016";17;f
собаки;метис;"643110000521597";"01.03.2016";17;m
собаки;метис;"643090000058587";"01.03.2016";17;f
собаки;метис;"643110900052298";"01.03.2016";17;f
собаки;метис;"643110000521677";"01.03.2016";17;f
собаки;метис;"900164000426023";"01.03.2016";17;f
собаки;метис;"900164000426021";"01.03.2016";17;f
собаки;метис;"900164000426011";"01.03.2016";17;f
собаки;метис;"900164000426015";"01.03.2016";17;m
собаки;метис;"643110700004883";"01.03.2016";17;f
собаки;метис;"972270000299647";"01.03.2016";17;f
собаки;метис;"900164000423429";"01.03.2016";17;m
собаки;метис;"972270000308673";"01.03.2016";17;f
собаки;метис;"643110000521574";"01.03.2016";17;f
собаки;метис;"643090000098733";"01.03.2016";17;m
собаки;метис;"981020009190080";"01.03.2016";17;f
собаки;метис;"643090000058215";"01.03.2016";17;m
собаки;метис;"900164000425088";"01.03.2016";17;f
собаки;метис;"900164000427182";"01.03.2016";17;m
собаки;метис;"643090000098739";"01.03.2016";17;f
собаки;метис;"643090000058591";"01.03.2016";17;f
собаки;метис;"643110900052082";"01.03.2016";17;f
собаки;метис;"643110000521579";"01.03.2016";17;m
собаки;метис;"643090000056370";"01.03.2016";17;m
собаки;метис;"643090000129297";"01.03.2016";17;m
собаки;метис;"643090000055413";"01.03.2016";17;f
собаки;метис;"972270000170242";"01.03.2016";17;m
собаки;метис;"643021160000812";"01.03.2016";17;
собаки;метис;"643110000034236";"01.03.2016";17;f
собаки;метис;"643090000058594";"01.03.2016";17;m
собаки;метис;"643110900052289";"01.03.2016";17;m
собаки;метис;"643110900052158";"01.03.2016";17;f
собаки;метис;"972270000118844";"01.03.2016";17;m
собаки;метис;"643110900051879";"01.03.2016";17;f
собаки;метис;"643094100006316";"01.03.2016";17;m
собаки;метис;"643110900052096";"01.03.2016";17;f
собаки;метис;"972270000186992";"01.03.2016";17;m
собаки;метис;"643110900052145";"01.03.2016";17;f
собаки;метис;"900164000426236";"01.03.2016";17;f
собаки;метис;"972270000170938";"01.03.2016";17;f
собаки;метис;"972270000170968";"01.03.2016";17;f
собаки;метис;"900164000426639";"01.03.2016";17;f
собаки;метис;"643110900052153";"01.03.2016";17;f
собаки;метис;"900164000423121";"01.03.2016";17;f
собаки;метис;"900164000426406";"01.03.2016";17;m
собаки;метис;"972270000315453";"01.03.2016";17;m
собаки;метис;"900164000426013";"01.03.2016";17;f
собаки;метис;"972270000322581";"01.03.2016";17;m
собаки;метис;"972270000171488";"01.03.2016";17;f
собаки;метис;"972000000867107";"01.03.2016";17;f
собаки;метис;"643090000058449";"01.03.2016";17;f
собаки;метис;"900164000426548";"01.03.2016";17;f
собаки;метис;"643110700023332";"01.03.2016";17;m
собаки;метис;"972270000322058";"01.03.2016";17;m
собаки;метис;"643090000183001";"14.12.2016";17;f
собаки;метис;"900164000426945";"01.03.2016";17;f
собаки;метис;"900164000426949";"01.03.2016";17;m
собаки;метис;"900164000426225";"01.03.2016";17;f
собаки;метис;"643090000058369";"01.03.2016";17;m
собаки;метис;"643021160001395";"01.03.2016";17;f
собаки;метис;"643090000058582";"01.03.2016";17;m
собаки;метис;"643110900052183";"01.03.2016";17;f
собаки;метис;"972270000323509";"01.03.2016";17;f
собаки;метис;"900164000426938";"01.03.2016";17;f
собаки;метис;"643021160001396";"01.03.2016";17;m
собаки;метис;"900164000426823";"01.03.2016";17;f
собаки;метис;"643110900052143";"01.03.2016";17;f
собаки;метис;"643110900052083";"01.03.2016";17;f
собаки;метис;"981020009216898";"01.03.2016";17;f
собаки;метис;"643090000058375";"01.03.2016";17;f
собаки;метис;"643090000058367";"01.03.2016";17;m
собаки;метис;"643090000058371";"01.03.2016";17;m
собаки;метис;"972270000164598";"01.03.2016";17;m
собаки;метис;"643110900052191";"01.03.2016";17;f
собаки;метис;"643090000125516";"01.03.2016";17;f
собаки;метис;"972270000185683";"01.03.2016";17;m
собаки;метис;"643090000058778";"01.03.2016";17;m
собаки;метис;"643110900052187";"01.03.2016";17;f
собаки;метис;"900164000426033";"01.03.2016";17;f
собаки;метис;"643110900052192";"01.03.2016";17;m
собаки;метис;"972000000883989";"01.03.2016";17;f
собаки;метис;"972000000893504";"01.03.2016";17;f
собаки;метис;"643110000034067";"01.03.2016";17;m
собаки;метис;"643110900052184";"01.03.2016";17;f
собаки;метис;"643110000521576";"01.03.2016";17;m
собаки;метис;"981020009172396";"01.03.2016";17;m
собаки;метис;"900164000423105";"01.03.2016";17;m
собаки;метис;"643110900052193";"01.03.2016";17;m
собаки;метис;"900164000426368";"01.03.2016";17;m
собаки;метис;"972270000174223";"01.03.2016";17;f
собаки;метис;"643110000013989";"01.03.2016";17;m
собаки;метис;"972000000883150";"01.03.2016";17;m
собаки;метис;"643110700002221";"01.03.2016";17;f
собаки;метис;"972270000186214";"01.03.2016";17;m
собаки;метис;"900164000426940";"01.03.2016";17;f
собаки;метис;"900164000426400";"01.03.2016";17;m
собаки;метис;"972270000309449";"01.03.2016";17;f
собаки;метис;"943110000521585";"01.03.2016";17;m
собаки;метис;"972270000314431";"01.03.2016";17;f
собаки;метис;"643094100548918";"07.12.2017";17;m
собаки;метис;"972270000027469";"01.03.2016";17;f
собаки;метис;"643090000055422";"01.03.2016";17;m
собаки;метис;"643090000058568";"01.03.2016";17;f
собаки;метис;"900164000011898";"01.03.2016";17;m
собаки;метис;"643021160000801";"01.03.2016";17;f
собаки;метис;"972270000175160";"01.03.2016";17;m
собаки;метис;"972270000174654";"01.03.2016";17;f
собаки;метис;"972270000168073";"01.03.2016";17;m
собаки;метис;"972270000185910";"01.03.2016";17;f
собаки;метис;"972270000168565";"01.03.2016";17;m
собаки;метис;"972270000171210";"01.03.2016";17;f
собаки;метис;"972270000170138";"01.03.2016";17;f
собаки;метис;"643094100003614";"01.03.2016";17;m
собаки;метис;"643021160000813";"01.03.2016";17;f
собаки;метис;"972270000315709";"01.03.2016";17;f
собаки;метис;"972270000164818";"01.03.2016";17;m
собаки;метис;"972270000174886";"01.03.2016";17;f
собаки;метис;"972270000160988";"01.03.2016";17;f
собаки;метис;"972270000164888";"01.03.2016";17;m
собаки;метис;"900164000426699";"01.03.2016";17;f
собаки;метис;"643090000055425";"01.03.2016";17;m
собаки;метис;"643090000125512";"01.03.2016";17;m
собаки;метис;"643110000521589";"01.03.2016";17;m
собаки;метис;"643110000521610";"01.03.2016";17;f
собаки;метис;"643090000058384";"01.03.2016";17;m
собаки;метис;"981020009187209";"01.03.2016";17;f
собаки;метис;"643090000056337";"11.07.2016";17;f
собаки;метис;"900164000426031";"01.03.2016";17;m
собаки;метис;"643090000058573";"01.03.2016";17;f
собаки;метис;"900164000426032";"11.07.2016";17;f
собаки;метис;"900164000422990";"01.03.2016";17;m
собаки;метис;"643110900051869";"01.03.2016";17;f
собаки;метис;"643110000521607";"01.03.2016";17;f
собаки;метис;"972270000179014";"01.03.2016";17;f
собаки;метис;"643110000068612";"01.03.2016";17;m
собаки;метис;"900000000000329";"01.03.2016";17;f
собаки;метис;"643110000521533";"01.03.2016";17;f
собаки;метис;"643090000058564";"01.03.2016";17;f
собаки;метис;"900164000426232";"01.03.2016";17;m
собаки;метис;"643090000125511";"01.03.2016";17;m
собаки;метис;"643090000058755";"01.03.2016";17;m
собаки;метис;"643110000521596";"01.03.2016";17;f
собаки;метис;"643110000521602";"01.03.2016";17;f
собаки;метис;"941000002508938";"01.03.2016";17;f
собаки;метис;"643110000521606";"01.03.2016";17;m
собаки;метис;"900164000422755";"01.03.2016";17;m
собаки;метис;"643090000056377";"01.03.2016";17;m
собаки;метис;"643110000521532";"01.03.2016";17;f
собаки;метис;"643090000125510";"01.03.2016";17;f
собаки;метис;"643110900045948";"01.03.2016";17;f
собаки;метис;"972270000341006";"01.03.2016";17;m
собаки;метис;"643110000521544";"01.03.2016";17;m
собаки;метис;"643021160000822";"01.03.2016";17;m
собаки;метис;"643110900052164";"01.03.2016";17;f
собаки;метис;"643110900051877";"01.03.2016";17;m
собаки;метис;"900164000426220";"01.03.2016";17;f
собаки;метис;"900164000426216";"01.03.2016";17;f
собаки;метис;"900164000426214";"01.03.2016";17;m
собаки;метис;"900164000426218";"01.03.2016";17;f
собаки;метис;"900164000426221";"01.03.2016";17;f
собаки;метис;"643021160000802";"01.03.2016";17;m
собаки;метис;"900164000426229";"01.03.2016";17;m
собаки;метис;"643090000058374";"01.03.2016";17;f
собаки;метис;"643110700000990";"09.01.2016";17;f
собаки;метис;"643110700004586";"13.02.2016";17;f
собаки;метис;"643110700004503";"13.02.2016";17;f
собаки;метис;"643110900052028";"01.03.2016";17;m
собаки;метис;"972270000307701";"01.03.2016";17;f
собаки;метис;"643110900051871";"01.03.2016";17;f
собаки;метис;"900164000427015";"01.03.2016";17;m
собаки;метис;"643110900051875";"01.03.2016";17;m
собаки;метис;"643110900051878";"01.03.2016";17;f
собаки;метис;"643090000058578";"01.03.2016";17;f
собаки;метис;"643110000521605";"01.03.2016";17;m
собаки;метис;"643110000521562";"01.03.2016";17;f
собаки;метис;"900164000422955";"01.03.2016";17;m
собаки;метис;"643110000521608";"20.07.2016";17;m
собаки;метис;"643110700004590";"01.03.2016";17;m
собаки;метис;"643110700004728";"01.03.2016";17;f
собаки;метис;"643110900052015";"01.03.2016";17;m
собаки;метис;"643110000521630";"01.03.2016";17;f
собаки;метис;"643090000055500";"01.03.2016";17;f
собаки;метис;"643090000127234";"28.02.2016";17;m
собаки;метис;"933064300001258";"01.03.2016";17;f
собаки;метис;"900164000426818";"01.03.2016";17;m
собаки;метис;"900164000426830";"01.03.2016";17;f
собаки;метис;"643090000058448";"01.03.2016";17;f
собаки;метис;"900164000425124";"01.03.2016";17;f
собаки;метис;"900164000425464";"01.03.2016";17;f
собаки;метис;"972270000323038";"01.03.2016";17;f
собаки;метис;"972270000323877";"01.03.2016";17;m
собаки;метис;"972270000308847";"01.03.2016";17;f
собаки;метис;"972270000299255";"01.03.2016";17;f
собаки;метис;"643110000057973";"01.03.2016";17;f
собаки;метис;"643110900051856";"11.07.2015";17;m
собаки;метис;"643090000056303";"01.03.2016";17;f
собаки;метис;"643090000055462";"01.03.2016";17;m
собаки;метис;"643110000521620";"01.03.2016";17;f
собаки;метис;"643090000058379";"01.03.2016";17;m
собаки;метис;"643110900046052";"01.03.2016";17;f
собаки;метис;"643110900046048";"01.03.2016";17;m
собаки;метис;"643110900046045";"01.03.2016";17;m
собаки;метис;"643094100550797";"12.03.2018";17;m
собаки;метис;"643094100550796";"12.03.2018";17;m
собаки;метис;"643094100550795";"12.03.2018";17;f
собаки;метис;"643094100550804";"26.03.2018";17;m
собаки;метис;"643090000304986";"26.03.2018";17;m
собаки;метис;"643090000304988";"26.03.2018";17;f
собаки;метис;"643094100550809";"30.03.2018";17;m
собаки;метис;"643090000304968";"03.04.2018";17;f
собаки;метис;"643090000304972";"03.04.2018";17;f
собаки;метис;"643090000221619";"03.04.2018";17;m
собаки;метис;"643090000304975";"03.04.2018";17;m
собаки;метис;"643094100550807";"03.04.2018";17;m
собаки;метис;"643090000304985";"06.04.2018";17;f
собаки;метис;"643090000304973";"06.04.2018";17;m
собаки;метис;"643094100550810";"08.04.2018";17;m
собаки;метис;"643090000304955";"13.04.2018";17;m
собаки;метис;"643094100140608";"13.04.2018";17;f
собаки;метис;"643090000256484";"13.04.2018";17;m
собаки;метис;"643090000304950";"25.04.2018";17;f
собаки;метис;"643090000304949";"26.04.2018";17;m
собаки;метис;"643090000330807";"07.05.2018";17;m
собаки;метис;"643090000330810";"07.05.2018";17;m
собаки;метис;"643090000330797";"07.07.2017";17;m
собаки;метис;"643095317832288";"07.05.2018";17;m
собаки;метис;"643090000330791";"07.05.2018";17;f
собаки;метис;"643090000304962";"10.05.2018";17;m
собаки;метис;"643090000330793";"10.05.2018";17;f
собаки;метис;"643090000330817";"10.05.2018";17;m
собаки;метис;"643090000330816";"10.05.2018";17;m
собаки;метис;"643090000330818";"10.05.2018";17;m
собаки;метис;"972270000168645";"10.05.2018";17;m
собаки;метис;"643094100550821";"19.06.2018";17;m
собаки;метис;"972270000188199";"19.06.2018";17;m
собаки;метис;"643094100550825";"23.07.2018";17;m
собаки;метис;"643094100550826";"25.07.2018";17;f
собаки;метис;"643094100550742";"26.08.2018";17;f
собаки;метис;"643090000323363";"28.08.2018";17;f
собаки;метис;"643090000323374";"08.09.2018";17;m
собаки;метис;"643094100550744";"11.09.2018";17;m
собаки;метис;"643094100550749";"12.09.2018";17;m
собаки;метис;"643094100550747";"12.09.2018";17;m
собаки;метис;"643090000323386";"13.09.2018";17;f
собаки;метис;"643090000323387";"13.09.2018";17;f
собаки;метис;"643090000323388";"13.09.2018";17;f
собаки;метис;"643090000323391";"13.09.2018";17;m
собаки;метис;"643090000323406";"20.09.2018";17;f
собаки;метис;"643090000323407";"20.09.2018";17;m
собаки;метис;"643090000323409";"20.09.2018";17;f
собаки;метис;"643090000323410";"20.09.2018";17;m
собаки;метис;"643090000323420";"24.09.2018";17;m
собаки;метис;"643090000323418";"24.09.2018";17;f
собаки;метис;"643090000323417";"24.09.2018";17;f
собаки;метис;"643090000323416";"24.09.2018";17;f
собаки;метис;"643090000323414";"24.09.2018";17;f
собаки;метис;"643090000323405";"24.09.2018";17;m
собаки;метис;"643090000323403";"24.09.2018";17;m
собаки;метис;"643090000323402";"24.09.2018";17;f
собаки;метис;"643090000323438";"01.10.2018";17;f
собаки;метис;"643090000323440";"01.10.2018";17;m
собаки;метис;"643090000323439";"01.10.2018";17;m
собаки;метис;"643090000342041";"01.10.2018";17;m
собаки;метис;"643090000342048";"04.10.2018";17;m
собаки;метис;"643090000342046";"04.10.2018";17;f
собаки;метис;"643090000342068";"15.10.2018";17;m
собаки;метис;"643090000342067";"15.10.2018";17;f
собаки;метис;"643090000342070";"15.10.2018";17;f
собаки;метис;"643090000342069";"15.10.2018";17;f
собаки;метис;"643090000342065";"15.10.2018";17;m
собаки;метис;"643094100550750";"19.10.2018";17;f
собаки;метис;"643090000342093";"25.10.2018";17;m
собаки;метис;"643090000342100";"25.10.2018";17;m
собаки;метис;"643090000342095";"29.10.2018";17;f
собаки;метис;"643090000328750";"01.11.2018";17;f
собаки;метис;"643090000328742";"01.11.2018";17;m
собаки;метис;"643090000328741";"01.11.2018";17;m
собаки;метис;"643090000328780";"06.11.2018";17;m
собаки;метис;"643090000328759";"06.11.2018";17;m
собаки;метис;"643090000328760";"06.11.2018";17;m
собаки;метис;"643090000328758";"06.11.2018";17;f
собаки;метис;"643090000328757";"06.11.2018";17;m
собаки;метис;"643090000327713";"12.11.2018";17;m
собаки;метис;"643090000327712";"12.11.2018";17;m
собаки;метис;"643090000327714";"12.11.2018";17;m
собаки;метис;"643090000327716";"12.11.2018";17;f
собаки;метис;"643090000327717";"12.11.2018";17;m
собаки;метис;"643090000327719";"12.11.2018";17;m
собаки;метис;"643090000327718";"12.11.2018";17;m
собаки;метис;"643090000327720";"12.11.2018";17;m
собаки;метис;"643090000327740";"12.11.2018";17;f
собаки;метис;"643090000327736";"14.11.2018";17;m
собаки;метис;"643090000327737";"14.11.2018";17;f
собаки;метис;"643090000327738";"14.11.2018";17;m
собаки;метис;"643090000328813";"22.11.2018";17;f
собаки;метис;"643090000328811";"22.11.2018";17;f
собаки;метис;"643090000328810";"22.11.2018";17;m
собаки;метис;"643090000328809";"22.11.2018";17;f
собаки;метис;"643090000328808";"22.11.2018";17;f
собаки;метис;"643090000328807";"22.11.2018";17;f
собаки;метис;"643090000328806";"22.11.2018";17;m
собаки;метис;"643094100550840";"29.11.2018";17;f
собаки;метис;"643090000328817";"03.12.2018";17;f
собаки;метис;"643090000328818";"03.12.2018";17;f
собаки;метис;"643090000328819";"03.12.2018";17;m
собаки;метис;"643094100550839";"04.12.2018";17;f
собаки;метис;"643094100550992";"04.12.2018";17;f
собаки;метис;"643090000342075";"06.12.2018";17;f
собаки;метис;"643090000328761";"25.12.2018";17;m
собаки;метис;"643090000328762";"25.12.2018";17;f
собаки;метис;"643090000328763";"25.12.2018";17;f
собаки;метис;"643090000328792";"25.12.2018";17;m
собаки;метис;"643090000328793";"25.12.2018";17;m
собаки;метис;"643090000328794";"25.12.2018";17;f
собаки;метис;"643094100550727";"17.01.2019";17;f
собаки;метис;"643094100550724";"17.01.2019";17;m
собаки;метис;"643094100550994";"23.01.2019";17;f
собаки;метис;"643094100550999";"23.01.2019";17;f
собаки;метис;"643094100550723";"23.01.2019";17;f
собаки;метис;"643094100550728";"23.01.2019";17;m
собаки;метис;"643094100550729";"23.01.2019";17;m
собаки;метис;"643094100550730";"23.01.2019";17;f
собаки;метис;"643094100550725";"23.01.2019";17;m
собаки;метис;"643094100550909";"29.01.2019";17;m
собаки;метис;"643090000342196";"31.01.2019";17;m
собаки;метис;"643090000342197";"31.01.2019";17;m
собаки;метис;"643021160000833";"01.03.2016";17;m
собаки;метис;"643090000216005";"21.11.2017";17;m
собаки;метис;"643094100550908";"18.02.2019";17;m
собаки;метис;"643094100551000";"18.02.2019";17;f
собаки;метис;"643094100550907";"18.02.2019";17;m
собаки;метис;"643090000342224";"18.02.2019";17;m
собаки;метис;"643090000342223";"18.02.2019";17;m
собаки;метис;"643090000342225";"18.02.2019";17;m
собаки;метис;"643090000342222";"18.02.2019";17;m
собаки;метис;"643090000342233";"18.02.2019";17;m
собаки;метис;"643090000342231";"18.02.2019";17;m
собаки;метис;"643090000342232";"18.02.2019";17;m
собаки;метис;"643090000342238";"19.02.2019";17;m
собаки;метис;"643090000342240";"19.02.2019";17;m
собаки;метис;"643090000342239";"19.02.2019";17;m
собаки;метис;"643090000342237";"19.02.2019";17;m
собаки;метис;"643090000325037";"20.02.2019";17;f
собаки;метис;"643090000325038";"20.02.2019";17;m
собаки;метис;"643090000325039";"20.02.2019";17;f
собаки;метис;"643090000325040";"20.02.2019";17;f
собаки;метис;"643090000328796";"20.02.2019";17;m
собаки;метис;"643090000325036";"20.02.2019";17;m
собаки;метис;"643090000328797";"20.02.2019";17;m
собаки;метис;"643090000328798";"20.02.2019";17;f
собаки;метис;"643090000328799";"20.02.2019";17;f
собаки;метис;"643090000342387";"01.03.2019";17;f
собаки;метис;"643090000342388";"01.03.2019";17;m
собаки;метис;"643090000342394";"01.03.2019";17;m
собаки;метис;"643090000342383";"11.03.2019";17;m
собаки;метис;"643090000342382";"11.03.2019";17;m
собаки;метис;"643090000327727";"11.03.2019";17;m
собаки;метис;"643090000328790";"11.03.2019";17;f
собаки;метис;"643090000328789";"11.03.2019";17;m
собаки;метис;"643090000327726";"11.03.2019";17;f
собаки;метис;"643090000328787";"14.03.2019";17;m
собаки;метис;"643090000342234";"14.03.2019";17;m
собаки;метис;"643090000328788";"14.03.2019";17;f
собаки;метис;"643090000328775";"14.03.2019";17;m
собаки;метис;"643090000328774";"14.03.2019";17;m
собаки;метис;"643090000328771";"14.03.2019";17;m
собаки;метис;"643090000328773";"14.03.2019";17;m
собаки;метис;"643090000328772";"14.03.2019";17;m
собаки;метис;"643090000323716";"16.03.2019";17;f
собаки;метис;"643090000325009";"16.03.2019";17;m
собаки;метис;"643090000323717";"16.03.2019";17;f
собаки;метис;"643090000323708";"16.03.2019";17;m
собаки;метис;"643090000324980";"16.03.2019";17;m
собаки;метис;"643090000324984";"16.03.2019";17;m
собаки;метис;"643090000324983";"16.03.2019";17;m
собаки;метис;"643090000324985";"18.03.2019";17;f
собаки;метис;"643090000324990";"18.03.2019";17;m
собаки;метис;"643090000323710";"18.03.2019";17;f
собаки;метис;"643090000323709";"18.03.2019";17;m
собаки;метис;"643090000323702";"18.03.2019";17;f
собаки;метис;"643090000325010";"18.03.2019";17;f
собаки;метис;"643090000325020";"18.03.2019";17;m
собаки;метис;"643094100550904";"18.03.2019";17;m
собаки;метис;"643094100550906";"18.03.2019";17;f
собаки;метис;"643094100548989";"26.03.2019";17;m
собаки;метис;"643094100550612";"26.03.2019";17;f
собаки;метис;"643094100548981";"26.03.2019";17;m
собаки;метис;"643094100548861";"26.03.2019";17;f
собаки;метис;"643090000342226";"02.04.2019";17;m
собаки;метис;"643090000342227";"02.04.2019";17;f
собаки;метис;"643090000342440";"02.04.2019";17;f
собаки;метис;"643090000342439";"02.04.2019";17;f
собаки;метис;"643090000342122";"12.04.2019";17;f
собаки;метис;"643090000342129";"12.04.2019";17;f
собаки;метис;"643090000342130";"12.04.2019";17;f
собаки;метис;"643090000325000";"14.04.2019";17;f
собаки;метис;"643090000325002";"14.04.2019";17;m
собаки;метис;"643090000325003";"16.04.2019";17;m
собаки;метис;"643090000324999";"16.04.2019";17;f
собаки;метис;"643090000324997";"16.04.2019";17;f
собаки;метис;"643090000323706";"16.04.2019";17;f
собаки;метис;"643090000323707";"16.04.2019";17;f
собаки;метис;"643090000323701";"16.04.2019";17;f
собаки;метис;"643090000342119";"18.04.2019";17;m
собаки;метис;"643090000342116";"18.04.2019";17;f
собаки;метис;"643090000342118";"18.04.2019";17;m
собаки;метис;"643090000323725";"20.04.2019";17;f
собаки;метис;"643090000323727";"20.04.2019";17;m
собаки;метис;"643090000323730";"20.04.2019";17;m
собаки;метис;"643090000323700";"20.04.2019";17;f
собаки;метис;"643090000342208";"25.04.2019";17;f
собаки;метис;"643090000342210";"25.04.2019";17;f
собаки;метис;"643090000327643";"29.04.2019";17;f
собаки;метис;"643090000327644";"29.04.2019";17;m
собаки;метис;"643090000328827";"06.12.2018";17;f
собаки;метис;"643090000342397";"06.05.2019";17;f
собаки;метис;"643090000342398";"06.05.2019";17;f
собаки;метис;"643090000327664";"14.05.2019";17;m
собаки;метис;"643090000327660";"14.05.2019";17;m
собаки;метис;"643090000342369";"14.05.2019";17;f
собаки;метис;"643090000324969";"16.05.2019";17;f
собаки;метис;"643090000324970";"16.05.2019";17;f
собаки;метис;"643090000327663";"16.05.2019";17;f
собаки;метис;"643090000327690";"16.05.2019";17;m
собаки;метис;"643094100548994";"30.05.2019";17;f
собаки;метис;"643094100010866";"01.03.2016";17;f
собаки;метис;"643110000521535";"01.03.2016";17;f
собаки;метис;"643094100550618";"02.07.2019";17;f
собаки;метис;"643094100548999";"03.07.2019";17;m
собаки;метис;"643094100548991";"03.07.2019";17;f
собаки;метис;"643094100548995";"03.07.2019";17;m
собаки;метис;"643094100549000";"03.07.2019";17;f
собаки;метис;"643094100548993";"03.07.2019";17;f
собаки;метис;"643094100548997";"03.07.2019";17;f
собаки;метис;"643094100550615";"03.07.2019";17;m
собаки;метис;"643094100548998";"03.07.2019";17;m
собаки;метис;"643094100550616";"11.07.2019";17;f
собаки;метис;"643090000376976";"15.07.2019";17;f
собаки;метис;"643090000376977";"15.07.2019";17;f
собаки;метис;"643090000376978";"15.07.2019";17;f
собаки;метис;"643090000376979";"15.07.2019";17;f
собаки;метис;"643090000376981";"15.07.2019";17;f
собаки;метис;"643090000376980";"15.07.2019";17;f
собаки;метис;"643090000328782";"15.07.2019";17;m
собаки;метис;"643090000376983";"15.07.2019";17;m
собаки;метис;"643090000377026";"15.07.2019";17;f
собаки;метис;"643090000377027";"15.07.2019";17;m
собаки;метис;"643090000376984";"22.07.2019";17;f
собаки;метис;"643090000323404";"25.07.2019";17;m
собаки;метис;"643090000342220";"25.07.2019";17;f
собаки;метис;"643090000377006";"25.07.2019";17;f
собаки;метис;"643090000327679";"25.07.2019";17;m
собаки;метис;"643090000327680";"25.07.2019";17;m
собаки;метис;"643090000377020";"25.07.2019";17;m
собаки;метис;"900015637906704";"01.08.2019";17;m
собаки;метис;"900015637906874";"01.08.2019";17;f
собаки;метис;"643090000377036";"01.08.2019";17;f
собаки;метис;"643090000455962";"01.08.2019";17;f
собаки;метис;"643090000455963";"01.08.2019";17;m
собаки;метис;"643090000455964";"01.08.2019";17;f
собаки;метис;"643090000455965";"01.08.2019";17;m
собаки;метис;"643090000322269";"01.08.2019";17;m
собаки;метис;"900115001342005";"08.08.2019";17;f
собаки;метис;"900115001342039";"08.08.2019";17;f
собаки;метис;"900115001342014";"08.08.2019";17;f
собаки;метис;"643094100548870";"12.08.2019";17;m
собаки;метис;"643094100548862";"12.08.2019";17;f
собаки;метис;"900115001342013";"15.08.2019";17;m
собаки;метис;"900115001342009";"15.08.2019";17;f
собаки;метис;"900115001342007";"15.08.2019";17;m
собаки;метис;"900115001342001";"15.08.2019";17;f
собаки;метис;"900115001342021";"15.08.2019";17;m
собаки;метис;"900115001342023";"19.08.2019";17;m
собаки;метис;"900115001342049";"19.08.2019";17;m
собаки;метис;"900115001342032";"19.08.2019";17;f
собаки;метис;"900115001342028";"19.08.2019";17;m
собаки;метис;"900115001342004";"19.08.2019";17;f
собаки;метис;"900115001342037";"19.08.2019";17;f
собаки;метис;"900115001341700";"26.08.2019";17;f
собаки;метис;"900115001341673";"26.08.2019";17;m
собаки;метис;"900115001341684";"26.08.2019";17;f
собаки;метис;"900115001341682";"26.08.2019";17;m
собаки;метис;"900115001341691";"26.08.2019";17;f
собаки;метис;"900115001341685";"26.08.2019";17;f
собаки;метис;"900115001342003";"26.08.2019";17;f
собаки;метис;"900115001341651";"26.08.2019";17;m
собаки;метис;"900115001341686";"26.08.2019";17;f
собаки;метис;"900115001341681";"26.08.2019";17;f
собаки;метис;"900115001341693";"26.08.2019";17;f
собаки;метис;"900115001341653";"26.08.2019";17;f
собаки;метис;"972270000115692";"16.06.2012";17;f
собаки;метис;"643090000058563";"01.03.2016";17;f
собаки;метис;"900115001341655";"02.09.2019";17;f
собаки;метис;"900115001341683";"02.09.2019";17;f
собаки;метис;"900115001341690";"02.09.2019";17;m
собаки;метис;"900115001341692";"02.09.2019";17;m
собаки;метис;"900115001341657";"02.09.2019";17;m
собаки;метис;"900115001341699";"02.09.2019";17;f
собаки;метис;"900115001341659";"02.09.2019";17;f
собаки;метис;"900115001341663";"02.09.2019";17;f
собаки;метис;"900115001341695";"02.09.2019";17;f
собаки;метис;"900115001341662";"02.09.2019";17;f
собаки;метис;"900115001341656";"02.09.2019";17;f
собаки;метис;"900115001341665";"02.09.2019";17;f
собаки;метис;"643094100394965";"16.09.2019";17;m
собаки;метис;"643110900051035";"16.09.2019";17;f
собаки;метис;"643090000130135";"16.09.2019";17;f
собаки;метис;"900115001341818";"16.09.2019";17;m
собаки;метис;"900115001341810";"16.09.2019";17;m
собаки;метис;"900115001341822";"16.09.2019";17;m
собаки;метис;"900115001341817";"16.09.2019";17;m
собаки;метис;"900115001341811";"16.09.2019";17;m
собаки;метис;"900115001341826";"16.09.2019";17;f
собаки;метис;"900115001341832";"16.09.2019";17;m
собаки;метис;"900115001341835";"16.09.2019";17;f
собаки;метис;"900115001341804";"16.09.2019";17;f
собаки;метис;"900115001341807";"16.09.2019";17;f
собаки;метис;"900115001341661";"16.09.2019";17;m
собаки;метис;"900115001341830";"23.09.2019";17;f
собаки;метис;"900115001341829";"23.09.2019";17;f
собаки;метис;"900115001341831";"23.09.2019";17;f
собаки;метис;"900115001341824";"23.09.2019";17;f
собаки;метис;"900115001341825";"23.09.2019";17;f
собаки;метис;"900115001341809";"23.09.2019";17;m
собаки;метис;"900115001341801";"30.09.2019";17;m
собаки;метис;"900115001341844";"30.09.2019";17;m
собаки;метис;"900115001341814";"30.09.2019";17;f
собаки;метис;"900115001341813";"30.09.2019";17;f
собаки;метис;"900115001341821";"30.09.2019";17;m
собаки;метис;"900115001341815";"30.09.2019";17;m
собаки;метис;"900115001341838";"30.09.2019";17;m
собаки;метис;"643094100550625";"30.09.2019";17;f
собаки;метис;"643094100550626";"30.09.2019";17;m
собаки;метис;"643094100550623";"30.09.2019";17;m
собаки;метис;"643094100550624";"30.09.2019";17;m
собаки;метис;"643094100550811";"02.10.2019";17;f
собаки;метис;"643094100550815";"02.10.2019";17;f
собаки;метис;"643094100550817";"02.10.2019";17;f
собаки;метис;"643094100550816";"02.10.2019";17;f
собаки;метис;"643094100550812";"02.10.2019";17;m
собаки;метис;"643094100550814";"02.10.2019";17;f
собаки;метис;"643094100550813";"02.10.2019";17;f
собаки;метис;"900115001341802";"07.10.2019";17;m
собаки;метис;"900115001341803";"07.10.2019";17;m
собаки;метис;"900115001341837";"07.10.2019";17;m
собаки;метис;"900115001341819";"07.10.2019";17;f
собаки;метис;"900115001341846";"07.10.2019";17;m
собаки;метис;"900115001341849";"07.10.2019";17;f
собаки;метис;"900115001341848";"07.10.2019";17;m
собаки;метис;"900115001341635";"07.10.2019";17;m
собаки;метис;"900115001341637";"07.10.2019";17;m
собаки;метис;"643090000319667";"09.10.2019";17;m
собаки;метис;"643094100550733";"10.10.2019";17;m
собаки;метис;"643094100550740";"10.10.2019";17;m
собаки;метис;"643094100550617";"10.10.2019";17;f
собаки;метис;"900115001341612";"21.10.2019";17;f
собаки;метис;"900115001341732";"21.10.2019";17;f
собаки;метис;"900115001341750";"21.10.2019";17;f
собаки;метис;"900115001341735";"21.10.2019";17;m
собаки;метис;"900115001341710";"21.10.2019";17;f
собаки;метис;"900115001341748";"21.10.2019";17;f
собаки;метис;"900115001341607";"21.10.2019";17;f
собаки;метис;"900115001341749";"21.10.2019";17;m
собаки;метис;"643094100548835";"26.03.2019";17;m
собаки;метис;"643094100548982";"26.03.2019";17;m
собаки;метис;"643090000327665";"14.05.2019";17;m
собаки;метис;"941000001326275";"12.12.2019";17;f
собаки;метис;"941000001533233";"12.12.2019";17;m
собаки;метис;"941000001314162";"12.12.2019";17;m
собаки;метис;"941000001326611";"12.12.2019";17;m
собаки;метис;"941000001518793";"12.12.2019";17;f
собаки;метис;"941000001330821";"12.12.2019";17;m
собаки;метис;"941000001523626";"12.12.2019";17;f
собаки;метис;"941000001532018";"13.12.2019";17;m
собаки;метис;"941000001327305";"13.12.2019";17;f
собаки;метис;"941000001329740";"13.12.2019";17;f
собаки;метис;"941000001533550";"13.12.2019";17;m
собаки;метис;"941000001323327";"13.12.2019";17;f
собаки;метис;"941000001524748";"13.12.2019";17;f
собаки;метис;"941000001529403";"13.12.2019";17;f
собаки;метис;"941000001522518";"13.12.2019";17;f
кошки;метис;"643094100550827";"27.07.2018";17;
кошки;метис;"643110700033656";"25.06.2016";17;m
кошки;метис;"643110700033667";"10.07.2016";17;
кошки;метис;"643110000521565";"22.01.2016";17;
кошки;метис;"643110700033690";"26.06.2016";17;m
кошки;метис;"643095317832315";"10.12.2016";17;m
кошки;метис;"643110700004768";"28.01.2016";17;m
кошки;метис;"643110700003579";"30.01.2016";17;
кошки;метис;"643093300021577";"13.12.2016";17;m
кошки;метис;"643094100550998";"28.01.2019";17;
кошки;метис;"643094100550836";"19.10.2018";17;m
кошки;метис;"643094100550721";"10.01.2019";17;
кошки;метис;"643094100550838";"19.10.2018";17;
кошки;метис;"643110700002659";"01.01.2016";17;m
кошки;метис;"643110700033632";"26.06.2016";17;
кошки;метис;"643110700033675";"26.06.2016";17;
кошки;метис;"643090000185853";"27.08.2015";17;
кошки;метис;"643110700063958";"07.10.2016";17;
кошки;метис;"643090000058756";"09.12.2016";17;
кошки;метис;"643110700033679";"10.07.2016";17;m
кошки;метис;"643090000183010";"02.08.2015";17;
кошки;метис;"643110700033651";"24.05.2016";17;
кошки;метис;"643090000183015";"30.01.2016";17;
кошки;метис;"643090000183008";"25.04.2014";17;
кошки;метис;"643110700063982";"19.10.2016";17;
кошки;метис;"643090000183003";"01.08.2014";17;
кошки;метис;"643110700033601";"24.05.2016";17;
кошки;метис;"643110700063985";"07.04.2015";17;m
кошки;метис;"643090000185855";"12.07.2013";17;m
кошки;метис;"643090000185860";"08.10.2015";17;
кошки;метис;"643090000183013";"15.11.2014";17;m
кошки;метис;"643090000185859";"13.03.2014";17;
кошки;метис;"643090000183012";"23.11.2014";17;
кошки;метис;"643090000183018";"08.10.2015";17;m
кошки;метис;"643094100550743";"12.09.2018";17;
кошки;метис;"643090000183017";"02.04.2015";17;
кошки;метис;"643090000185858";"17.04.2015";17;
кошки;метис;"643094100550835";"19.10.2018";17;
кошки;метис;"643110700033641";"11.07.2016";17;m
кошки;метис;"643110700003679";"10.07.2016";17;
кошки;метис;"941000001314605";"10.10.2016";17;m
кошки;метис;"643110700022169";"24.05.2016";17;
кошки;метис;"643094100550739";"14.10.2019";17;
кошки;метис;"643094100550735";"14.10.2019";17;
кошки;метис;"643094100550737";"14.10.2019";17;
кошки;метис;"643094100550736";"14.10.2019";17;
кошки;метис;"643094100550738";"16.10.2019";17;
кошки;метис;"643094100550819";"16.10.2019";17;
кошки;метис;"643094100550818";"16.10.2019";17;
кошки;метис;"643094100550820";"16.10.2019";17;
кошки;метис;"643094100550882";"14.08.2018";17;m
кошки;метис;"643094100550883";"14.08.2018";17;m
кошки;метис;"643094100550887";"14.08.2018";17;
кошки;метис;"643094100550888";"14.08.2018";17;
кошки;метис;"643094100550889";"14.08.2018";17;
кошки;метис;"643094100550890";"14.08.2018";17;
кошки;метис;"643094100550900";"14.08.2018";17;m
кошки;метис;"643094100550898";"14.08.2018";17;
кошки;метис;"643094100550891";"14.08.2018";17;m
кошки;метис;"643094100550897";"14.08.2018";17;m
кошки;метис;"643094100550896";"14.08.2018";17;
кошки;метис;"643094100550892";"14.08.2018";17;m
кошки;метис;"643094100550837";"19.10.2018";17;
кошки;метис;"643094100550899";"14.08.2018";17;
кошки;метис;"643094100550893";"14.08.2018";17;m
кошки;метис;"643094100550885";"14.08.2018";17;m
кошки;метис;"643094100550894";"14.08.2018";17;m
кошки;метис;"643094100548910";"22.08.2018";17;
кошки;метис;"643094100548908";"22.08.2018";17;
кошки;метис;"643094100548907";"22.08.2018";17;
кошки;метис;"643094100548904";"22.08.2018";17;
кошки;метис;"643094100548903";"22.08.2018";17;
кошки;метис;"643094100548901";"22.08.2018";17;
кошки;метис;"643094100548866";"11.07.2019";17;m
кошки;метис;"643094100548863";"11.07.2019";17;m
кошки;метис;"643094100548864";"11.07.2019";17;m
кошки;метис;"643094100548865";"11.07.2019";17;
кошки;метис;"643094100550731";"10.10.2019";17;
кошки;метис;"643094100550732";"10.10.2019";17;m
кошки;метис;"643094100550734";"10.10.2019";17;
кошки;метис;"900115001341675";"26.08.2019";17;
кошки;метис;"900115001341674";"26.08.2019";17;m
кошки;метис;"900115001341678";"26.08.2019";17;m
кошки;метис;"900115001341687";"26.08.2019";17;
кошки;метис;"900115001341833";"16.09.2019";17;
кошки;метис;"900115001341843";"16.09.2019";17;
кошки;метис;"900115001341823";"23.09.2019";17;
кошки;метис;"643094100550621";"30.09.2019";17;m
кошки;метис;"643094100550627";"30.09.2019";17;
кошки;метис;"643094100550630";"30.09.2019";17;m
собаки;беспородная;"643098100036460";"01.01.2006";13;
собаки;беспородная;"941000001549272";"01.01.2006";13;
собаки;беспородная;"941000001534239";"01.01.2006";13;
собаки;беспородная;"968000003948353";"01.01.2005";13;
собаки;беспородная;"68000003933835";"01.01.2004";13;
собаки;беспородная;"643098100035212";"01.01.2006";13;
собаки;беспородная;"968000003928864";"01.01.2005";13;
собаки;беспородная;"968000003975337";"01.01.2004";13;
собаки;беспородная;"968000003948056";"01.01.2003";13;
собаки;беспородная;"968000003990015";"01.01.2002";13;
собаки;беспородная;"941000001520247";"01.01.2003";13;
собаки;беспородная;"643094100001399";"01.01.2007";13;
собаки;беспородная;"643094100000681";"01.01.2007";13;
собаки;беспородная;"643094100000784";"01.01.2007";13;
собаки;беспородная;"941000002057667";"01.01.2007";13;
собаки;беспородная;"643110000014194";"01.01.2007";13;
собаки;беспородная;"643098100097513";"01.01.2007";13;
собаки;беспородная;"643098100099000";"01.01.2007";13;
собаки;беспородная;"643098100098302";"01.01.2007";13;
собаки;беспородная;"941000001522877";"01.01.2006";13;
собаки;беспородная;"941000002533042";"01.01.2007";13;
собаки;беспородная;"941000002515111";"01.01.2007";13;
собаки;беспородная;"941000001537098";"01.01.2006";13;
собаки;беспородная;"643094100120511";"01.01.2006";13;
собаки;беспородная;"941000001551708";"01.01.2006";13;
собаки;беспородная;"941000002025668";"01.01.2006";13;
собаки;беспородная;"941000002025192";"01.01.2006";13;
собаки;беспородная;"941000000751816";"01.01.2005";13;
собаки;беспородная;"941000002036931";"01.01.2007";13;
собаки;беспородная;"941000002053716";"01.01.2007";13;
собаки;беспородная;"941000002035808";"01.01.2005";13;
собаки;беспородная;"643094100000519";"01.01.2007";13;
собаки;беспородная;"941000002518893";"01.01.2007";13;
собаки;беспородная;"941000002601302";"01.01.2007";13;
собаки;беспородная;"643094100077806";"01.01.2006";13;
собаки;беспородная;"643094100113185";"01.01.2006";13;
собаки;беспородная;"941000002037463";"01.01.2007";13;
собаки;беспородная;"941000002534904";"01.01.2007";13;
собаки;беспородная;"941000002542200";"01.01.2007";13;
собаки;беспородная;"643094100001080";"01.01.2007";13;
собаки;беспородная;"941000002025647";"01.01.2007";13;
собаки;беспородная;"643094100111528";"01.01.2005";13;
собаки;беспородная;"941000002528690";"01.01.2006";13;
собаки;беспородная;"941000002222940";"01.01.2006";13;
собаки;беспородная;"941000002515753";"01.01.2007";13;
собаки;беспородная;"941000002597171";"01.01.2007";13;
собаки;беспородная;"643094100549320";"01.01.2006";13;
собаки;беспородная;"643094100091877";"01.01.2006";13;
собаки;беспородная;"941000002514057";"01.01.2007";13;
собаки;беспородная;"941000002512857";"01.01.2006";13;
собаки;беспородная;"941000002500425";"01.01.2006";13;
собаки;беспородная;"643094100000767";"01.01.2008";13;
собаки;беспородная;"941000002044492";"01.01.2008";13;
собаки;беспородная;"643094100000836";"01.01.2008";13;
собаки;беспородная;"643098100093741";"01.01.2008";13;
собаки;беспородная;"643098100098235";"01.01.2008";13;
собаки;беспородная;"643098100098979";"01.01.2008";13;
собаки;беспородная;"643098100098932";"01.01.2008";13;
собаки;беспородная;"643098100098629";"01.01.2008";13;
собаки;беспородная;"643098100099203";"01.01.2008";13;
собаки;беспородная;"941000002012732";"01.01.2009";13;
собаки;беспородная;"941000002007292";"01.01.2009";13;
собаки;беспородная;"643094100077849";"01.01.2009";13;
собаки;беспородная;"941000002045766";"01.01.2009";13;
собаки;беспородная;"941000002054319";"01.01.2009";13;
собаки;беспородная;"941000002009387";"01.01.2009";13;
собаки;беспородная;"941000002003691";"01.01.2008";13;
собаки;беспородная;"643098100040764";"01.01.2009";13;
собаки;беспородная;"941000001520109";"01.01.2009";13;
собаки;беспородная;"941000001534830";"01.01.2009";13;
собаки;беспородная;"941000002508291";"01.01.2010";13;
собаки;беспородная;"643094100077942";"01.01.2009";13;
собаки;беспородная;"643094100077825";"01.01.2010";13;
собаки;беспородная;"941000002043445";"01.01.2010";13;
собаки;беспородная;"94100000689932";"01.01.2008";13;
собаки;беспородная;"643094100549355";"01.01.2010";13;
собаки;беспородная;"643094100077867";"01.01.2007";13;
собаки;беспородная;"643094100077859";"01.01.2011";13;
собаки;беспородная;"643094100110820";"01.01.2009";13;
собаки;беспородная;"643094100122306";"01.01.2005";13;
собаки;беспородная;"643094100140226";"01.01.2011";13;
собаки;беспородная;"643094100122342";"01.01.2011";13;
собаки;беспородная;"643094100140784";"01.01.2011";13;
собаки;беспородная;"643094100139822";"01.01.2010";13;
собаки;беспородная;"643094100077520";"01.01.2010";13;
собаки;беспородная;"643094100140642";"01.01.2010";13;
собаки;беспородная;"643094100204003";"01.01.2008";13;
собаки;беспородная;"643094100154646";"01.01.2011";13;
собаки;беспородная;"643094100154638";"01.01.2011";13;
собаки;беспородная;"643094100154620";"01.01.2010";13;
собаки;беспородная;"643094100154660";"01.01.2010";13;
собаки;беспородная;"643094100251945";"01.01.2009";13;
собаки;беспородная;"643094100251922";"01.01.2010";13;
собаки;беспородная;"643094100276920";"01.01.2012";13;
собаки;беспородная;"643094100276909";"01.01.2012";13;
собаки;беспородная;"643094100276919";"01.01.2012";13;
собаки;беспородная;"643094100276922";"01.01.2013";13;
собаки;беспородная;"643094100276910";"01.01.2013";13;
собаки;беспородная;"643094100276929";"01.01.2013";13;
собаки;беспородная;"643094100327886";"01.01.2013";13;
собаки;беспородная;"643094100327888";"01.01.2013";13;
собаки;беспородная;"643094100327889";"01.01.2013";13;
собаки;беспородная;"643094100327860";"01.01.2013";13;
собаки;беспородная;"643094100327855";"01.01.2011";13;
собаки;беспородная;"643094100343075";"01.01.2014";13;
собаки;беспородная;"643094100343076";"01.01.2011";13;
собаки;беспородная;"643094800004088";"01.01.2011";13;
собаки;беспородная;"643094100341818";"01.01.2014";13;
собаки;беспородная;"643094800004149";"01.01.2014";13;
собаки;беспородная;"643094800004147";"01.01.2012";13;
собаки;беспородная;"643094800001262";"01.01.2014";13;
собаки;беспородная;"643094800004142";"01.01.2012";13;
собаки;беспородная;"643094100381080";"01.01.2014";13;
собаки;беспородная;"643094100381078";"01.01.2014";13;
собаки;беспородная;"643094100381077";"01.01.2014";13;
собаки;беспородная;"643094100381076";"01.01.2014";13;
собаки;беспородная;"643094100381074";"01.01.2014";13;
собаки;беспородная;"643094100381072";"01.01.2014";13;
собаки;беспородная;"643094100381071";"01.01.2014";13;
собаки;беспородная;"643094100365499";"01.01.2014";13;
собаки;беспородная;"643094100361156";"01.01.2015";13;
собаки;беспородная;"643094100361158";"01.01.2014";13;
собаки;беспородная;"643094100361155";"01.01.2014";13;
собаки;беспородная;"643094100361154";"01.01.2014";13;
собаки;беспородная;"643094100364809";"01.01.2007";13;
собаки;беспородная;"643094100381139";"01.01.2012";13;
собаки;беспородная;"643094100381136";"01.01.2013";13;
собаки;беспородная;"643098100098471";"01.01.2014";13;
собаки;беспородная;"643094100361883";"01.01.2012";13;
собаки;беспородная;"643094100549318";"01.01.2016";13;
собаки;беспородная;"900250000111898";"01.01.2013";13;
собаки;беспородная;"900250000143598";"01.01.2014";13;
собаки;беспородная;"900250000143409";"01.01.2014";13;
собаки;беспородная;"900250000111890";"01.01.2014";13;
собаки;беспородная;"643094100361095";"01.01.2011";13;
собаки;беспородная;"643094100361889";"01.01.2012";13;
собаки;беспородная;"643094100361094";"01.01.2012";13;
собаки;беспородная;"643094100396587";"01.01.2015";13;
собаки;беспородная;"643094100396586";"01.01.2015";13;
собаки;беспородная;"643099000622275";"01.01.2016";13;
собаки;беспородная;"643095300132450";"01.01.2016";13;
собаки;беспородная;"643095300132556";"01.01.2016";13;
собаки;беспородная;"643095300132423";"01.01.2012";13;
собаки;беспородная;"643095300132579";"01.01.2015";13;
собаки;беспородная;"643095300132501";"01.01.2012";13;
собаки;беспородная;"643094100549200";"01.01.2012";13;
собаки;беспородная;"646065300132557";"01.01.2014";13;
собаки;беспородная;"643090000125552";"01.01.2013";13;
собаки;беспородная;"643095300132490";"01.01.2014";13;
собаки;беспородная;"643095300132506";"01.01.2014";13;
собаки;беспородная;"643095300132512";"01.01.2014";13;
собаки;беспородная;"643095300132454";"01.01.2016";13;
собаки;беспородная;"643093400067718";"01.01.2003";13;
собаки;беспородная;"643095300132516";"01.01.2013";13;
собаки;беспородная;"643093400067530";"01.01.2016";13;
собаки;беспородная;"643093400067529";"01.01.2016";13;
собаки;беспородная;"643093400067717,643095300132536";"01.01.2016";13;
собаки;беспородная;"643093400067533";"01.01.2015";13;
собаки;беспородная;"643093400067821";"01.01.2013";13;
собаки;беспородная;"643093400067524";"01.01.2015";13;
собаки;беспородная;"643093400067711";"01.01.2015";13;
собаки;беспородная;"643093400067724";"01.01.2012";13;
собаки;беспородная;"643093400067709";"01.01.2015";13;
собаки;беспородная;"643093400067730";"01.01.2016";13;
собаки;беспородная;"643093400067726";"01.01.2016";13;
собаки;беспородная;"643093400067532";"01.01.2016";13;
собаки;беспородная;"643093400067534";"01.01.2016";13;
собаки;беспородная;"643093400067722";"01.01.2017";13;
собаки;беспородная;"643093400067723";"01.01.2017";13;
собаки;беспородная;"643093400067720";"01.01.2017";13;
собаки;беспородная;"643093400067707";"01.01.2017";13;
собаки;беспородная;"643093400067526";"01.01.2017";13;
собаки;беспородная;"643093400067834";"01.01.2016";13;
собаки;беспородная;"643093400067728";"01.01.2017";13;
собаки;беспородная;"643093400067525";"01.01.2014";13;
собаки;беспородная;"643093400067727";"01.01.2017";13;
собаки;беспородная;"643093400067725";"01.01.2017";13;
собаки;беспородная;"643094100611401";"01.01.2017";13;
собаки;беспородная;"643093400067523";"01.01.2014";13;
собаки;беспородная;"643093400067527";"01.01.2014";13;
собаки;беспородная;"643093400067714";"01.01.2016";13;
собаки;беспородная;"643093400067713";"01.01.2016";13;
собаки;беспородная;"643093400067712";"01.01.2016";13;
собаки;беспородная;"643093400067831";"01.01.2017";13;
собаки;беспородная;"643096400067528";"01.01.2017";13;
собаки;беспородная;"643093400067603";"01.01.2017";13;
собаки;беспородная;"643093400067827";"01.01.2017";13;
собаки;беспородная;"643093400067828";"01.01.2017";13;
собаки;беспородная;"643093400067829";"01.01.2017";13;
собаки;беспородная;"643093400067826";"01.01.2017";13;
собаки;беспородная;"643093400067866";"01.01.2015";13;
собаки;беспородная;"643093400067868";"01.01.2015";13;
собаки;беспородная;"643093400067721";"01.01.2016";13;
собаки;беспородная;"643093400067881";"01.01.2010";13;
собаки;беспородная;"643095300132520";"01.01.2007";13;
собаки;беспородная;"643093400067716";"01.01.2016";13;
собаки;беспородная;"643093400067895";"01.01.2014";13;
собаки;беспородная;"643093400067890";"01.01.2014";13;
собаки;беспородная;"643093400067891";"01.01.2014";13;
собаки;беспородная;"643093400067522";"01.01.2014";13;
собаки;беспородная;"643094100549197";"01.01.2017";13;
собаки;беспородная;"643094100549195";"01.01.2017";13;
собаки;беспородная;"643094100549194";"01.01.2017";13;
собаки;беспородная;"643094100549193";"01.01.2017";13;
собаки;беспородная;"643093400067549";"01.01.2014";13;
собаки;беспородная;"643093400067893";"01.01.2015";13;
собаки;беспородная;"643093400067894";"01.01.2015";13;
собаки;беспородная;"643093400067884";"01.01.2013";13;
собаки;беспородная;"643093400067883";"01.01.2013";13;
собаки;беспородная;"643094100549196";"01.01.2017";13;
собаки;беспородная;"643099000620091";"01.08.2017";13;
собаки;беспородная;"643094100549198";"01.01.2017";13;
собаки;беспородная;"643094100549192";"01.01.2017";13;
собаки;беспородная;"643094100549297";"01.01.2017";13;
собаки;беспородная;"643094100549298";"01.01.2017";13;
собаки;беспородная;"643094100549230";"01.01.2017";13;
собаки;беспородная;"643093400067548";"01.01.2013";13;
собаки;беспородная;"643094100611407";"01.01.2007";13;
собаки;беспородная;"643093400067885";"01.01.2017";13;
собаки;беспородная;"643093400067888";"01.01.2012";13;
собаки;беспородная;"643093400067889";"01.01.2015";13;
собаки;беспородная;"643093400067598";"01.01.2013";13;
собаки;беспородная;"643093400067706";"01.09.2017";13;
собаки;беспородная;"643093400067704";"01.09.2017";13;
собаки;беспородная;"643093400067702";"01.09.2017";13;
собаки;беспородная;"643093400067701";"01.09.2017";13;
собаки;беспородная;"643093400067606";"01.05.2017";13;
собаки;беспородная;"643093400067605";"01.05.2017";13;
собаки;беспородная;"643093400067886";"01.01.2012";13;
собаки;беспородная;"643094100611404";"01.01.2013";13;
собаки;беспородная;"643093400067609";"01.01.2013";13;
собаки;беспородная;"643093400067851";"01.01.2014";13;
собаки;беспородная;"643093400067861";"01.01.2017";13;
собаки;беспородная;"643093400067862";"01.01.2012";13;
собаки;беспородная;"643093400067855";"01.01.2017";13;
собаки;беспородная;"643093400067857";"01.01.2014";13;
собаки;беспородная;"643093400067878";"01.01.2017";13;
собаки;беспородная;"643093400067782";"01.01.2012";13;
собаки;беспородная;"643094100549296";"01.01.2018";13;
собаки;беспородная;"643094100549257";"01.01.2018";13;
собаки;беспородная;"643094100549292";"01.01.2018";13;
собаки;беспородная;"643094100549294";"01.01.2018";13;
собаки;беспородная;"643094100549252";"01.01.2018";13;
собаки;беспородная;"643094100549255";"01.01.2018";13;
собаки;беспородная;"643099000622274";"01.01.2018";13;
собаки;беспородная;"643099000622258";"01.01.2018";13;
собаки;беспородная;"643094100611403";"01.01.2016";13;
собаки;беспородная;"643094100549307";"01.01.2016";13;
собаки;беспородная;"643093400067784";"01.01.2016";13;
собаки;беспородная;"643093400067777";"01.01.2014";13;
собаки;беспородная;"643093400067783";"01.01.2016";13;
собаки;беспородная;"643094100549303";"01.01.2017";13;
собаки;беспородная;"643110800033692";"01.01.2015";13;
собаки;беспородная;"643110800029944";"01.01.2015";13;
собаки;беспородная;"643110800033691";"01.01.2010";13;
собаки;беспородная;"643110800029933";"01.01.2010";13;
собаки;беспородная;"643110800033700";"01.01.2017";13;
собаки;беспородная;"643094100549010,643110800033514";"01.01.2015";13;
собаки;беспородная;"643094100549006";"01.01.2015";13;
собаки;беспородная;"643094100549029";"01.01.2016";13;
собаки;беспородная;"643094100549007";"01.01.2015";13;
собаки;беспородная;"643094100549005";"01.01.2016";13;
собаки;беспородная;"643094100549003";"01.01.2016";13;
собаки;беспородная;"643094100549002";"01.01.2016";13;
собаки;беспородная;"643094100549001";"01.01.2012";13;
собаки;беспородная;"643094100549319";"01.01.2016";13;
собаки;беспородная;"643110800033442";"01.01.2012";13;
собаки;беспородная;"643110800037843";"01.01.2015";13;
собаки;беспородная;"643110800033515";"01.01.2016";13;
собаки;беспородная;"643094100549313";"01.01.2008";13;
собаки;беспородная;"643094100549316";"01.01.2008";13;
собаки;беспородная;"643094100549311";"01.01.2012";13;
собаки;беспородная;"643094100549312";"01.01.2012";13;
собаки;беспородная;"643094100549027";"01.01.2013";13;
собаки;беспородная;"643094100549227";"01.01.2012";13;
собаки;беспородная;"643094100549221";"01.01.2015";13;
собаки;беспородная;"643094100549226";"01.01.2015";13;
собаки;беспородная;"643094100549222";"01.01.2016";13;
собаки;беспородная;"643094100549223";"01.01.2016";13;
собаки;беспородная;"643094100549248";"01.01.2017";13;
собаки;беспородная;"643094100549247";"01.01.2017";13;
собаки;беспородная;"643099000620094";"01.01.2013";13;
собаки;беспородная;"643099000620090";"01.01.2013";13;
собаки;беспородная;"643094100549879";"01.01.2018";13;
собаки;беспородная;"643094100549258";"01.01.2010";13;
собаки;беспородная;"643093400089755";"01.01.2018";13;
собаки;беспородная;"634094100549272";"01.01.2013";13;
собаки;беспородная;"643094100549191";"01.01.2017";13;
собаки;беспородная;"643093400089924";"01.01.2018";13;
собаки;беспородная;"643094100549293";;13;
собаки;беспородная;"643093400089690";"01.01.2013";13;
собаки;беспородная;"643093400089693";"01.01.2015";13;
собаки;беспородная;"643094100549008";"01.01.2015";13;
собаки;беспородная;"643094100549260";"01.01.2015";13;
собаки;беспородная;"643094100373151";"01.01.2016";13;
собаки;беспородная;"643093400067874";"01.01.2014";13;
собаки;беспородная;"643093400067872";"01.01.2014";13;
собаки;беспородная;"643099000620095";"01.01.2018";13;
собаки;беспородная;"643094100611402";"01.01.2017";13;
собаки;беспородная;"643094100549306";"01.01.2015";13;
собаки;беспородная;"643094100549322";"01.01.2014";13;
собаки;беспородная;"643094100549310";"01.01.2018";13;
собаки;беспородная;"643099000596404";"01.01.2018";13;
собаки;беспородная;"643099000596412";"01.01.2018";13;
собаки;беспородная;"643094100549389";"01.01.2015";13;
собаки;беспородная;"643094100549004,643110800046613";"01.01.2014";13;
собаки;беспородная;"643094100549348";"01.01.2016";13;
собаки;беспородная;"643094100549335";"01.01.2015";13;
собаки;беспородная;"643099000620080";"01.11.2018";13;
собаки;беспородная;"643099000620079";"01.11.2018";13;
собаки;беспородная;"643094100549357";"01.01.2017";13;
собаки;беспородная;"643094100549330";"01.01.2016";13;
собаки;беспородная;"643099000596408";"01.09.2018";13;
собаки;беспородная;"643099000620014";"01.09.2018";13;
собаки;беспородная;"643099000596398";"01.09.2018";13;
собаки;беспородная;"643099000596407";"01.09.2018";13;
собаки;беспородная;"643099000596402,643094100656780";"01.09.2018";13;
собаки;беспородная;"643099000596400";"01.09.2018";13;
собаки;беспородная;"643099000620015";"01.09.2018";13;
собаки;беспородная;"643099000596406";"01.09.2018";13;
собаки;беспородная;"643099000596401";"01.09.2018";13;
собаки;беспородная;"643099000620188";"01.01.2015";13;
собаки;беспородная;"643099000620189";"01.01.2016";13;
собаки;беспородная;"643099000620178";"01.06.2018";13;
собаки;беспородная;"643099000620011";"01.11.2018";13;
собаки;беспородная;"643099000620190";"01.01.2018";13;
собаки;беспородная;"643099000620191";"01.01.2018";13;
собаки;беспородная;"643099000620187";"01.01.2018";13;
собаки;беспородная;"643099000620185";"01.01.2018";13;
собаки;беспородная;"643099000620184";"01.01.2018";13;
собаки;беспородная;"643099000620013";"01.07.2018";13;
собаки;беспородная;"643099000620004";"01.01.2015";13;
собаки;беспородная;"643099000620003";"01.01.2014";13;
собаки;беспородная;"643110800043232";"01.01.2018";13;
собаки;беспородная;"643110800043240";"01.01.2018";13;
собаки;беспородная;"643110800043236";"01.01.2018";13;
собаки;беспородная;"643110800046565";"01.01.2018";13;
собаки;беспородная;"643099000620001";"01.01.2013";13;
собаки;беспородная;"643099000619999";"01.01.2018";13;
собаки;беспородная;"643099000622269";"01.01.2018";13;
собаки;беспородная;"643099000622262";"01.01.2013";13;
собаки;беспородная;"643099000622272";"01.01.2015";13;
собаки;беспородная;"643099000622268";"01.01.2017";13;
собаки;беспородная;"643094100611409";"01.01.2016";13;
собаки;беспородная;"643094100611459";"01.01.2018";13;
собаки;беспородная;"643094100611458";"01.01.2018";13;
собаки;беспородная;"643094100611457";"01.01.2019";13;
собаки;беспородная;"643094100611455";"01.01.2016";13;
собаки;беспородная;"643094100611452";"01.01.2017";13;
собаки;беспородная;"643094100620683";"01.01.2016";13;
собаки;беспородная;"643094100611454";"01.01.2016";13;
собаки;беспородная;"643094100611453";"01.01.2017";13;
собаки;беспородная;"643094100620688";"01.01.2018";13;
собаки;беспородная;"643094100620690";"01.01.2018";13;
собаки;беспородная;"643094100620689";"01.01.2018";13;
собаки;беспородная;"643094100611449";"01.01.2017";13;
собаки;беспородная;"643094100620737";"01.01.2017";13;
собаки;беспородная;"643094100620738";"01.01.2017";13;
собаки;беспородная;"643094100620735";"01.01.2018";13;
собаки;беспородная;"643094100620733";"01.01.2013";13;
собаки;беспородная;"972270000027625";"01.01.2015";13;
собаки;беспородная;"643094100621539";"01.01.2012";13;
собаки;беспородная;"643094100621520";"01.01.2015";13;
собаки;беспородная;"643094100621514";"01.01.2018";13;
собаки;беспородная;"643094100620721";"01.01.2018";13;
собаки;беспородная;"643094100620759";"01.01.2017";13;
собаки;беспородная;"643094100656775";"01.01.2013";13;
собаки;беспородная;"643094100620751";"01.01.2016";13;
собаки;беспородная;"643094100620754";"01.01.2015";13;
собаки;беспородная;"643094100621500";"01.01.2016";13;
собаки;беспородная;"643094100621498";"01.01.2017";13;
собаки;беспородная;"643094100621499";"01.01.2017";13;
собаки;беспородная;"643094100656713";"01.01.2016";13;
собаки;беспородная;"643094100656761";"01.06.2019";13;
собаки;беспородная;"643094100656763";"01.06.2019";13;
собаки;беспородная;"643094100621492";"01.01.2016";13;
собаки;беспородная;"643094100621491";"01.01.2018";13;
собаки;беспородная;"643094100621493";"01.01.2018";13;
собаки;беспородная;"643094100656774";"01.01.2016";13;
собаки;беспородная;"643094100656771";"01.01.2017";13;
собаки;беспородная;"643094100656837";"01.01.2018";13;
собаки;беспородная;"643094100656836";"01.01.2016";13;
собаки;беспородная;"643094100656838";"01.01.2018";13;
собаки;беспородная;"643094100656840";"01.01.2018";13;
собаки;беспородная;"643090000296344";"01.01.2012";13;
собаки;беспородная;"643094100656835";"01.01.2011";13;
собаки;беспородная;"643094100656839";"01.01.2018";13;
собаки;беспородная;"643094100656833";"01.01.2018";13;
собаки;беспородная;"643094100656831";"01.01.2018";13;
собаки;беспородная;"643094100620661";"01.01.2017";13;
собаки;беспородная;"643094100620668";"01.01.2013";13;
кошки;беспородная;"643093400067752";"08.05.2008";13;
кошки;беспородная;"643094100549022";"19.03.2009";13;
кошки;беспородная;"643095300130816";"14.07.2010";13;
кошки;беспородная;"643093400067756";"22.11.2013";13;
кошки;беспородная;"643094100549024";"16.03.2014";13;
кошки;беспородная;"643093400089733";"12.05.2014";13;
кошки;беспородная;"643093400067755";"14.06.2014";13;
кошки;беспородная;"643093400089701";"16.03.2015";13;
кошки;беспородная;"643093400089715";"03.04.2015";13;
кошки;беспородная;"643094100549026";"04.04.2015";13;
кошки;беспородная;"643093400089684";"15.09.2015";13;
кошки;беспородная;"643094100549400";"02.12.2015";13;
кошки;беспородная;"643094100549269";"09.02.2016";13;
кошки;беспородная;"643094100549030";"10.02.2016";13;
кошки;беспородная;"643094100549028";"10.02.2016";13;
кошки;беспородная;"643110700022297";"27.09.2016";13;
кошки;беспородная;"643093400089730";"22.12.2016";13;
кошки;беспородная;"643094100549333";"22.12.2016";13;
кошки;беспородная;"643093400089703";"27.12.2016";13;
кошки;беспородная;"643093400089706";"18.01.2017";13;
кошки;беспородная;"643094100549334";"08.02.2017";13;
кошки;беспородная;"643094100549332";"08.02.2017";13;
кошки;беспородная;"643093400089702";"15.02.2017";13;
кошки;беспородная;"643094100549331";"15.02.2017";13;
кошки;беспородная;"643094100549301";"15.02.2017";13;
кошки;беспородная;"643094100549338";"13.02.2017";13;
кошки;беспородная;"643094100549324";"17.03.2017";13;
кошки;беспородная;"643094100549325";"17.03.2017";13;
кошки;беспородная;"643094100549328";"05.04.2017";13;
кошки;беспородная;"643093400089718";"05.04.2017";13;
кошки;беспородная;"643094100549321";"05.04.2017";13;
кошки;беспородная;"643094100549360";"18.04.2017";13;
кошки;беспородная;"643093400089713";"18.04.2017";13;
кошки;беспородная;"643093400067737";"25.15.17";13;
кошки;беспородная;"643094100549359";"26.05.2017";13;
кошки;беспородная;"643094100549358";"29.06.2017";13;
кошки;беспородная;"643094100549356";"03.07.2017";13;
кошки;беспородная;"643094100549353";"03.07.2017";13;
кошки;беспородная;"643093400067786";"05.07.2017";13;
кошки;беспородная;"643094100549372";"17.07.2017";13;
кошки;беспородная;"643094100549127";"17.07.2017";13;
кошки;беспородная;"643094100549023";"17.07.2017";13;
кошки;беспородная;"643093400089729";"18.07.2017";13;
кошки;беспородная;"643093400089725";"27.07.2017";13;
кошки;беспородная;"643093400067760";"27.07.2017";13;
кошки;беспородная;"643094100549126";"27.07.2017";13;
кошки;беспородная;"643094100549129";"04.08.2017";13;
кошки;беспородная;"643093400089994";"09.08.2017";13;
кошки;беспородная;"643094100549130";"09.08.2017";13;
кошки;беспородная;"643094100549376";"09.08.2017";13;
кошки;беспородная;"643094100549378";"09.08.2017";13;
кошки;беспородная;"643094100549327";"09.08.2017";13;
кошки;беспородная;"643094100549323";"09.08.2017";13;
кошки;беспородная;"643094100549374";"14.08.2017";13;
кошки;беспородная;"643094100549375";"14.08.2017";13;
кошки;беспородная;"643094100549371";"14.08.2017";13;
кошки;беспородная;"643093400089726";"14.08.2017";13;
кошки;беспородная;"643094100549373";"16.08.2017";13;
кошки;беспородная;"643093400089709";"18.09.2017";13;
кошки;беспородная;"643094100549394";"21.08.2017";13;
кошки;беспородная;"643094100549276";"22.08.2017";13;
кошки;беспородная;"643094100549393,643093400067637";"22.08.2017";13;
кошки;беспородная;"643094100549392";"24.09.2017";13;
кошки;беспородная;"643094100549398";"24.09.2017";13;
кошки;беспородная;"643094100549399";"24.09.2017";13;
кошки;беспородная;"643093400089683";"24.09.2017";13;
кошки;беспородная;"643094100549339";"28.08.2017";13;
кошки;беспородная;"643094100549349";"28.08.2017";13;
кошки;беспородная;"643093400089714";"30.08.2017";13;
кошки;беспородная;"643093400089705";"07.09.2017";13;
кошки;беспородная;"643094100549350";"07.09.2017";13;
кошки;беспородная;"643094100549343";"13.09.2017";13;
кошки;беспородная;"643094100549346";"18.09.2017";13;
кошки;беспородная;"643094100549347";"22.09.2017";13;
кошки;беспородная;"643094100549388";"10.10.2017";13;
кошки;беспородная;"643093400067638";"12.10.2017";13;
кошки;беспородная;"643094100549387";"20.10.2017";13;
кошки;беспородная;"643094100549381";"27.10.2017";13;
кошки;беспородная;"643094100549382";"01.11.2017";13;
кошки;беспородная;"643094100549390";"05.12.2017";13;
кошки;беспородная;"643093400089734";"22.12.2017";13;
кошки;беспородная;"643094100549265";"22.12.2017";13;
кошки;беспородная;"643093400067632";"19.02.2018";13;
кошки;беспородная;"643093400067631";"19.02.2018";13;
кошки;беспородная;"643093400067750";"19.02.2018";13;
кошки;беспородная;"643094100549270";"19.02.2018";13;
кошки;беспородная;"643093400089997";"19.02.2018";13;
кошки;беспородная;"643093400089731";"19.02.2018";13;
кошки;беспородная;"643093400089738";"19.02.2018";13;
кошки;беспородная;"643094100549329";"19.02.2018";13;
кошки;беспородная;"643093400089981";"19.02.2018";13;
кошки;беспородная;"643093400067749";"26.03.2018";13;
кошки;беспородная;"643094100549275";"19.03.2018";13;
кошки;беспородная;"643094100549280";"19.03.2018";13;
кошки;беспородная;"643093400089720";"19.03.2018";13;
кошки;беспородная;"643093400089681";"20.03.2018";13;
кошки;беспородная;"643094100549336";"20.03.2018";13;
кошки;беспородная;"643093400089750";"03.04.2018";13;
кошки;беспородная;"643110800017866";"03.04.2018";13;
кошки;беспородная;"643094100549391";"20.04.2018";13;
кошки;беспородная;"643093400067754";"20.04.2018";13;
кошки;беспородная;"643093400089937";"28.04.2018";13;
кошки;беспородная;"643094100549379";"22.05.2018";13;
кошки;беспородная;"643094100549261";"22.05.2018";13;
кошки;беспородная;"643093400089721";"22.05.2018";13;
кошки;беспородная;"643093400089988";"30.05.2018";13;
кошки;беспородная;"643094100549352";"30.05.2018";13;
кошки;беспородная;"643093400089998";"06.06.2018";13;
кошки;беспородная;"643093400089749";"06.06.2018";13;
кошки;беспородная;"643093400067748";"06.06.2018";13;
кошки;беспородная;"643093400089711";"07.06.2018";13;
кошки;беспородная;"643093400089936";"07.06.2018";13;
кошки;беспородная;"643094100549354";"08.07.2018";13;
кошки;беспородная;"643093400089699";"18.06.2018";13;
кошки;беспородная;"643094100549397";"20.06.2018";13;
кошки;беспородная;"643093400089989";"22.06.2018";13;
кошки;беспородная;"643093400089992";"28.06.2018";13;
кошки;беспородная;"643093400089999";"03.07.2018";13;
кошки;беспородная;"643093400089993";"03.07.2018";13;
кошки;беспородная;"643093400089722,643094100549305";"09.07.2018";13;
кошки;беспородная;"632093400089736";"09.07.2018";13;
кошки;беспородная;"643093400089735";"09.07.2018";13;
кошки;беспородная;"643093400089996";"23.07.2018";13;
кошки;беспородная;"643093400089716";"23.07.2018";13;
кошки;беспородная;"643094100549295";"01.08.2018";13;
кошки;беспородная;"643094100549253";"03.08.2018";13;
кошки;беспородная;"643094100549302";"03.08.2018";13;
кошки;беспородная;"643093400089995";"03.08.2018";13;
кошки;беспородная;"643094100549309";"03.08.2018";13;
кошки;беспородная;"643093400090000";"03.08.2018";13;
кошки;беспородная;"643094100549268";"06.08.2018";13;
кошки;беспородная;"643093400089984";"07.08.2018";13;
кошки;беспородная;"643093400089760";"09.08.2018";13;
кошки;беспородная;"643093400089752";"23.11.2019";13;
кошки;беспородная;"643093400089758";"13.08.2018";13;
кошки;беспородная;"643093400089744";"13.08.2018";13;
кошки;беспородная;"643093400089745";"13.08.2018";13;
кошки;беспородная;"643099000620077";"05.12.2018";13;
кошки;беспородная;"643094100549299";"05.12.2018";13;
кошки;беспородная;"643099000596399";"07.11.2018";13;
кошки;беспородная;"643099000596415";"13.12.2018";13;
кошки;беспородная;"643099000596413";"13.12.2018";13;
кошки;беспородная;"643099000620179";"29.12.2018";13;
кошки;беспородная;"643099000620006";"15.01.2019";13;
кошки;беспородная;"643099000620009";"15.01.2019";13;
кошки;беспородная;"643099000620008";"15.01.2019";13;
кошки;беспородная;"643099000620012";"15.01.2019";13;
кошки;беспородная;"643099000619998";"29.01.2019";13;
кошки;беспородная;"643099000622261";"12.02.2019";13;
кошки;беспородная;"643099000622263";"25.02.2019";13;
кошки;беспородная;"643094100611410";"05.03.2019";13;
кошки;беспородная;"643094100620684";"31.03.2019";13;
кошки;беспородная;"643094100620686";"31.03.2019";13;
кошки;беспородная;"643094100620687";"31.03.2019";13;
кошки;беспородная;"643094100611444";"10.04.2019";13;
кошки;беспородная;"643094100611441";"10.04.2019";13;
кошки;беспородная;"643094100611445";"10.04.2019";13;
кошки;беспородная;"643094100620740";"11.04.2019";13;
кошки;беспородная;"643093400089662";"11.04.2019";13;
кошки;беспородная;"643094100611442";"12.04.2019";13;
кошки;беспородная;"643094100621537";"15.05.2019";13;
кошки;беспородная;"643094100621538";"15.05.2019";13;
кошки;беспородная;"643094100621531";"15.05.2019";13;
кошки;беспородная;"643094100621535";"22.05.2019";13;
кошки;беспородная;"643094100621532";"22.05.2019";13;
кошки;беспородная;"643094100621526";"22.05.2019";13;
кошки;беспородная;"643094100621523";"22.05.2019";13;
кошки;беспородная;"643094100621527";"24.05.2019";13;
кошки;беспородная;"643094100621529";"27.05.2019";13;
кошки;беспородная;"643094100621528";"27.05.2019";13;
кошки;беспородная;"643094100621510";"18.06.2019";13;
кошки;беспородная;"643094100620729";"25.06.2019";13;
кошки;беспородная;"643094100620730";"25.06.2019";13;
кошки;беспородная;"643094100621516";"11.07.2019";13;
кошки;беспородная;"643094100620726";"11.07.2019";13;
кошки;беспородная;"643094100621519";"11.07.2019";13;
кошки;беспородная;"643094100620728";"11.07.2019";13;
кошки;беспородная;"643094100620723";"16.07.2019";13;
кошки;беспородная;"643094100620722";"17.07.2019";13;
кошки;беспородная;"643094100621511";"23.07.2019";13;
кошки;беспородная;"643094100620680";"23.07.2019";13;
кошки;беспородная;"643094100620671";"08.08.2019";13;
кошки;беспородная;"643094100620672";"08.08.2019";13;
кошки;беспородная;"643094100620757";"12.08.2019";13;
кошки;беспородная;"643094100620755";"27.08.2019";13;
кошки;беспородная;"643094100621496";"19.09.2019";13;
кошки;беспородная;"643094100656776";"26.09.2019";13;
кошки;беспородная;"643094100621495";"27.09.2019";13;
кошки;беспородная;"643094100621494";"27.09.2019";13;
кошки;беспородная;"643094100656762";"06.10.2019";13;
кошки;беспородная;"643094100656770";"09.10.2019";13;
кошки;беспородная;"643094100656769";"09.10.2019";13;
кошки;беспородная;"643094100656777";"09.10.2019";13;
кошки;беспородная;"643094100656768";"09.10.2019";13;
кошки;беспородная;"643094100656765";"09.10.2019";13;
кошки;беспородная;"643094100656778";"23.10.2019";13;
кошки;беспородная;"643094100656772";"23.10.2019";13;
кошки;беспородная;"643094100656832";"18.11.2019";13;
собаки;Метис;"643110000165527";"17.02.2012";8;
собаки;Метис;"643110000020199";"19.11.2010";8;
собаки;Метис;"643110000020198";"03.12.2010";8;
собаки;Метис;"643110000166292";"10.02.2012";8;
собаки;Метис;"643110000020189";"22.10.2010";8;
собаки;Метис;"643110000020188";"27.09.2010";8;
собаки;Метис;"643110000227029";"10.06.2013";8;
собаки;Метис;"643110000020195";"06.08.2010";8;
собаки;Метис;"643110000166410";"19.11.2012";8;
собаки;Метис;"643110000026338";"09.06.2010";8;
собаки;Метис;"643110000018897";"07.06.2010";8;
собаки;Метис;"643110000020185";"20.12.2010";8;
собаки;Метис;"643110000019890";"29.07.2010";8;
собаки;Метис;"643110000019889";"29.07.2010";8;
собаки;Метис;"643110000019772";"09.06.2010";8;
собаки;Метис;"643110000019771";"23.06.2010";8;
собаки;Метис;"643110000166296";"06.02.2012";8;
собаки;Метис;"643110000165529";"20.02.2012";8;
собаки;Метис;"643110000165540";"17.02.2012";8;
собаки;Метис;"643110000020196";"21.04.2010";8;
собаки;Метис;"643110000439179";"08.04.2013";8;
собаки;Метис;"643110000020190";"22.11.2010";8;
собаки;Метис;"643110000020110";"24.09.2010";8;
собаки;Метис;"643110000165560";"16.05.2012";8;
собаки;Метис;"643110000165546";"16.05.2012";8;
собаки;Метис;"643110000165551";"16.05.2012";8;
собаки;Метис;"643110000165547";"16.05.2012";8;
собаки;Метис;"643110000020117";"30.12.2010";8;
собаки;Метис;"643110000020103";"22.11.2010";8;
собаки;Метис;"643110000165545";"16.05.2012";8;
собаки;Метис;"643110000165542";"21.05.2012";8;
собаки;Метис;"643110000020108";"18.11.2010";8;
собаки;Метис;"643110000165652";"15.05.2012";8;
собаки;Метис;"643110000165558";"21.05.2012";8;
собаки;Метис;"643110000019380";"05.07.2010";8;
собаки;Метис;"643110000020119";"06.12.2010";8;
собаки;Метис;"643110000018900";"07.06.2010";8;
собаки;Метис;"643110000227752";"08.10.2012";8;
собаки;Метис;"643110000165655";"03.05.2012";8;
собаки;Метис;"643110000025860";"10.06.2010";8;
собаки;Метис;"643110000020114";"27.09.2010";8;
собаки;Метис;"643110000020118";"03.12.2010";8;
собаки;Метис;"643110000165651";"03.05.2012";8;
собаки;Метис;"643110000019606";"23.07.2010";8;
собаки;Метис;"643110000019027";"03.06.2010";8;
собаки;Метис;"643110000020116";"22.11.2010";8;
собаки;Метис;"643110000020120";"20.12.2010";8;
собаки;Метис;"643110000241105";"04.05.2010";8;
собаки;Метис;"643110000241101";"04.05.2010";8;
собаки;Метис;"643110000019608";"23.07.2010";8;
собаки;Метис;"643110000439183";"05.07.2010";8;
собаки;Метис;"643110000241099";"20.12.2010";8;
собаки;Метис;"643110000019604";"23.07.2010";8;
собаки;Метис;"643110000165650";"27.04.2012";8;
собаки;Метис;"643110000241108";"05.07.2010";8;
собаки;Метис;"643110000025689";"05.07.2010";8;
собаки;Метис;"643110000241109";"02.08.2010";8;
собаки;Метис;"643110000439187";"27.09.2010";8;
собаки;Метис;"643110000241092";"31.12.2010";8;
собаки;Метис;"643110000241095";"07.06.2010";8;
собаки;Метис;"643110000241091";"25.11.2011";8;
собаки;Метис;"643110000165649";"27.04.2012";8;
собаки;Метис;"643110000241614";"25.10.2010";8;
собаки;Метис;"643110000241652";"06.12.2010";8;
собаки;Метис;"643110000019370";"12.07.2010";8;
собаки;Метис;"643110000241655";"28.06.2010";8;
собаки;Метис;"643110000020121";"07.06.2010";8;
собаки;Метис;"643110000226920";"27.04.2012";8;
собаки;Метис;"643110000226929";"27.04.2012";8;
собаки;Метис;"643110000019538";"28.06.2010";8;
собаки;Метис;"643110000226922";"10.05.2012";8;
собаки;Метис;"643110000241664";"18.06.2010";8;
собаки;Метис;"643110000019533";"28.06.2010";8;
собаки;Метис;"643110000025857";"10.06.2010";8;
собаки;Метис;"643110000026384";"08.06.2010";8;
собаки;Метис;"643110000226916";"10.05.2012";8;
собаки;Метис;"643110000226914";"10.05.2010";8;
собаки;Метис;"643110000241669";"28.06.2010";8;
собаки;Метис;"643110000018890";"07.06.2010";8;
собаки;Метис;"643110000241658";"29.07.2010";8;
собаки;Метис;"643110000241657";"08.11.2010";8;
собаки;Метис;"643110000241661";"29.07.2010";8;
собаки;Метис;"643110000227751";"08.10.2012";8;
собаки;Метис;"643110000018977";"04.06.2010";8;
собаки;Метис;"643110000241660";"08.11.2010";8;
собаки;Метис;"643110000439193";"11.11.2013";8;
собаки;Метис;"97227000023098";"22.11.2010";8;
собаки;Метис;"643110000019763";"06.12.2010";8;
собаки;Метис;"643110000019761";"21.10.2010";8;
собаки;Метис;"643110000241629";"12.07.2010";8;
собаки;Метис;"643110000020315";"16.08.2010";8;
собаки;Метис;"972270000023531";"23.11.2010";8;
собаки;Метис;"643110000241630";"04.10.2010";8;
собаки;Метис;"972270000023265";"22.11.2010";8;
собаки;Метис;"972270000029181";"22.11.2010";8;
собаки;Метис;"643110000241625";"22.11.2010";8;
собаки;Метис;"643110000241623";"04.10.2010";8;
собаки;Метис;"643110000020305";"11.05.2010";8;
собаки;Метис;"643110000019769";"23.07.2010";8;
собаки;Метис;"643110000019767";"25.10.2010";8;
собаки;Метис;"643110000020303";"16.04.2010";8;
собаки;Метис;"643110000025682";"05.07.2010";8;
собаки;Метис;"972270000024702";"02.12.2010";8;
собаки;Метис;"643110000019770";"22.10.2010";8;
собаки;Метис;"643110000019775";"18.11.2010";8;
собаки;Метис;"643110000019777";"06.07.2010";8;
собаки;Метис;"643110000019778";"23.07.2010";8;
собаки;Метис;"643110000227626";"01.11.2012";8;
собаки;Метис;"643110000227835";"02.11.2012";8;
собаки;Метис;"972270000029753";"22.11.2010";8;
собаки;Метис;"643110000026131";"05.07.2010";8;
собаки;Метис;"972270000024738";"08.11.2010";8;
собаки;Метис;"643110000020311";"07.06.2010";8;
собаки;Метис;"643110000227755";"08.10.2012";8;
собаки;Метис;"643110000020313";"20.12.2010";8;
собаки;Метис;"643110000020293";"06.12.2010";8;
собаки;Метис;"643110000020309";"25.10.2010";8;
собаки;Метис;"643110000026335";"09.06.2010";8;
собаки;Метис;"643090000068595";"17.06.2011";8;
собаки;Метис;"643110000020087";"25.10.2010";8;
собаки;Метис;"643110000166179";"05.12.2011";8;
собаки;Метис;"972270000023436";"18.11.2010";8;
собаки;Метис;"643110000166177";"05.12.2011";8;
собаки;Метис;"972270000023094";"19.11.2010";8;
собаки;Метис;"643110000020084";"21.04.2010";8;
собаки;Метис;"643110000020091";"06.08.2010";8;
собаки;Метис;"643110000020092";"09.06.2010";8;
собаки;Метис;"643110000020284";"22.11.2010";8;
собаки;Метис;"643110000165537";"20.02.2012";8;
собаки;Метис;"972270000027042";"08.11.2010";8;
собаки;Метис;"972270000023588";"18.11.2010";8;
собаки;Метис;"643090000066002";"02.07.2011";8;
собаки;Метис;"643090000066003";"17.10.2011";8;
собаки;Метис;"643110000020296";"02.12.2010";8;
собаки;Метис;"643110000017026";"02.08.2010";8;
собаки;Метис;"643110000020208";"09.08.2010";8;
собаки;Метис;"643110000241606";"23.11.2010";8;
собаки;Метис;"972270000029696";"04.10.2010";8;
собаки;Метис;"643110000166417";"23.11.2012";8;
собаки;Метис;"643110000241602";"19.11.2010";8;
собаки;Метис;"643110000019789";"25.06.2010";8;
собаки;Метис;"643110000241596";"06.12.2010";8;
собаки;Метис;"643110000241598";"17.06.2010";8;
собаки;Метис;"643110000439185";"16.12.2010";8;
собаки;Метис;"643110000241607";"18.11.2010";8;
собаки;Метис;"643110000166167";"05.12.2011";8;
собаки;Метис;"643110000439188";"07.05.2010";8;
собаки;Метис;"643110000019790";"02.08.2010";8;
собаки;Метис;"643110000166705";"05.12.2011";8;
собаки;Метис;"643110000439184";"19.11.2010";8;
собаки;Метис;"972270000030449";"04.10.2010";8;
собаки;Метис;"972270000027912";"08.10.2010";8;
собаки;Метис;"972270000023840";"25.10.2010";8;
собаки;Метис;"643090000068597";"20.06.2011";8;
собаки;Метис;"643090000068598";"16.12.2010";8;
собаки;Метис;"643110000439157";"09.08.2010";8;
собаки;Метис;"972270000029352";"22.11.2010";8;
собаки;Метис;"972270000027431";"22.11.2010";8;
собаки;Метис;"643110000226791";"09.06.2012";8;
собаки;Метис;"643110000227294";"13.05.2013";8;
собаки;Метис;"643110000241295";"23.11.2010";8;
собаки;Метис;"643110000228008";"19.07.2013";8;
собаки;Метис;"643110000241292";"22.11.2010";8;
собаки;Метис;"643110000241302";"01.07.2010";8;
собаки;Метис;"643110000241301";"26.07.2010";8;
собаки;Метис;"643110000015900";"02.08.2010";8;
собаки;Метис;"972270000029160";"24.09.2010";8;
собаки;Метис;"643110000228345";"04.02.2013";8;
собаки;Метис;"643110000439153";"09.08.2010";8;
собаки;Метис;"643110000438160";"30.12.2010";8;
собаки;Метис;"643110000438154";"27.09.2010";8;
собаки;Метис;"972270000024867";"23.11.2010";8;
собаки;Метис;"972270000029933";"23.11.2010";8;
собаки;Метис;"972270000029882";"25.10.2010";8;
собаки;Метис;"643110000241535";"17.06.2010";8;
собаки;Метис;"643110000015898";"02.08.2010";8;
собаки;Метис;"643110000015886";"02.08.2010";8;
собаки;Метис;"643110000439170";"07.12.2012";8;
собаки;Метис;"643110000228332";"04.02.2013";8;
собаки;Метис;"643110000241547";"03.12.2010";8;
собаки;Метис;"643110000241537";"23.06.2010";8;
собаки;Метис;"643110000166623";"28.11.2011";8;
собаки;Метис;"643110000165766";"28.11.2011";8;
собаки;Метис;"643110000166627";"28.11.2011";8;
собаки;Метис;"643110000227286";"01.11.2012";8;
собаки;Метис;"643110000165526";"17.02.2012";8;
собаки;Метис;"643110000439167";"30.12.2010";8;
собаки;Метис;"643110000017094";"16.09.2010";8;
собаки;Метис;"643110000437418";"20.12.2010";8;
собаки;Метис;"643110000020210";"04.10.2010";8;
собаки;Метис;"643110000020214";"08.10.2010";8;
собаки;Метис;"643110000437422";"22.11.2010";8;
собаки;Метис;"643110000017142";"27.09.2010";8;
собаки;Метис;"643110000437421";"04.06.2010";8;
собаки;Метис;"643110000437411";"04.06.2010";8;
собаки;Метис;"643110000437420";"26.07.2010";8;
собаки;Метис;"643110000020206";"04.10.2010";8;
собаки;Метис;"643110000437426";"08.11.2010";8;
собаки;Метис;"972270000024445";"24.09.2010";8;
собаки;Метис;"643110000020216";"03.06.2010";8;
собаки;Метис;"643110000437414";"16.05.2012";8;
собаки;Метис;"643110000226522";"13.08.2012";8;
собаки;Метис;"643110000020446";"22.11.2010";8;
собаки;Метис;"643110000020444";"20.12.2010";8;
собаки;Метис;"643110000017318";"06.08.2010";8;
собаки;Метис;"643110000227510";"05.12.2011";8;
собаки;Метис;"643110000241646";"20.12.2010";8;
собаки;Метис;"643110000025693";"05.07.2010";8;
собаки;Метис;"972270000023086";"25.10.2010";8;
собаки;Метис;"972270000029833";"25.10.2010";8;
собаки;Метис;"643110000241641";"21.06.2010";8;
собаки;Метис;"972270000023279";"08.11.2010";8;
собаки;Метис;"643110000241635";"22.06.2010";8;
собаки;Метис;"643110000241642";"30.12.2010";8;
собаки;Метис;"643110000439158";"12.08.2010";8;
собаки;Метис;"643110000020448";"02.12.2010";8;
собаки;Метис;"643110000017176";"24.09.2010";8;
собаки;Метис;"643110000439162";"03.06.2010";8;
собаки;Метис;"643110000437341";"01.11.2011";8;
собаки;Метис;"972270000023151";"08.11.2010";8;
собаки;Метис;"643110000437344";"04.10.2010";8;
собаки;Метис;"643110000437345";"03.12.2010";8;
собаки;Метис;"643110000227901";"04.03.2013";8;
собаки;Метис;"643110000437343";"04.10.2010";8;
собаки;Метис;"643110000241640";"02.07.2010";8;
собаки;Метис;"643110000241649";"02.07.2010";8;
собаки;Метис;"972270000027782";"04.10.2010";8;
собаки;Метис;"643110000227910";"11.02.2013";8;
собаки;Метис;"972270000023710";"25.10.2010";8;
собаки;Метис;"643110000241633";"04.06.2012";8;
собаки;Метис;"643110000241632";"26.04.2012";8;
собаки;Метис;"972270000024095";"24.09.2010";8;
собаки;Метис;"643090000066078";"17.10.2011";8;
собаки;Метис;"643110000226537";"09.07.2012";8;
собаки;Метис;"643090000066077";"02.06.2011";8;
собаки;Метис;"972270000027108";"04.10.2010";8;
собаки;Метис;"643090000068594";"08.07.2011";8;
собаки;Метис;"643090000068592";"14.10.2011";8;
собаки;Метис;"972270000027253";"25.10.2010";8;
собаки;Метис;"972270000029202";"08.11.2010";8;
собаки;Метис;"643090000066072";"26.09.2011";8;
собаки;Метис;"643090000066069";"26.09.2011";8;
собаки;Метис;"643090000066070";"03.10.2011";8;
собаки;Метис;"972270000023906";"08.11.2010";8;
собаки;Метис;"972270000024175";"08.11.2010";8;
собаки;Метис;"643110000020442";"16.08.2010";8;
собаки;Метис;"972270000024899";"08.11.2010";8;
собаки;Метис;"643090000066065";"10.10.2011";8;
собаки;Метис;"972270000029110";"08.11.2010";8;
собаки;Метис;"643090000066025";"07.11.2011";8;
собаки;Метис;"643110000020452";"16.06.2010";8;
собаки;Метис;"972270000029151";"08.11.2010";8;
собаки;Метис;"643090000066023";"07.05.2010";8;
собаки;Метис;"643110000091631";"04.07.2011";8;
собаки;Метис;"643110000241619";"01.07.2010";8;
собаки;Метис;"643110000091624";"02.07.2011";8;
собаки;Метис;"643090000066024";"15.04.2011";8;
собаки;Метис;"643094100008695";"05.06.2009";8;
собаки;Метис;"643090000066019";"28.07.2011";8;
собаки;Метис;"972270000027396";"23.11.2010";8;
собаки;Метис;"972270000023365";"19.11.2010";8;
собаки;Метис;"643110000227298";"06.05.2013";8;
собаки;Метис;"972270000024092";"11.10.2010";8;
собаки;Метис;"643090000068588";"14.10.2011";8;
собаки;Метис;"643110000020456";"03.06.2010";8;
собаки;Метис;"643090000066062";"21.10.2011";8;
собаки;Метис;"643110000241540";"08.11.2010";8;
собаки;Метис;"972270000023886";"25.10.2010";8;
собаки;Метис;"643090000066063";"23.09.2011";8;
собаки;Метис;"643110000241548";"25.06.2010";8;
собаки;Метис;"643110000437417";"02.12.2010";8;
собаки;Метис;"643110000227897";"04.03.2013";8;
собаки;Метис;"643110000241335";"31.12.2010";8;
собаки;Метис;"643090000066060";"17.10.2011";8;
собаки;Метис;"643110000073330";"31.12.2010";8;
собаки;Метис;"643110000241339";"30.12.2010";8;
собаки;Метис;"643110000072679";"15.09.2011";8;
собаки;Метис;"643110000241350";"06.08.2010";8;
собаки;Метис;"643110000241333";"28.06.2010";8;
собаки;Метис;"643110000241337";"08.11.2010";8;
собаки;Метис;"643110000241338";"29.07.2010";8;
собаки;Метис;"643110000226688";"25.06.2012";8;
собаки;Метис;"643110000019972";"25.10.2010";8;
собаки;Метис;"643110000241347";"06.08.2010";8;
собаки;Метис;"972270000027919";"02.12.2010";8;
собаки;Метис;"643110000241344";"25.10.2010";8;
собаки;Метис;"643110000241345";"08.11.2010";8;
собаки;Метис;"643110000241521";"12.07.2010";8;
собаки;Метис;"643110000016776";"09.08.2010";8;
собаки;Метис;"643110000030732";"27.11.2009";8;
собаки;Метис;"643110000019963";"25.10.2010";8;
собаки;Метис;"643110000241527";"17.06.2010";8;
собаки;Метис;"643110000241529";"01.07.2010";8;
собаки;Метис;"643090000066037";"03.10.2011";8;
собаки;Метис;"643110000024744";"02.07.2010";8;
собаки;Метис;"643110000241520";"30.07.2010";8;
собаки;Метис;"643110000020276";"10.06.2010";8;
собаки;Метис;"643110000073446";"31.12.2010";8;
собаки;Метис;"643110000019962";"22.10.2010";8;
собаки;Метис;"643110000241515";"08.11.2010";8;
собаки;Метис;"643110000241511";"21.06.2010";8;
собаки;Метис;"643110000019977";"04.10.2010";8;
собаки;Метис;"972270000023225";"21.10.2010";8;
собаки;Метис;"643110000019976";"08.11.2010";8;
собаки;Метис;"972270000024858";"25.10.2010";8;
собаки;Метис;"643110000241513";"25.10.2010";8;
собаки;Метис;"643110000241514";"28.06.2010";8;
собаки;Метис;"643110000073747";"30.12.2010";8;
собаки;Метис;"643090000066028";"17.06.2011";8;
собаки;Метис;"643110000020269";"04.06.2010";8;
собаки;Метис;"643090000066027";"02.07.2011";8;
собаки;Метис;"643090000066040";"25.04.2011";8;
собаки;Метис;"643090000066039";"25.04.2011";8;
собаки;Метис;"643110000020277";"18.11.2010";8;
собаки;Метис;"643110000020272";"16.06.2010";8;
собаки;Метис;"643110000072842";"31.12.2010";8;
собаки;Метис;"643110000341224";"21.06.2010";8;
собаки;Метис;"643090000066026";"14.06.2011";8;
собаки;Метис;"972270000027644";"22.10.2010";8;
собаки;Метис;"643110000019975";"08.11.2010";8;
собаки;Метис;"972270000027687";"04.10.2010";8;
собаки;Метис;"643090000066099";"18.06.2009";8;
собаки;Метис;"643110000024758";"02.12.2010";8;
собаки;Метис;"643110000020274";"31.12.2010";8;
собаки;Метис;"643090000066098";"26.09.2009";8;
собаки;Метис;"643110000020262";"08.11.2010";8;
собаки;Метис;"643110000024741";"20.12.2010";8;
собаки;Метис;"643090000066096";"16.12.2010";8;
собаки;Метис;"643090000066095";"14.09.2009";8;
собаки;Метис;"643110000020137";"02.08.2010";8;
собаки;Метис;"643090000066093";"29.06.2009";8;
собаки;Метис;"643110000228048";"08.11.2012";8;
собаки;Метис;"643110000228046";"08.11.2012";8;
собаки;Метис;"643110000227849";"06.11.2012";8;
собаки;Метис;"643094100004046";"13.07.2009";8;
собаки;Метис;"643094100012821";"23.06.2009";8;
собаки;Метис;"643094100018131";"14.09.2009";8;
собаки;Метис;"643110000227620";"06.11.2012";8;
собаки;Метис;"643090000066006";"26.09.2011";8;
собаки;Метис;"643094100008473";"06.07.2009";8;
собаки;Метис;"643094100004894";"20.07.2009";8;
собаки;Метис;"643110000072665";"01.07.2009";8;
собаки;Метис;"643110000227118";"07.03.2013";8;
собаки;Метис;"972270000023376";"06.12.2010";8;
собаки;Метис;"643094100007390";"24.08.2009";8;
собаки;Метис;"643110000073321";"31.12.2010";8;
собаки;Метис;"643110000072675";"30.12.2010";8;
собаки;Метис;"643090000066005";"14.06.2011";8;
собаки;Метис;"972270000029903";"16.12.2010";8;
собаки;Метис;"643094100011496";"24.04.2009";8;
собаки;Метис;"972270000023638";"17.12.2010";8;
собаки;Метис;"972270000023260";"16.12.2010";8;
собаки;Метис;"643094100009997";"18.06.2009";8;
собаки;Метис;"643090000066032";"15.04.2011";8;
собаки;Метис;"643090000066064";"09.06.2011";8;
собаки;Метис;"643110000020132";"17.12.2010";8;
собаки;Метис;"972270000029872";"20.12.2010";8;
собаки;Метис;"643110000073097";"30.12.2010";8;
собаки;Метис;"643110000017648";"10.10.2011";8;
собаки;Метис;"972270000025939";"20.12.2010";8;
собаки;Метис;"972270000027911";"20.12.2010";8;
собаки;Метис;"643110000017471";"12.04.2010";8;
собаки;Метис;"643110000016108";"23.04.2010";8;
собаки;Метис;"643110000017889";"17.10.2011";8;
собаки;Метис;"643110000017413";"28.10.2011";8;
собаки;Метис;"643110000017462";"06.08.2010";8;
собаки;Метис;"643110000021131";"20.04.2010";8;
собаки;Метис;"643110000021653";"16.04.2010";8;
собаки;Метис;"643110000017512";"03.10.2011";8;
собаки;Метис;"643110000021649";"16.04.2010";8;
собаки;Метис;"643110000017581";"08.04.2010";8;
собаки;Метис;"643110000022132";"04.05.2010";8;
собаки;Метис;"643110000017509";"15.04.2011";8;
собаки;Метис;"643110000022134";"04.05.2010";8;
собаки;Метис;"643090000066088";"09.06.2011";8;
собаки;Метис;"643110000073095";"30.12.2010";8;
собаки;Метис;"643090000066089";"06.06.2011";8;
собаки;Метис;"972270000023745";"17.12.2010";8;
собаки;Метис;"643110000241206";"30.07.2010";8;
собаки;Метис;"972270000024133";"20.12.2010";8;
собаки;Метис;"643110000241210";"19.07.2010";8;
собаки;Метис;"643110000021122";"26.04.2010";8;
собаки;Метис;"972270000023537";"17.12.2010";8;
собаки;Метис;"972270000023891";"17.12.2010";8;
собаки;Метис;"972270000023500";"16.12.2010";8;
собаки;Метис;"643110000166454";"21.11.2011";8;
собаки;Метис;"643110000017516";"02.08.2012";8;
собаки;Метис;"643110000241383";"16.08.2012";8;
собаки;Метис;"643090000066013";"04.07.2011";8;
собаки;Метис;"643110000166459";"25.11.2011";8;
собаки;Метис;"643110000021140";"20.04.2010";8;
собаки;Метис;"643090000660094";"16.12.2010";8;
собаки;Метис;"972270000023217";"06.12.2010";8;
собаки;Метис;"643110000241198";"15.07.2010";8;
собаки;Метис;"643110000241196";"26.07.2010";8;
собаки;Метис;"643110000027091";"07.05.2010";8;
собаки;Метис;"643110000241192";"27.04.2012";8;
собаки;Метис;"64311000016839";"01.11.2011";8;
собаки;Метис;"643110000027014";"04.05.2010";8;
собаки;Метис;"643110000022130";"04.05.2010";8;
собаки;Метис;"643110000241199";"05.08.2010";8;
собаки;Метис;"643110000241681";"30.08.2012";8;
собаки;Метис;"643110000166457";"25.11.2011";8;
собаки;Метис;"643110000241187";"22.07.2010";8;
собаки;Метис;"643110000165821";"01.11.2011";8;
собаки;Метис;"643090000166011";"08.08.2011";8;
собаки;Метис;"643110000022138";"04.05.2010";8;
собаки;Метис;"643090000066014";"11.07.2011";8;
собаки;Метис;"643110000165840";"01.11.2011";8;
собаки;Метис;"643110000165838";"01.11.2011";8;
собаки;Метис;"643090000066012";"18.07.2011";8;
собаки;Метис;"643094100008590";"17.06.2009";8;
собаки;Метис;"643090000066044";"29.04.2011";8;
собаки;Метис;"643110000165826";"01.11.2011";8;
собаки;Метис;"643110000165830";"01.11.2011";8;
собаки;Метис;"643110000165835";"01.11.2011";8;
собаки;Метис;"643110000165828";"01.11.2011";8;
собаки;Метис;"643110000017646";"06.04.2015";8;
собаки;Метис;"643110000017507";"16.04.2010";8;
собаки;Метис;"643110000437335";"30.12.2010";8;
собаки;Метис;"643110000227464";"03.12.2012";8;
собаки;Метис;"643110000437346";"26.04.2010";8;
собаки;Метис;"643110000166501";"21.11.2011";8;
собаки;Метис;"643110000437347";"23.11.2010";8;
собаки;Метис;"643110000166442";"21.11.2011";8;
собаки;Метис;"643110000437349";"18.11.2010";8;
собаки;Метис;"643110000437342";"16.12.2010";8;
собаки;Метис;"643110000166511";"07.11.2011";8;
собаки;Метис;"643110000437339";"28.11.2011";8;
собаки;Метис;"643110000227291";"17.05.2013";8;
собаки;Метис;"643110000241732";"30.09.2010";8;
собаки;Метис;"643110000021651";"16.04.2010";8;
собаки;Метис;"643110000027094";"27.04.2010";8;
собаки;Метис;"643110000020123";"25.10.2010";8;
собаки;Метис;"643110000016120";"23.04.2010";8;
собаки;Метис;"643110000437336";"09.08.2010";8;
собаки;Метис;"643110000437331";"23.04.2010";8;
собаки;Метис;"643110000016113";"23.04.2010";8;
собаки;Метис;"643110000437334";"30.12.2010";8;
собаки;Метис;"643110000437338";"30.12.2010";8;
собаки;Метис;"643110000437333";"23.04.2010";8;
собаки;Метис;"643110000241544";"16.12.2010";8;
собаки;Метис;"643110000020140";"04.05.2010";8;
собаки;Метис;"643110000166510";"21.11.2011";8;
собаки;Метис;"643110000019793";"08.11.2010";8;
собаки;Метис;"643110000241110";"05.12.2011";8;
собаки;Метис;"643110000437350";"17.12.2010";8;
собаки;Метис;"643110000437424";"17.12.2010";8;
собаки;Метис;"643110000437423";"03.12.2010";8;
собаки;Метис;"643110000437419";"06.12.2010";8;
собаки;Метис;"643110000166636";"28.11.2011";8;
собаки;Метис;"643110000437427";"04.10.2012";8;
собаки;Метис;"643110000020135";"07.06.2010";8;
собаки;Метис;"643110000166621";"28.11.2011";8;
собаки;Метис;"643110000437416";"02.12.2010";8;
собаки;Метис;"643090000066084";"12.09.2011";8;
собаки;Метис;"643110000166626";"28.11.2011";8;
собаки;Метис;"643110000166637";"28.11.2011";8;
собаки;Метис;"643110000166634";"28.11.2011";8;
собаки;Метис;"643110000166338";"28.11.2011";8;
собаки;Метис;"972270000029968";"20.12.2010";8;
собаки;Метис;"643110000166339";"28.11.2011";8;
собаки;Метис;"972270000029278";"08.11.2010";8;
собаки;Метис;"972270000027868";"20.12.2010";8;
собаки;Метис;"643090000066018";"27.06.2011";8;
собаки;Метис;"643090000068596";"05.09.2011";8;
собаки;Метис;"643110000510677";"17.06.2011";8;
собаки;Метис;"643110000510690";"11.07.2011";8;
собаки;Метис;"643110000241303";"01.07.2010";8;
собаки;Метис;"643094100012868";"07.09.2009";8;
собаки;Метис;"643110000437332";"16.12.2010";8;
собаки;Метис;"643094100429670";"07.10.2016";8;
собаки;Метис;"643094100429665";"21.10.2016";8;
собаки;Метис;"643094100442130";"04.12.2016";8;
собаки;Метис;"643094100442347";"28.12.2016";8;
собаки;Метис;"643094100442223";"29.12.2016";8;
собаки;Метис;"643094100442225";"29.12.2016";8;
собаки;Метис;"643094100442349";"29.12.2016";8;
собаки;Метис;"643094100442344";"29.12.2016";8;
собаки;Метис;"643090000068573";"29.12.2016";8;
собаки;Метис;"643090000068572";"29.12.2016";8;
собаки;Метис;"643090000068571";"29.12.2016";8;
собаки;Метис;"643090000068580";"07.02.2017";8;
собаки;Метис;"643090000068579";"07.02.2017";8;
собаки;Метис;"643090000068577";"13.02.2017";8;
собаки;Метис;"643099000317977";"13.02.2017";8;
собаки;Метис;"643099000317956";"20.03.2017";8;
собаки;Метис;"643099000317959";"20.03.2017";8;
собаки;Метис;"643099000317954";"20.03.2017";8;
собаки;Метис;"643099000317945";"11.04.2017";8;
собаки;Метис;"643099000317943";"18.04.2017";8;
собаки;Метис;"643099000317938";"12.05.2017";8;
собаки;Метис;"643099000317892";"07.07.2017";8;
собаки;Метис;"643099000317908";"09.07.2017";8;
собаки;Метис;"643110700012683";"20.08.2017";8;
собаки;Метис;"643099000317568";"24.08.2017";8;
собаки;Метис;"643099000317566";"24.08.2017";8;
собаки;Метис;"643099000317565";"30.08.2017";8;
собаки;Метис;"643099000317506";"13.10.2017";8;
собаки;Метис;"643099000317531";"15.11.2017";8;
собаки;Метис;"643099000317532";"15.11.2017";8;
собаки;Метис;"643099000317482";"12.12.2017";8;
собаки;Метис;"643099000317481";"12.12.2017";8;
собаки;Метис;"643110700012187";"13.12.2017";8;
собаки;Метис;"643110700012767";"13.12.2017";8;
собаки;Метис;"643099000317518";"26.12.2017";8;
собаки;Метис;"643099000317681";"27.12.2017";8;
собаки;Метис;"643099000317685";"27.12.2017";8;
собаки;Метис;"643099000317688";"27.12.2017";8;
собаки;Метис;"643099000317693";"31.12.2017";8;
собаки;Метис;"643099000317694";"31.12.2017";8;
собаки;Метис;"643099000317695";"31.12.2017";8;
собаки;Метис;"643099000317705";"28.01.2018";8;
собаки;Метис;"643110700012534";"04.02.2018";8;
собаки;Метис;"643099000317709";"12.02.2018";8;
собаки;Метис;"643099000317714";"17.02.2018";8;
собаки;Метис;"643099000317722";"10.03.2018";8;
собаки;Метис;"643099000317723";"10.03.2018";8;
собаки;Метис;"643099000317726";"13.03.2018";8;
собаки;Метис;"643099000317731";"21.03.2018";8;
собаки;Метис;"643099000317729";"25.03.2018";8;
собаки;Метис;"643099000317730";"25.03.2018";8;
собаки;Метис;"643099000317732";"25.03.2018";8;
собаки;Метис;"643099000317733";"25.03.2018";8;
собаки;Метис;"643099000317744";"04.04.2018";8;
собаки;Метис;"643099000317745";"04.04.2018";8;
собаки;Метис;"643099000317767";"15.05.2018";8;
собаки;Метис;"643093300084389";"02.06.2018";8;
собаки;Метис;"643093300084376";"06.06.2018";8;
собаки;Метис;"643093300084377";"06.06.2018";8;
собаки;Метис;"643093300084388";"06.06.2018";8;
собаки;Метис;"643093300084380";"06.06.2018";8;
собаки;Метис;"643093300084288";"08.06.2018";8;
собаки;Метис;"643093300084290";"11.06.2018";8;
собаки;Метис;"643093300084292";"11.06.2018";8;
собаки;Метис;"643093300084393";"11.06.2018";8;
собаки;Метис;"643093300084278";"22.06.2018";8;
собаки;Метис;"643093300084294";"22.06.2018";8;
собаки;Метис;"643093300084276";"22.06.2018";8;
собаки;Метис;"643093300084284";"22.06.2018";8;
собаки;Метис;"643093300084281";"28.06.2018";8;
собаки;Метис;"643093300084403";"28.06.2018";8;
собаки;Метис;"643093300084412";"29.06.2018";8;
собаки;Метис;"643093300084404";"29.06.2018";8;
собаки;Метис;"643093300084402";"30.06.2018";8;
собаки;Метис;"643093300084405";"30.06.2018";8;
собаки;Метис;"643090000226541";"30.06.2018";8;
собаки;Метис;"643093300084408";"02.07.2018";8;
собаки;Метис;"643093300084410";"02.07.2018";8;
собаки;Метис;"643093300084418";"02.07.2018";8;
собаки;Метис;"643093300084424";"02.07.2018";8;
собаки;Метис;"643093300084425";"02.07.2018";8;
собаки;Метис;"643093300084373";"19.07.2018.";8;
собаки;Метис;"900164000425462";"19.07.2018.";8;
собаки;Метис;"643093300084367";"19.07.2018.";8;
собаки;Метис;"643093300084368";"19.07.2018.";8;
собаки;Метис;"643093300084366";"20.07.2018";8;
собаки;Метис;"643093300084364";"20.07.2018";8;
собаки;Метис;"643093300084356";"20.07.2018";8;
собаки;Метис;"643093300084358";"20.07.2018";8;
собаки;Метис;"643093300089004";"25.07.2018";8;
собаки;Метис;"643093300089007";"25.07.2018";8;
собаки;Метис;"643093300089002";"25.07.2018";8;
собаки;Метис;"643093300089017";"25.07.2018";8;
собаки;Метис;"643093300089001";"26.07.2018";8;
собаки;Метис;"643093300089006";"28.07.2018";8;
собаки;Метис;"643093300089010";"29.07.2018";8;
собаки;Метис;"643093300089003";"02.08.2018";8;
собаки;Метис;"643093300088991";"08.08.2018";8;
собаки;Метис;"643093300088985";"08.08.2018";8;
собаки;Метис;"643093300088977";"08.08.2018";8;
собаки;Метис;"643093300088995";"12.08.2018";8;
собаки;Метис;"643093300088987";"22.08.2018";8;
собаки;Метис;"643093300089072";"25.08.2018";8;
собаки;Метис;"643093300089056";"25.08.2018";8;
собаки;Метис;"643093300089070";"25.08.2018";8;
собаки;Метис;"643093300089058";"29.08.2018";8;
собаки;Метис;"643093300089066";"30.08.2018";8;
собаки;Метис;"643093300089103";"30.08.2018";8;
собаки;Метис;"643093300089060";"30.08.2018";8;
собаки;Метис;"643093300089054";"30.08.2018";8;
собаки;Метис;"643093300089110";"03.09.2018";8;
собаки;Метис;"643093300089051";"03.09.2018";8;
собаки;Метис;"643093300089114";"12.09.2018";8;
собаки;Метис;"643093300089108";"13.09.2018";8;
собаки;Метис;"643093300089118";"14.09.2018";8;
собаки;Метис;"643093300089119";"15.09.2018";8;
собаки;Метис;"643093300089085";"26.09.2018";8;
собаки;Метис;"643093300089123";"26.09.2018";8;
собаки;Метис;"643093300089091";"11.10.2018";8;
собаки;Метис;"643093300089088";"20.10.2018";8;
собаки;Метис;"643093300089099";"22.10.2018";8;
собаки;Метис;"643093300089079";"25.10.2018";8;
собаки;Метис;"643093300089100";"25.10.2018";8;
собаки;Метис;"643093300089080";"02.11.2018";8;
собаки;Метис;"643093300089089";"02.11.2018";8;
собаки;Метис;"643093300088671";"03.12.2018";8;
собаки;Метис;"643093300088668";"05.12,2018";8;
собаки;Метис;"643093300089027";"20.12.2018";8;
собаки;Метис;"643093300089043";"20.12.2018";8;
собаки;Метис;"643093300089041";"22.12.2018";8;
собаки;Метис;"643093300089036";"22.12.2018";8;
собаки;Метис;"643093300089031";"22.12.2018";8;
собаки;Метис;"643093300088970";"19.01.2019";8;
собаки;Метис;"643093300088972";"19.01.2019";8;
собаки;Метис;"643093300088960";"19.01.2019";8;
собаки;Метис;"643090000346474";"27.01.2019";8;
собаки;Метис;"643093300088967";"27.01.2019";8;
собаки;Метис;"643093300088929";"24.02.2019";8;
собаки;Метис;"643093300088943";"27.02.2019";8;
собаки;Метис;"643093300088940";"27.02.2019";8;
собаки;Метис;"643093300088934";"27.02.2019";8;
собаки;Метис;"643093300088938";"02.03.2019";8;
собаки;Метис;"643093300088937";"02.03.2019";8;
собаки;Метис;"643093300088912";"07.03.2019";8;
собаки;Метис;"643093300088911";"07.03.2019";8;
собаки;Метис;"643093300088920";"07.03.2019";8;
собаки;Метис;"643093300088924";"13.03.2019";8;
собаки;Метис;"643093300088922";"13.03.2019";8;
собаки;Метис;"643093300088921";"13.03.2019";8;
собаки;Метис;"643093300088913";"13.03.2019";8;
собаки;Метис;"643093300088917";"13.03.2019";8;
собаки;Метис;"643093300088918";"13.03.2019";8;
собаки;Метис;"643093300088905";"14.03.2019";8;
собаки;Метис;"643093300088907";"14.03.2019";8;
собаки;Метис;"643093300088910";"14.03.2019";8;
собаки;Метис;"643093300088909";"16.03.2019";8;
собаки;Метис;"643093300083308";"28.03.2019";8;
собаки;Метис;"643093300083303";"28.03.2019";8;
собаки;Метис;"643093300083311";"28.03.2019";8;
собаки;Метис;"643093300083315";"28.03.2019";8;
собаки;Метис;"643093300083312";"31.03.2019";8;
собаки;Метис;"643093300083363";"31.03.2019";8;
собаки;Метис;"643093300083428";"17.04.2019";8;
собаки;Метис;"643093300083440";"24.04.2019";8;
собаки;Метис;"643093300083430";"24.04.2019";8;
собаки;Метис;"643093300083431";"24.04.2019";8;
собаки;Метис;"643093300083436";"28.04.2019";8;
собаки;Метис;"643093300083438";"28.04.2019";8;
собаки;Метис;"643093300083446";"28.04.2019";8;
собаки;Метис;"643093300083426";"15.05.2019";8;
собаки;Метис;"643093300083265";"23.05.2019";8;
собаки;Метис;"643093300083624";"23.05.2019";8;
собаки;Метис;"643093300083623";"23.05.2019";8;
собаки;Метис;"643093300083258";"23.05.2019";8;
собаки;Метис;"643093300083261";"23.05.2019";8;
собаки;Метис;"643093300083260";"23.05.2019";8;
собаки;Метис;"643093300083429";"05.06.2019";8;
собаки;Метис;"643093300083593";"12.06.2019";8;
собаки;Метис;"643093300083594";"12.06.2019";8;
собаки;Метис;"643093300083586";"15.06.2019";8;
собаки;Метис;"643093300083589";"15.06.2019";8;
собаки;Метис;"643093300083590";"15.06.2019";8;
собаки;Метис;"643093300083599";"15.06.2019";8;
собаки;Метис;"643093300083023";"16.06.2019";8;
собаки;Метис;"643093300083022";"16.06.2019";8;
собаки;Метис;"643093300083584";"16.06.2019";8;
собаки;Метис;"643093300083598";"16.06.2019";8;
собаки;Метис;"643093300083587";"16.06.2019";8;
собаки;Метис;"643093300083600";"16.06.2019";8;
собаки;Метис;"643093300083601";"30.06.2019";8;
собаки;Метис;"643093300083602";"30.06.2019";8;
собаки;Метис;"643093300083603";"30.06.2019";8;
собаки;Метис;"643093300083604";"30.06.2019";8;
собаки;Метис;"643093300083605";"30.06.2019";8;
собаки;Метис;"643093300083024";"30.06.2019";8;
собаки;Метис;"643093300083018";"11.07.2019";8;
собаки;Метис;"643093300083013";"11.07.2019";8;
собаки;Метис;"643093300083021";"11.07.2019";8;
собаки;Метис;"643093300083526";"21.07.2019";8;
собаки;Метис;"643093300083527";"21.07.2019";8;
собаки;Метис;"643093300083532";"25.07.2019";8;
собаки;Метис;"643093300083533";"25.07.2019";8;
собаки;Метис;"643093300083535";"27.07.2019";8;
собаки;Метис;"643093300083014";"02.08.2019";8;
собаки;Метис;"643093300083465";"15.08.2019";8;
собаки;Метис;"643093300083464";"15.08.2019";8;
собаки;Метис;"643093300083463";"15.08.2019";8;
собаки;Метис;"643093300083468";"17.08.2019";8;
собаки;Метис;"643093300083469";"22.08.2019";8;
собаки;Метис;"643093300083472";"22.08.2019";8;
собаки;Метис;"643093300083473";"24.08.2019";8;
собаки;Метис;"643093300083497";"04.09.2019";8;
собаки;Метис;"643093300083498";"04.09.2019";8;
собаки;Метис;"643093300083499";"04.09.2019";8;
собаки;Метис;"643093300132723";"07.09.2019";8;
собаки;Метис;"643093300135455";"11.09.2019";8;
собаки;Метис;"643093300135460";"11.09.2019";8;
собаки;Метис;"643093300135451";"11.09.2019";8;
собаки;Метис;"643093300135459";"11.09.2019";8;
собаки;Метис;"643093300135485";"22.09.2019";8;
собаки;Метис;"643093300135499";"26.09.2019";8;
собаки;Метис;"643093300135500";"26.09.2019";8;
собаки;Метис;"643093300135490";"26.09.2019";8;
собаки;Метис;"643093300135456";"26.09.2019";8;
собаки;Метис;"643093300135453";"27.09.2019";8;
собаки;Метис;"643093300135491";"28.09.2019";8;
собаки;Метис;"643093300135496";"28.09.2019";8;
собаки;Метис;"643093300135497";"28.09.2019";8;
собаки;Метис;"643093300135220";"28.09.2019";8;
собаки;Метис;"643093300135462";"16.10.2019";8;
собаки;Метис;"643093300132722";"16.10.2019";8;
собаки;Метис;"643093300135474";"16.10.2019";8;
собаки;Метис;"643093300135211";"17.10.2019";8;
собаки;Метис;"643093300135212";"17.10.2019";8;
собаки;Метис;"643093300135213";"17.10.2019";8;
собаки;Метис;"643093300134306";"24.10.2019";8;
собаки;Метис;"643093300134307";"24.10.2019";8;
собаки;Метис;"643093300135051";"17.11.2019";8;
собаки;Метис;"643093300135052";"17.11.2019";8;
собаки;Метис;"643093300135053";"17.11.2019";8;
собаки;Метис;"643093300135054";"17.11.2019";8;
собаки;Метис;"643093300135055";"17.11.2019";8;
собаки;Метис;"643093300134319";"21.11.2019";8;
собаки;Метис;"643093300134318";"21.11.2019";8;
собаки;Метис;"643093300135058";"21.11.2019";8;
собаки;Метис;"643093300135060";"21.11.2019";8;
собаки;Метис;"643093300135059";"21.11.2019";8;
собаки;Метис;"643093300135056";"21.11.2019";8;
собаки;Метис;"643093300135057";"21.11.2019";8;
собаки;Метис;"643093300134731";"22.11.2019";8;
собаки;Метис;"643093300134732";"22.11.2019";8;
собаки;Метис;"643093300134733";"22.11.2019";8;
собаки;Метис;"643093300134739";"28.11.2019";8;
собаки;Метис;"643093300134738";"28.11.2019";8;
собаки;Метис;"643093300134737";"28.11.2019";8;
собаки;Метис;"643093300135070";"28.11.2019";8;
собаки;Метис;"643093300135069";"28.11.2019";8;
собаки;Метис;"643093300134315";"28.11.2019";8;
собаки;Метис;"643093300135061";"30.11.2019";8;
собаки;Метис;"643093300135062";"30.11.2019";8;
собаки;Метис;"643093300135066";"30.11.2019";8;
собаки;Метис;"643093300135068";"04.12.2019";8;
собаки;Метис;"643093300135202";"04.12.2019";8;
собаки;Метис;"643093300134746";"11.12.2019";8;
собаки;Метис;"643093300134747";"11.12.2019";8;
собаки;Метис;"643093300134748";"11.12.2019";8;
собаки;Метис;"643110000019413";"04.05.2009";19;
собаки;Метис;"643094100006163";"06.05.2009";19;
собаки;Метис;"643094100149627";"07.05.2009";19;
собаки;Метис;"643094100149904";"07.05.2009";19;
собаки;Метис;"643094100012828";"07.05.2009";19;
собаки;Метис;"643110000017483";"07.05.2009";19;
собаки;Метис;"643094100000359";"14.05.2009";19;
собаки;Метис;"643094100007914";"14.05.2009";19;
собаки;Метис;"643094100008345";"14.05.2009";19;
собаки;Метис;"643110000017497";"14.05.2009";19;
собаки;Метис;"643094100011909";"14.05.2009";19;
собаки;Метис;"941000001333663";"15.05.2009";19;
собаки;Метис;"643094100004114";"15.05.2009";19;
собаки;Метис;"643094100149751";"18.05.2009";19;
собаки;Метис;"941000001549997";"18.05.2009";19;
собаки;Метис;"643094100001353";"18.05.2009";19;
собаки;Метис;"643110000017562";"18.05.2009";19;
собаки;Метис;"941000001542974";"25.05.2009";19;
собаки;Метис;"643094100000540";"29.05.2009";19;
собаки;Метис;"643094100149742";"01.06.2009";19;
собаки;Метис;"643094100011876";"01.06.2009";19;
собаки;Метис;"941000000754903";"05.06.2009";19;
собаки;Метис;"941000002044021";"10.08.2009";19;
собаки;Метис;"643094100008373";"30.06.2009";19;
собаки;Метис;"941000001991734";"30.06.2009";19;
собаки;Метис;"941000002033512";"30.06.2009";19;
собаки;Метис;"941000001539702";"06.07.2009";19;
собаки;Метис;"643094100149849";"06.07.2009";19;
собаки;Метис;"643094100149616";"09.07.2009";19;
собаки;Метис;"643094100149679";"10.07.2009";19;
собаки;Метис;"941000002198673";"14.07.2009";19;
собаки;Метис;"941000002008270";"14.07.2009";19;
собаки;Метис;"643094100010299";"14.07.2009";19;
собаки;Метис;"643110000017356";"14.07.2009";19;
собаки;Метис;"643094100149764";"10.07.2009";19;
собаки;Метис;"643094100013472";"23.07.2009";19;
собаки;Метис;"643094100149702";"24.07.2009";19;
собаки;Метис;"643094100006235";"24.07.2009";19;
собаки;Метис;"941000001995462";"27.07.2009";19;
собаки;Метис;"643094100011870";"04.08.2009";19;
собаки;Метис;"643094100012584";"05.08.2009";19;
собаки;Метис;"941000001998942";"05.08.2009";19;
собаки;Метис;"643094100000353";"05.08.2009";19;
собаки;Метис;"643094100007652";"05.08.2009";19;
собаки;Метис;"941000002019490";"06.08.2009";19;
собаки;Метис;"643094100000888";"06.08.2009";19;
собаки;Метис;"643110000017302";"06.08.2009";19;
собаки;Метис;"941000002040465";"06.08.2009";19;
собаки;Метис;"643094100000891";"10.08.2009";19;
собаки;Метис;"643094100000349";"12.08.2009";19;
собаки;Метис;"941000001949953";"17.08.2009";19;
собаки;Метис;"643094100001135";"17.08.2009";19;
собаки;Метис;"941000002048855";"21.08.2009";19;
собаки;Метис;"643094100000197";"24.08.2009";19;
собаки;Метис;"941000001527533";"24.08.2009";19;
собаки;Метис;"643094100000760";"24.08.2009";19;
собаки;Метис;"643094100009503";"24.08.2009";19;
собаки;Метис;"941000002033751";"25.08.2009";19;
собаки;Метис;"643094100149631";"27.08.2009";19;
собаки;Метис;"941000001998248";"27.08.2009";19;
собаки;Метис;"941000002026920";"31.08.2009";19;
собаки;Метис;"941000001326053";"01.09.2009";19;
собаки;Метис;"643110000017739";"01.09.2009";19;
собаки;Метис;"643094100001224";"03.09.2009";19;
собаки;Метис;"941000002059013";"04.09.2009";19;
собаки;Метис;"643110000017006";"04.09.2009";19;
собаки;Метис;"643094100010252";"04.09.2009";19;
собаки;Метис;"643094100000464";"04.09.2009";19;
собаки;Метис;"643110000026222";"10.09.2009";19;
собаки;Метис;"941000002011298";"11.09.2009";19;
собаки;Метис;"941000002026056";"11.09.2009";19;
собаки;Метис;"941000001997856";"14.09.2009";19;
собаки;Метис;"643094100149792";"14.09.2009";19;
собаки;Метис;"643094100149686";"14.09.2009";19;
собаки;Метис;"643094100149793";"14.09.2009";19;
собаки;Метис;"643094100149633";"14.09.2009";19;
собаки;Метис;"941000002038363";"14.09.2009";19;
собаки;Метис;"941000001545904";"14.09.2009";19;
собаки;Метис;"643094100008520";"15.09.2009";19;
собаки;Метис;"643094100149943";"21.09.2009";19;
собаки;Метис;"643094100010461";"21.09.2009";19;
собаки;Метис;"941000000760979";"25.09.2009";19;
собаки;Метис;"643094100149757";"25.09.2009";19;
собаки;Метис;"643094100009798";"25.09.2009";19;
собаки;Метис;"643094100006914";"25.09.2009";19;
собаки;Метис;"941000000702369";"28.09.2009";19;
собаки;Метис;"643094100149651";"28.09.2009";19;
собаки;Метис;"643094100149819";"28.09.2009";19;
собаки;Метис;"643094100001187";"12.04.2010";19;
собаки;Метис;"643094100149692";"12.04.2010";19;
собаки;Метис;"643094100149655";"12.04.2010";19;
собаки;Метис;"643094100149698";"16.04.2010";19;
собаки;Метис;"643094100149656";"16.04.2010";19;
собаки;Метис;"643094100149610";"16.04.2010";19;
собаки;Метис;"643094100149613";"16.04.2010";19;
собаки;Метис;"643110000017139";"19.04.2010";19;
собаки;Метис;"643094100149682";"19.04.2010";19;
собаки;Метис;"643094100149863";"19.04.2010";19;
собаки;Метис;"643094100149774";"19.04.2010";19;
собаки;Метис;"643094100149824";"19.04.2010";19;
собаки;Метис;"643094100149701";"07.06.2010";19;
собаки;Метис;"972270000027582";"26.11.2010";19;
собаки;Метис;"972270000029018";"13.12.2010";19;
собаки;Метис;"972270000023874";"13.12.2010";19;
собаки;Метис;"643110000073679";"11.01.2011";19;
собаки;Метис;"643110000073740";"09.03.2011";19;
собаки;Метис;"643094100149985";"16.05.2011";19;
собаки;Метис;"972270000025863";"18.10.2011";19;
собаки;Метис;"643110000165897";"02.05.2012";19;
собаки;Метис;"643110000165895";"02.05.2012";19;
собаки;Метис;"643110000165886";"02.05.2012";19;
собаки;Метис;"643110000165898";"02.05.2012";19;
собаки;Метис;"643110000165586";"02.05.2012";19;
собаки;Метис;"643110000165896";"02.05.2012";19;
собаки;Метис;"643110000226518";"06.08.2012";19;
собаки;Метис;"643110000227515";"16.11.2012";19;
собаки;Метис;"643110000227221";"15.04.2013";19;
собаки;Метис;"643110000227217";"20.04.2013";19;
собаки;Метис;"643110000227227";"22.04.2013";19;
собаки;Метис;"643110000227228";"22.04.2013";19;
собаки;Метис;"643110000227229";"22.04.2013";19;
собаки;Метис;"643110000227214";"22.04.2013";19;
собаки;Метис;"643110000227220";"26.04.2013";19;
собаки;Метис;"643110000227309";"29.04.2013";19;
собаки;Метис;"643110000227106";"13.05.2013";19;
собаки;Метис;"643110000227108";"13.05.2013";19;
собаки;Метис;"643110000228014";"26.08.2013";19;
собаки;Метис;"643110000228011";"26.08.2013";19;
собаки;Метис;"643110000228030";"02.09.2013";19;
собаки;Метис;"643110000227250";"02.09.2013";19;
собаки;Метис;"643110000227248";"09.09.2013";19;
собаки;Метис;"643110000227238";"09.09.2013";19;
собаки;Метис;"643110000227231";"09.09.2013";19;
собаки;Метис;"643110000227232";"09.09.2013";19;
собаки;Метис;"643110000227205";"20.09.2013";19;
собаки;Метис;"643110000227203";"20.09.2013";19;
собаки;Метис;"643110000227202";"23.09.2013";19;
собаки;Метис;"643110000227204";"23.09.2013";19;
собаки;Метис;"643110000226961";"07.10.2013";19;
собаки;Метис;"643110000439200";"18.11.2013";19;
собаки;Метис;"643110000437460";"05.12.2013";19;
собаки;Метис;"643110000450953";"11.03.2014";19;
собаки;Метис;"643110000451073";"11.03.2014";19;
собаки;Метис;"643110000450789";"19.05.2014";19;
собаки;Метис;"643110000450774";"19.05.2014";19;
собаки;Метис;"643110000511948";"04.09.2014";19;
собаки;Метис;"643110000512018";"01.10.2014";19;
собаки;Метис;"643110000512012";"01.10.2014";19;
собаки;Метис;"643110000510678";"22.12.2014";19;
собаки;Метис;"643094100149935";"10.06.2015";19;
собаки;Метис;"643094100149929";"10.06.2015";19;
собаки;Метис;"643094100149922";"10.06.2015";19;
собаки;Метис;"643090000100557";"23.07.2015";19;
собаки;Метис;"643110700012658";"29.04.2016";19;
собаки;Метис;"643110700012623";"29.04.2016";19;
собаки;Метис;"643110700012360";"29.04.2016";19;
собаки;Метис;"643110700012889";"29.04.2016";19;
собаки;Метис;"643110700012452";"29.04.2016";19;
собаки;Метис;"643094100425549";"20.07.2016";19;
собаки;Метис;"643094100425542";"20.07.2016";19;
собаки;Метис;"643094100425554";"28.07.2016";19;
собаки;Метис;"643099000317964";"09.04.2017";19;
собаки;Метис;"643099000317955";"10.04.2017";19;
собаки;Метис;"643099000317918";"18.06.2017";19;
собаки;Метис;"643099000317911";"18.06.2017";19;
собаки;Метис;"643099000317912";"18.06.2017";19;
собаки;Метис;"941000002038996";"21.07.2017";19;
собаки;Метис;"643099000317888";"21.07.2017";19;
собаки;Метис;"643099000317890";"21.07.2017";19;
собаки;Метис;"643094100001039";"22.07.2017";19;
собаки;Метис;"643094100007050";"29.07.2017";19;
собаки;Метис;"643090000068586";"29.07.2017";19;
собаки;Метис;"643099000317571";"03.08.2017";19;
собаки;Метис;"643099000317885";"09.08.2017";19;
собаки;Метис;"643099000317578";"09.08.2017";19;
собаки;Метис;"643099000317579";"09.08.2017";19;
собаки;Метис;"643099000317580";"09.08.2017";19;
собаки;Метис;"643099000317575";"09.08.2017";19;
собаки;Метис;"643099000317527";"05.11.2017";19;
собаки;Метис;"643099000317530";"07.11.2017";19;
собаки;Метис;"643099000317492";"28.11.2017";19;
собаки;Метис;"643099000317498";"28.11.2017";19;
собаки;Метис;"643110000072797";"15.12.2017";19;
собаки;Метис;"643099000317513";"15.12.2017";19;
собаки;Метис;"643099000317711";"21.02.2018";19;
собаки;Метис;"643099000317712";"21.02.2018";19;
собаки;Метис;"643099000317735";"25.03.2018";19;
собаки;Метис;"643099000317736";"25.03.2018";19;
собаки;Метис;"643099000317737";"25.03.2018";19;
собаки;Метис;"643099000317738";"02.04.2018";19;
собаки;Метис;"643099000317739";"02.04.2018";19;
собаки;Метис;"941000002028461";"23.04.2018";19;
собаки;Метис;"643110000450784";"24.04.2018";19;
собаки;Метис;"643093300084423";"12.07.2018";19;
собаки;Метис;"643093300084417";"12.07.2018";19;
собаки;Метис;"643093300084419";"14.07.2018";19;
собаки;Метис;"643093300084361";"18.07.2018";19;
собаки;Метис;"643093300084374";"22.07.2018";19;
собаки;Метис;"643093300084355";"22.07.2018";19;
собаки;Метис;"643093300088996";"15.08.2018";19;
собаки;Метис;"643093300088989";"18.08.2018";19;
собаки;Метис;"643093300088981";"18.08.2018";19;
собаки;Метис;"643093300088999";"18.08.2018";19;
собаки;Метис;"643093300088993";"18.08.2018";19;
собаки;Метис;"643093300088990";"22.08.2018";19;
собаки;Метис;"643093300088982";"22.08.2018";19;
собаки;Метис;"643093300089102";"02.09.2018";19;
собаки;Метис;"643093300089106";"02.09.2018";19;
собаки;Метис;"643093300089112";"02.09.2018";19;
собаки;Метис;"643090000203768";"23.09.2018";19;
собаки;Метис;"643090000322545";"23.09.2018";19;
собаки;Метис;"643093300089055";"25.10.2018";19;
собаки;Метис;"972270000023996";"13.11.2018";19;
собаки;Метис;"643093300088666";"17.11.2018";19;
собаки;Метис;"643093300088662";"28.11.2018";19;
собаки;Метис;"643093300088656";"02.12.2018";19;
собаки;Метис;"643093300088951";"30.01.2019";19;
собаки;Метис;"643093300088974";"14.02.2019";19;
собаки;Метис;"643093300088946";"03.03.2019";19;
собаки;Метис;"643093300088944";"06.03.2019";19;
собаки;Метис;"643093300088925";"07.03.2019";19;
собаки;Метис;"643093300088914";"07.03.2019";19;
собаки;Метис;"643093300088927";"07.03.2019";19;
собаки;Метис;"643093300083323";"22.03.2019";19;
собаки;Метис;"643093300083274";"03.04.2019";19;
собаки;Метис;"643093300083266";"03.04.2019";19;
собаки;Метис;"643093300083267";"03.04.2019";19;
собаки;Метис;"643093300083275";"03.04.2019";19;
собаки;Метис;"643093300083262";"03.04.2019";19;
собаки;Метис;"643093300083269";"03.04.2019";19;
собаки;Метис;"643093300083317";"13.04.2019";19;
собаки;Метис;"643093300083301";"13.04.2019";19;
собаки;Метис;"643093300083324";"13.04.2019";19;
собаки;Метис;"643093300083325";"13.04.2019";19;
собаки;Метис;"643093300083622";"13.04.2019";19;
собаки;Метис;"643093300088664";"28.05.2019";19;
собаки;Метис;"643093300083576";"31.05.2019";19;
собаки;Метис;"643093300083578";"31.05.2019";19;
собаки;Метис;"643093300083579";"31.05.2019";19;
собаки;Метис;"643093300083581";"02.06.2019";19;
собаки;Метис;"643093300083582";"02.06.2019";19;
собаки;Метис;"643093300083585";"02.06.2019";19;
собаки;Метис;"643093300083004";"26.06.2019";19;
собаки;Метис;"643093300083025";"26.06.2019";19;
собаки;Метис;"643093300083019";"26.06.2019";19;
собаки;Метис;"941000002033321";"15.07.2019";19;
собаки;Метис;"643110000511950";"30.07.2019";19;
собаки;Метис;"643093300083544";"31.07.2019";19;
собаки;Метис;"643093300083545";"02.08.2019";19;
собаки;Метис;"643093300083547";"02.08.2019";19;
собаки;Метис;"643093300083015";"14.08.2019";19;
собаки;Метис;"643093300083454";"14.08.2019";19;
собаки;Метис;"643093300083458";"15.08.2019";19;
собаки;Метис;"643093300083459";"15.08.2019";19;
собаки;Метис;"643110000451069";"19.08.2019";19;
собаки;Метис;"643093300083490";"02.09.2019";19;
собаки;Метис;"643093300083491";"02.09.2019";19;
собаки;Метис;"643093300135221";"14.09.2019";19;
собаки;Метис;"643093300135222";"14.09.2019";19;
собаки;Метис;"643093300135223";"14.09.2019";19;
собаки;Метис;"643093300135224";"14.09.2019";19;
собаки;Метис;"643093300135225";"14.09.2019";19;
собаки;Метис;"643093300135071";"14.09.2019";19;
собаки;Метис;"643093300135075";"20.09.2019";19;
собаки;Метис;"643093300134301";"23.10.2019";19;
собаки;Метис;"643093300134302";"23.10.2019";19;
собаки;Метис;"643093300134303";"23.10.2019";19;
собаки;Метис;"643093300134304";"23.10.2019";19;
собаки;Метис;"643093300134310";"23.10.2019";19;
собаки;Метис;"643093300134308";"24.10.2019";19;
собаки;Метис;"643093300134309";"26.10.2019";19;
собаки;Метис;"643093300135201";"30.10.2019";19;
собаки;Метис;"643093300135476";"31.10.2019";19;
собаки;Метис;"643093300132725";"31.10.2019";19;
собаки;Метис;"643093300135464";"31.10.2019";19;
собаки;Метис;"643093300134311";"06.11.2019";19;
собаки;Метис;"643093300134312";"06.11.2019";19;
собаки;Метис;"643093300135203";"06.11.2019";19;
собаки;Метис;"643093300134313";"06.11.2019";19;
собаки;Метис;"643093300134314";"06.11.2019";19;
собаки;Метис;"643093300134324";"07.11.2019";19;
собаки;Метис;"643093300134325";"07.11.2019";19;
собаки;Метис;"643093300134323";"07.11.2019";19;
собаки;Метис;"643093300134728";"07.11.2019";19;
собаки;Метис;"643093300134727";"07.11.2019";19;
собаки;Метис;"643093300134730";"07.11.2019";19;
собаки;Метис;"643093300134729";"07.11.2019";19;
собаки;Метис;"643093300083259";"12.11.2019";19;
собаки;Метис;"643093300134726";"14.11.2019";19;
собаки;Метис;"643093300134735";"28.11.2019";19;
собаки;Метис;"643093300134740";"28.11.2019";19;
собаки;Метис;"643093300135067";"07.12.2019";19;
собаки;Метис;"643093300134741";"11.12.2019";19;
собаки;Метис;"643093300134742";"11.12.2019";19;
собаки;Метис;"643093300134745";"11.12.2019";19;
собаки;Метис;"643093300134743";"11.12.2019";19;
собаки;Метис;"643093300134744";"11.12.2019";19;
собаки;Метис;"643110000521377";"17.10.2015";20;
собаки;Метис;"643094100149903";"20.06.2015";20;
собаки;Метис;"643110000450793";"26.06.2014";20;
собаки;Метис;"643110700012570";"10.07.2016";20;
собаки;Метис;"643099000317883";"02.08.2017.";20;
собаки;Метис;"643093300083474";"28.08.2019";20;
собаки;Метис;"643093300083476";"28.08.2019";20;
собаки;Метис;"643099000317882";"02.08.2017.";20;
собаки;Метис;"643099000317980";"22.03.2017";20;
собаки;Метис;"643110000450816";"31.03.2014";20;
собаки;Метис;"643093300083254";"10.04.2019";20;
собаки;Метис;"643094100429815";"09.11.2016";20;
собаки;Метис;"643093300089039";"20.12.2018";20;
собаки;Метис;"643093300083475";"22.08.2019";20;
собаки;Метис;"643093300089049";"20.12.2018";20;
собаки;Метис;"643093300083020";"11.07.2019";20;
собаки;Метис;"643110000227763";"05.07.2017";20;
собаки;Метис;"643093300083003";"19.06.2019";20;
собаки;Метис;"643094100429697";"05.11.2016";20;
собаки;Метис;"643110000510702";"25.07.2014";20;
собаки;Метис;"643099000317495";"05.11.2017";20;
собаки;Метис;"643093300083471";"22.08.2019";20;
собаки;Метис;"643093300083542";"31.07.2019";20;
собаки;Метис;"643094100425548";"17.07.2016";20;
собаки;Метис;"643110700012621";"13.04.2016";20;
собаки;Метис;"643094100425581";"27.08.2016";20;
собаки;Метис;"643094100425543";"29.07.2016";20;
собаки;Метис;"643110000227049";"16.11.2018";20;
собаки;Метис;"643110000437465";"10.12.2013";20;
собаки;Метис;"643110000227994";"15.07.2013";20;
собаки;Метис;"643110000227991";"12.07.2013";20;
собаки;Метис;"643099000317756";"21.04.2018";20;
собаки;Метис;"643110000510208";"15.12.2014";20;
собаки;Метис;"643110700012208";"22.04.2016";20;
собаки;Метис;"643110700012391";"13.04.2016";20;
собаки;Метис;"643110000450794";"20.06.2014";20;
собаки;Метис;"643110000450976";"16.06.2014";20;
собаки;Метис;"643093300089042";"20.12.2018";20;
собаки;Метис;"643094100429700";"27.10.2016";20;
собаки;Метис;"643094100429699";"05.11.2016";20;
собаки;Метис;"643094100149940";"27.08.2017.";20;
собаки;Метис;"643090000100521";"21.08.2015";20;
собаки;Метис;"643110000228292";"15.04.2013";20;
собаки;Метис;"643094100429687";"21.10.2016";20;
собаки;Метис;"643099000317971";"22.03.2017";20;
собаки;Метис;"643093300083255";"30.05.2019";20;
собаки;Метис;"643093300083435";"30.05.2019";20;
собаки;Метис;"643099000317970";"22.03.2017";20;
собаки;Метис;"643093300088952";"21.02.2019";20;
собаки;Метис;"643093300088953";"21.02.2019";20;
собаки;Метис;"643093300083012";"17.07.2019";20;
собаки;Метис;"643093300083302";"30.03.2019";20;
собаки;Метис;"643110000227000";"27.05.2013";20;
собаки;Метис;"643093300088956";"21.02.2019";20;
собаки;Метис;"643099000317509";"28.11.2018";20;
собаки;Метис;"643093300088674";"08.12.2018";20;
собаки;Метис;"643093300088660";"08.12.2018";20;
собаки;Метис;"643093300089050";"08.12.2018";20;
собаки;Метис;"643093300135498";"28.09.2019";20;
собаки;Метис;"643093300083536";"31.07.2019";20;
собаки;Метис;"643093300083608";"11.07.2019";20;
собаки;Метис;"643093300089034";"08.12.2018";20;
собаки;Метис;"643090000122221";"24.01.2016";20;
собаки;Метис;"643110700012160";"29.07.2017";20;
собаки;Метис;"643094100429684";"27.10.2016";20;
собаки;Метис;"643110000450792";"26.06.2014";20;
собаки;Метис;"643110000510669";"30.10.2014";20;
собаки;Метис;"643093300135495";"28.09.2019";20;
собаки;Метис;"643093300135475";"16.10.2019";20;
собаки;Метис;"643093300135493";"28.09.2019";20;
собаки;Метис;"643093300089026";"08.12.2018";20;
собаки;Метис;"643099000317560";"24.08.2017";20;
собаки;Метис;"643093300083548";"02.08.2019";20;
собаки;Метис;"643110000521364";"14.11.2015";20;
собаки;Метис;"643090000122234";"11.12.2015";20;
собаки;Метис;"643110000227987";"27.05.2013";20;
собаки;Метис;"643110000226998";"27.05.2013";20;
собаки;Метис;"643093300083549";"02.08.2019";20;
собаки;Метис;"643093300083253";"15,05,2019";20;
собаки;Метис;"643110000226991";"27.05.2013";20;
собаки;Метис;"643094100429688";"21.10.2016";20;
собаки;Метис;"643094100429694";"27.10.2016";20;
собаки;Метис;"643110000226965";"28.10.2013";20;
собаки;Метис;"643110000510709";"25.07.2014";20;
собаки;Метис;"643094100429691";"05.11.2016";20;
собаки;Метис;"643093300088673";"16.11.2018";20;
собаки;Метис;"643110000165916";"11.03.2012.";20;
собаки;Метис;"643093300135206";"19.10.2019";20;
собаки;Метис;"643093300135205";"19.10.2019";20;
собаки;Метис;"643110000450914";"29.03.2014";20;
собаки;Метис;"643090000100589";"21.07.2015";20;
собаки;Метис;"643099000317934";"30.05.2017";20;
собаки;Метис;"643094100429663";"28.10.2016";20;
собаки;Метис;"643094100429662";"27.10.2016";20;
собаки;Метис;"643094100429661";"27.10.2016";20;
собаки;Метис;"643093300083537";"31.07.2019";20;
собаки;Метис;"643099000317525";"02.11.2017.";20;
собаки;Метис;"643094100429664";"27.10.2016";20;
собаки;Метис;"643110700012153";"29.07.2017";20;
собаки;Метис;"643110000521363";"05.11.2015";20;
собаки;Метис;"643099000317718";"12.02.2018";20;
собаки;Метис;"643093300083538";"31.07.2019";20;
собаки;Метис;"643093300083607";"11.07.2019";20;
собаки;Метис;"643099000317698";"04.02.2018.";20;
собаки;Метис;"643094100429608";"28.09.2016";20;
собаки;Метис;"643110000227019";"05.05.2018";20;
собаки;Метис;"643110000451020";"17.03.2014";20;
собаки;Метис;"643110000510707";"25.07.2014";20;
собаки;Метис;"643110000451057";"17.02.2014";20;
собаки;Метис;"643093300089028";"21.12.2018";20;
собаки;Метис;"643093300084394";"26.05.2018";20;
собаки;Метис;"643110000450813";"31.03.2014";20;
собаки;Метис;"643093300083010";"02.08.2019";20;
собаки;Метис;"643110000437359";"16.12.2013";20;
собаки;Метис;"643110700012701";"29.05.2016";20;
собаки;Метис;"643110000165977";"20.04.2012";20;
собаки;Метис;"643110000451061";"17.02.2014";20;
собаки;Метис;"643090000100523";"16.08.2015";20;
собаки;Метис;"643110000451035";"28.04.2014";20;
собаки;Метис;"643110700012307";"17.07.2016";20;
собаки;Метис;"643110700012418";"10.07.2016";20;
собаки;Метис;"643093300089095";"03.11.2018";20;
собаки;Метис;"643093300089084";"03.11.2018";20;
собаки;Метис;"643094100442124";"02.12.2016";20;
собаки;Метис;"643099000317752";"21.04.2018.";20;
собаки;Метис;"643093300088661";"08.12.2018";20;
собаки;Метис;"643094100429606";"30.09.2016";20;
собаки;Метис;"643099000317760";"28.04.2018";20;
собаки;Метис;"643093300083011";"02.08.2019";20;
собаки;Метис;"643099000317753";"21.04.2018";20;
собаки;Метис;"643094100425592";"27.08.2016";20;
собаки;Метис;"643099000317508";"21.10.2017.";20;
собаки;Метис;"643093300134736";"23.11.2019";20;
собаки;Метис;"643093300134734";"23.11.2019";20;
кошки;беспородная;"643094100149693";"03.06.2015";20;
кошки;беспородная;"643093300084298";"11.06.2018";20;
кошки;беспородная;"643093300084289";"11.06.2018";20;
кошки;беспородная;"643094100429605";"28.09.2016";20;
кошки;беспородная;"643093300083270";"05.04.2019";20;
кошки;беспородная;"643090000100591";"13.12.2017";20;
кошки;беспородная;"643093300083273";"03.04.2019";20;
кошки;беспородная;"643093300083272";"03.04.2019";20;
кошки;беспородная;"643093300083492";"22.09.2019";20;
кошки;беспородная;"643093300084280";"11.06.2018";20;
кошки;беспородная;"643094100442230";"04.12.2016";20;
кошки;беспородная;"643110000510662";"03.11.2014";20;
кошки;беспородная;"643094100442229";"04.12.2016";20;
кошки;беспородная;"643099000317901";"09.07.2017";20;
кошки;беспородная;"643093300135481";"22.09.2019";20;
кошки;беспородная;"643093300083271";"05.04.2019";20;
кошки;беспородная;"643099000317761";"22.04.2018";20;
кошки;беспородная;"643099000317746";"15.04.2018";20;
кошки;беспородная;"643093300089096";"26.10.2018";20;
кошки;беспородная;"643093300089097";"26.10.2018";20;
кошки;беспородная;"643093300084295";"11.06.2018";20;
кошки;беспородная;"643099000317897";"05.07.2017";20;
кошки;беспородная;"643099000317899";"05.07.2017";20;
кошки;беспородная;"643099000317569";"13.08.2017";20;
кошки;беспородная;"643099000317910";"29.06.2017";20;
кошки;беспородная;"643093300084392";"30.05.2018";20;
кошки;беспородная;"643093300084297";"22.06.2018";20;
кошки;беспородная;"643093300089081";"02.11.2018";20;
кошки;беспородная;"643093300089076";"02.11.2018";20;
кошки;беспородная;"643093300135215";"10.11.2019";20;
кошки;беспородная;"643093300088954";"22.12.2018";20;
кошки;беспородная;"643094100429820";"09.11.2016";20;
кошки;беспородная;"643093300083442";"28.04.2019";20;
кошки;беспородная;"643110000450950";"10.07.2014";20;
кошки;беспородная;"643099000317929";"05.06.2017";20;
кошки;беспородная;"643094100442228";"04.12.2016";20;
кошки;беспородная;"643094100442348";"28.12.2016";20;
кошки;беспородная;"643093300135208";"18.10.2019";20;
кошки;беспородная;"643093300135207";"18.10.2019";20;
кошки;беспородная;"643093300083611";"21.07.2019";20;
кошки;беспородная;"643093300135216";"18.10.2019";20;
кошки;беспородная;"643093300135217";"18.10.2019";20;
кошки;беспородная;"643093300135219";"18.10.2019";20;
кошки;беспородная;"643093300135214";"18.10.2019";20;
кошки;беспородная;"643093300083614";"21.07.2019";20;
кошки;беспородная;"643093300083005";"22.09.2019";20;
кошки;беспородная;"643093300088942";"03.03.2019";20;
кошки;беспородная;"643093300083256";"05.04.2019";20;
кошки;беспородная;"643093300083316";"28.03.2019";20;
собаки;метис;"643094100352794";"06.02.2015";6;
собаки;метис;"643093300094719";"13.06.2019";6;
собаки;метис;"643093300094710";"23.05.2019";6;
собаки;метис;"643094100410202";"15.07.2016";6;
собаки;метис;"643094100410339";"15.01.2016";6;
собаки;метис;"643098100085214";"01.03.2009";6;
собаки;метис;"643094100274729";"10.07.2013";6;
собаки;метис;"643094100274899";"10.05.2013";6;
собаки;метис;"643094100410321";"15.01.2016";6;
собаки;метис;"643094100436362";"10.10.2016";6;
собаки;метис;"643094100262859";"14.06.2013";6;
собаки;метис;"643094100352800";"22.01.2015";6;
собаки;метис;"643090000001038";"06.02.2014";6;
собаки;метис;"643090000001037";"06.02.2014";6;
собаки;метис;"643094100099948";"04.04.2011";6;
собаки;метис;"643094100449713";"23.09.2017";6;
собаки;метис;"643094100262844";"12.03.2013";6;
собаки;метис;"643094100099954";"24.06.2011";6;
собаки;метис;"643094100010536";"30.10.2009";6;
собаки;метис;"643098100075966";"13.01.2011";6;
собаки;метис;"643094100274811";"05.04.2013";6;
собаки;метис;"643094100449590";"29.08.2017";6;
собаки;метис;"643094100125887";"13.01.2012";6;
собаки;метис;"643094100125102";"02.02.2012";6;
собаки;метис;"643094100363313";"03.04.2015";6;
собаки;метис;"643094100011898";"29.10.2009";6;
собаки;метис;"643094100011178";"23.10.2009";6;
собаки;метис;"643094100150290";"24.01.2012";6;
собаки;метис;"643094100150299";"24.01.2012";6;
собаки;метис;"643094100274885";"11.07.2013";6;
собаки;метис;"643094100099860";"09.03.2011";6;
собаки;метис;"643094100456912";"14.12.2015";6;
собаки;метис;"643094100014691";"30.10.2009";6;
собаки;метис;"643094100006006";"30.10.2009";6;
собаки;метис;"643094100012832";"25.08.2009";6;
собаки;метис;"643094100352739";"20.02.2015";6;
собаки;метис;"643093300036309";"20.08.2018";6;
собаки;метис;"643094100005975";"25.08.2009";6;
собаки;метис;"643093300036307";"16.08.2016";6;
собаки;метис;"643094100274795";"31.10.2013";6;
собаки;метис;"643090000001350";"15.07.2014";6;
собаки;метис;"643093300044071";"13.03.2018";6;
собаки;метис;"643094100376736";"22.01.2015";6;
собаки;метис;"643094100074544";"20.01.2010";6;
собаки;метис;"643094100365322";"02.12.2015";6;
собаки;метис;"643090000001051";"06.02.2014";6;
собаки;метис;"643094100370728";"20.05.2015";6;
собаки;метис;"643094100099838";"25.05.2011";6;
собаки;метис;"643094100125127";"14.02.2012";6;
собаки;метис;"643094100352734";"24.04.2015";6;
собаки;метис;"643094100410173";"19.09.2016";6;
собаки;метис;"643094100410175";"19.09.2016";6;
собаки;метис;"643093300036308";"16.08.2016";6;
собаки;метис;"643094100150305";"14.02.2014";6;
собаки;метис;"643094100074601";"13.07.2010";6;
собаки;метис;"643094100099958";"02.03.2011";6;
собаки;метис;"643093300036310";"21.08.2018";6;
собаки;метис;"643093300094656";"01.10.2018";6;
собаки;метис;"643093300094663";"10.10.2018";6;
собаки;метис;"643093300035309";"20.04.2018";6;
собаки;метис;"643094100012506";"14.08.2009";6;
собаки;метис;"643094100016880";"25.08.2009";6;
собаки;метис;"643094100370672";"04.06.2015";6;
собаки;метис;"643094100410369";"11.02.2016";6;
собаки;метис;"643094100353808";"19.03.2015";6;
собаки;метис;"643094100074443";"03.02.2010";6;
собаки;метис;"643098100078472";"02.03.2009";6;
собаки;метис;"643094100099724";"09.03.2011";6;
собаки;метис;"941000000747284";"02.02.2009";6;
собаки;метис;"643094100274925";"12.08.2013";6;
собаки;метис;"643094100099998";"29.04.2011";6;
собаки;метис;"643090000001083";"21.02.2014";6;
собаки;метис;"643094100262911";"15.01.2013";6;
собаки;метис;"643090000000748";"17.02.2014";6;
собаки;метис;"643094100410294";"23.03.2016";6;
собаки;метис;"643094100015320";"12.02.2010";6;
собаки;метис;"643094100370725";"04.06.2015";6;
собаки;метис;"643090000001209";"11.02.2014";6;
собаки;метис;"643094100365342";"24.04.2015";6;
собаки;метис;"643094100410355";"20.01.2016";6;
собаки;метис;"643094100099681";"10.05.2011";6;
собаки;метис;"643090000001371";"10.11.2014";6;
собаки;метис;"643094100016265";"18.01.2010";6;
собаки;метис;"643094100353848";"22.01.2015";6;
собаки;метис;"643094100376604";"26.08.2015";6;
собаки;метис;"643094100074723";"29.04.2010";6;
собаки;метис;"643094100370658";"12.01.2015";6;
собаки;метис;"643090000001094";"21.02.2014";6;
собаки;метис;"643094100099619";"10.05.2011";6;
собаки;метис;"941000002539031";"26.01.2009";6;
собаки;метис;"643094100099624";"21.01.2011";6;
собаки;метис;"643094100373086";"29.01.2015";6;
собаки;метис;"643094100410325";"20.01.2016";6;
собаки;метис;"972270000026045";"15.02.2011";6;
собаки;метис;"643094100262747";"05.04.2013";6;
собаки;метис;"643094100074746";"13.09.2010";6;
собаки;метис;"643094100016661";"02.03.2010";6;
собаки;метис;"643094100099820";"11.01.2011";6;
собаки;метис;"643094100410372";"01.04.2016";6;
собаки;метис;"643094100365357";"12.03.2015";6;
собаки;метис;"643090000001092";"21.02.2014";6;
собаки;метис;"643093300027640";"19.07.2018";6;
собаки;метис;"643094100016356";"24.02.2010";6;
собаки;метис;"643094100410328";"26.01.2016";6;
собаки;метис;"643094100074795";"12.02.2010";6;
собаки;метис;"643094100274883";"15.03.2013";6;
собаки;метис;"643094100274965";"15.03.2013";6;
собаки;метис;"643094100274825";"15.03.2013";6;
собаки;метис;"643094100015393";"05.02.2010";6;
собаки;метис;"643094100074573";"09.02.2010";6;
собаки;метис;"643094100099694";"16.02.2011";6;
собаки;метис;"643094100099809";"28.09.2011";6;
собаки;метис;"643098100088955";"01.03.2009";6;
собаки;метис;"643094100081238";"04.03.2011";6;
собаки;метис;"643094100449638";"01.09.2017";6;
собаки;метис;"643094100012639";"02.09.2009";6;
собаки;метис;"643094100099898";"21.04.2011";6;
собаки;метис;"643094100317647";"28.01.2013";6;
собаки;метис;"643094100373088";"29.08.2015";6;
собаки;метис;"643094100016221";"02.03.2010";6;
собаки;метис;"643094100015335";"18.01.2010";6;
собаки;метис;"643094100274855";"25.06.2013";6;
собаки;метис;"643094100262924";"22.05.2013";6;
собаки;метис;"643094100015406";"03.02.2010";6;
собаки;метис;"643094100074564";"22.03.2010";6;
собаки;метис;"643094100274601";"16.07.2013";6;
собаки;метис;"643094100410320";"02.02.2016";6;
собаки;метис;"643094100150272";"04.07.2012";6;
собаки;метис;"643094100370679";"22.04.2015";6;
собаки;метис;"643090000001380";"10.11.2014";6;
собаки;метис;"643090000000610";"27.01.2014";6;
собаки;метис;"643090000001087";"21.02.2014";6;
собаки;метис;"643094100099806";"12.10.2011";6;
собаки;метис;"643094100410324";"15.01.2016";6;
собаки;метис;"643094100017756";"26.03.2010";6;
собаки;метис;"643094100099869";"07.04.2011";6;
собаки;метис;"643094100005709";"19.10.2009";6;
собаки;метис;"643093300036300";"26.07.2018";6;
собаки;метис;"643094100005123";"06.11.2009";6;
собаки;метис;"643094100002751";"02.02.2009";6;
собаки;метис;"643094100015100";"06.11.2009";6;
собаки;метис;"643094100081315";"18.03.2011";6;
собаки;метис;"941000002543532";"19.01.2009";6;
собаки;метис;"643094100099899";"09.03.2011";6;
собаки;метис;"643094100125145";"21.02.2012";6;
собаки;метис;"643094100262960";"12.03.2013";6;
собаки;метис;"643094100150231";"19.07.2012";6;
собаки;метис;"643094100410248";"29.02.2016";6;
собаки;метис;"643094100262852";"07.02.2013";6;
собаки;метис;"643094100150003";"13.03.2012";6;
собаки;метис;"643094100150013";"13.03.2012";6;
собаки;метис;"643094100150016";"20.06.2012";6;
собаки;метис;"941000000518974";"03.02.2009";6;
собаки;метис;"643094100150112";"12.01.2012";6;
собаки;метис;"643094100262981";"23.01.2013";6;
собаки;метис;"643094100012708";"16.07.2009";6;
собаки;метис;"643090000001216";"28.03.2014";6;
собаки;метис;"643094100125158";"01.03.2012";6;
собаки;метис;"643094100262930";"22.05.2013";6;
собаки;метис;"643090000001367,643093300096242";"27.05.2014";6;
собаки;метис;"643094100410352";"15.01.2016";6;
собаки;метис;"643093300094666";"12.10.2018";6;
собаки;метис;"643093300094667,643093300096245";"12.10.2018";6;
собаки;метис;"643093300094668";"12.10.2018";6;
собаки;метис;"643094100011456";"14.08.2009";6;
собаки;метис;"643094100274874";"20.08.2013";6;
собаки;метис;"643090000001053";"16.06.2016";6;
собаки;метис;"643094100015998";"17.02.2010";6;
собаки;метис;"643094100459148";"20.03.2017";6;
собаки;метис;"643090000001081";"27.01.2014";6;
собаки;метис;"643094100262923";"22.05.2013";6;
собаки;метис;"941000002505348";"17.02.2009";6;
собаки;метис;"643094100016672";"16.04.2010";6;
собаки;метис;"643094100410286";"29.02.2016";6;
собаки;метис;"643094100074676";"20.01.2010";6;
собаки;метис;"643094100410323";"20.01.2016";6;
собаки;метис;"643094100262896";"22.06.2013";6;
собаки;метис;"941000002498236";"16.03.2009";6;
собаки;метис;"643094100074648";"13.09.2010";6;
собаки;метис;"643090000001387";"04.04.2014";6;
собаки;метис;"643090000001383";"04.04.2014";6;
собаки;метис;"643094100099920";"09.03.2011";6;
собаки;метис;"643098100085028";"13.01.2010";6;
собаки;метис;"643090000352715";"22.01.2015";6;
собаки;метис;"643094100007418";"05.02.2010";6;
собаки;метис;"643094100352635";"06.02.2015";6;
собаки;метис;"643090000001347";"15.07.2014";6;
собаки;метис;"643094100436293";"30.11.2016";6;
собаки;метис;"643090000001055";"06.02.2014";6;
собаки;метис;"643090000001050";"06.02.2014";6;
собаки;метис;"643094100274819";"15.04.2013";6;
собаки;метис;"643098100070263";"14.01.2010";6;
собаки;метис;"643094100373145";"20.05.2015";6;
собаки;метис;"643094100150014";"21.05.2012";6;
собаки;метис;"643090000001340";"27.05.2014";6;
собаки;метис;"643094100150126";"14.01.2013";6;
собаки;метис;"643094100010575";"09.02.2009";6;
собаки;метис;"643094100436222";"08.12.2016";6;
собаки;метис;"643098100073046";"22.09.2010";6;
собаки;метис;"643094100410266";"19.04.2016";6;
собаки;метис;"643094100281979";"15.03.2013";6;
собаки;метис;"643090000001046";"06.02.2014";6;
собаки;метис;"643094100081241";"15.02.2011";6;
собаки;метис;"643094100012586";"16.11.2009";6;
собаки;метис;"643094100373182";"10.09.2015";6;
собаки;метис;"643094100376733";"29.09.2015";6;
собаки;метис;"643094100099902";"29.11.2011";6;
собаки;метис;"643094100099794";"09.03.2011";6;
собаки;метис;"643094100074722";"12.02.2010";6;
собаки;метис;"643094100317654";"10.01.2014";6;
собаки;метис;"643094100352743";"05.02.2015";6;
собаки;метис;"643094100436226";"02.12.2016";6;
собаки;метис;"941000002602806";"19.01.2009";6;
собаки;метис;"643093300036364";"06.02.2019";6;
собаки;метис;"643094100436296";"25.11.2016";6;
собаки;метис;"643094100436297";"25.11.2016";6;
собаки;метис;"643094100436263";"14.11.2016";6;
собаки;метис;"643094100125113";"05.03.2012";6;
собаки;метис;"643090000001060";"10.01.2014";6;
собаки;метис;"643093300096939";"02.09.2019";6;
собаки;метис;"643093300094548";"23.11.2018";6;
собаки;метис;"972270000344704";"31.03.2014";6;
собаки;метис;"972270000345558";"31.03.2014";6;
собаки;метис;"972270000344292";"31.03.2014";6;
собаки;метис;"972270000326154";"31.03.2014";6;
собаки;метис;"972270000327047,941000002609180";"31.03.2014";6;
собаки;метис;"643094100456913";"08.12.2017";6;
собаки;метис;"643094100376738";"22.01.2015";6;
собаки;метис;"643094100382411";"24.04.2015";6;
собаки;метис;"643098100085133";"28.07.2009";6;
собаки;метис;"643094100074543";"14.01.2010";6;
собаки;метис;"643094100074794";"22.07.2010";6;
собаки;метис;"643090000000602";"08.05.2014";6;
собаки;метис;"643093300036315";"02.09.2018";6;
собаки;метис;"643094100150064";"14.02.2012";6;
собаки;метис;"643094100011827";"09.02.2009";6;
собаки;метис;"643094100017327";"12.02.2010";6;
собаки;метис;"643094100410224";"29.09.2016";6;
собаки;метис;"643094100004650";"11.11.2009";6;
собаки;метис;"643094100010823";"09.02.2010";6;
собаки;метис;"643094100436292";"30.11.2016";6;
собаки;метис;"643094100099877";"08.07.2011";6;
собаки;метис;"643094100011803";"02.04.2009";6;
собаки;метис;"643094100016466";"26.02.2010";6;
собаки;метис;"643094100074772";"05.02.2010";6;
собаки;метис;"643094100382471";"04.12.2015";6;
собаки;метис;"643094100005818";"18.08.2009";6;
собаки;метис;"643094100099825";"10.02.2011";6;
собаки;метис;"643094100017745";"16.10.2009";6;
собаки;метис;"643094100125149";"10.02.2012";6;
собаки;метис;"643094100016242";"01.01.2010";6;
собаки;метис;"643094100262976";"12.03.2013";6;
собаки;метис;"643094100274858";"12.03.2013";6;
собаки;метис;"643094100274854";"26.06.2013";6;
собаки;метис;"643094100353849";"03.03.2015";6;
собаки;метис;"643098100071354";"14.01.2010";6;
собаки;метис;"643098100077612";"14.01.2010";6;
собаки;метис;"643094100376626";"07.08.2015";6;
собаки;метис;"643094100410383";"05.04.2016";6;
собаки;метис;"643094100410244";"26.02.2016";6;
собаки;метис;"643094100013135";"25.05.2009";6;
собаки;метис;"643094100274980";"31.08.2013";6;
собаки;метис;"643094100317641";"30.08.2013";6;
собаки;метис;"643094100410089";"19.09.2016";6;
собаки;метис;"643094100370724";"26.08.2015";6;
собаки;метис;"643094100074574";"03.02.2010";6;
собаки;метис;"643094100410206";"29.09.2016";6;
собаки;метис;"643094100449689";"04.09.2017";6;
собаки;метис;"643094100449684";"04.09.2017";6;
собаки;метис;"643094100449682";"04.09.2017";6;
собаки;метис;"643094100262875";"14.06.2013";6;
собаки;метис;"643094100074621";"16.04.2010";6;
собаки;метис;"643094100274816";"22.05.2013";6;
собаки;метис;"643094100010558";"28.10.2009";6;
собаки;метис;"643094100262882";"29.05.2013";6;
собаки;метис;"643094100011415";"24.11.2009";6;
собаки;метис;"643094100014707";"24.11.2009";6;
собаки;метис;"643093300035317";"22.05.2018";6;
собаки;метис;"643094100410227";"16.09.2016";6;
собаки;метис;"643094100140717";"23.11.2011";6;
собаки;метис;"643094100014945";"24.11.2009";6;
собаки;метис;"643094100317656";"10.01.2014";6;
собаки;метис;"643094100011261";"24.11.2009";6;
собаки;метис;"643094100274838";"31.10.2013";6;
собаки;метис;"643090000000741";"10.06.2014";6;
собаки;метис;"941000002498483";"19.01.2009";6;
собаки;метис;"643094100099831";"16.06.2011";6;
собаки;метис;"643094100373142";"08.09.2015";6;
собаки;метис;"643094100365138";"06.02.2015";6;
собаки;метис;"643094100015014";"24.11.2009";6;
собаки;метис;"643094100274848";"31.08.2013";6;
собаки;метис;"643094100099947";"06.06.2011";6;
собаки;метис;"643094100006998";"16.07.2009";6;
собаки;метис;"643094100262775";"05.04.2013";6;
собаки;метис;"643094100012123";"16.11.2009";6;
собаки;метис;"643094100125058";"13.01.2012";6;
собаки;метис;"643094100410251";"01.06.2016";6;
собаки;метис;"941000002011091";"23.07.2017";6;
собаки;метис;"94100000728218";"23.07.2017";6;
собаки;метис;"941000002011653";"23.07.2017";6;
собаки;метис;"643094100099844";"03.12.2011";6;
собаки;метис;"643094100274778";"31.08.2013";6;
собаки;метис;"643094100012603";"16.11.2009";6;
собаки;метис;"643094100410307";"03.03.2016";6;
собаки;метис;"643094100352697";"03.03.2015";6;
собаки;метис;"643094100410298";"29.02.2016";6;
собаки;метис;"643094100459230";"24.06.2017";6;
собаки;метис;"643090000000616,643090000001029";"30.09.2014";6;
собаки;метис;"643090000001043";"06.02.2014";6;
собаки;метис;"643094100099738";"10.11.2011";6;
собаки;метис;"643094100074441";"12.02.2010";6;
собаки;метис;"643094100099813";"12.10.2011";6;
собаки;метис;"941000002593684";"11.01.2009";6;
собаки;метис;"643094100099858";"09.03.2011";6;
собаки;метис;"643094100074715";"03.03.2010";6;
собаки;метис;"643094100074799";"05.02.2010";6;
собаки;метис;"643093300027627";"09.06.2018";6;
собаки;метис;"643094100150326";"14.02.2012";6;
собаки;метис;"643094100365360";"24.04.2015";6;
собаки;метис;"643094100012671";"24.11.2009";6;
собаки;метис;"643094100459233,643094100459074";"10.07.2017";6;
собаки;метис;"643094100274956";"05.04.2013";6;
собаки;метис;"643094100456916";"08.09.2017";6;
собаки;метис;"643094100373090";"29.08.2015";6;
собаки;метис;"643094100150310";"18.07.2012";6;
собаки;метис;"643094100150344";"18.07.2012";6;
собаки;метис;"643094100150116";"14.01.2013";6;
собаки;метис;"643090000001225";"27.01.2015";6;
собаки;метис;"643094100410021";"07.09.2016";6;
собаки;метис;"643090000000704";"10.01.2014";6;
собаки;метис;"941000002517908";"08.12.2008";6;
собаки;метис;"643094100099937";"16.02.2010";6;
собаки;метис;"941000002512002";"13.01.2009";6;
собаки;метис;"643094100099710";"29.11.2011";6;
собаки;метис;"643094100410222";"06.09.2016";6;
собаки;метис;"643094100125069";"14.02.2012";6;
собаки;метис;"643094100125115";"23.11.2011";6;
собаки;метис;"643093300094658";"05.10.2018";6;
собаки;метис;"643090000001035";"04.03.2014";6;
собаки;метис;"643094100274680";"01.11.2013";6;
собаки;метис;"643094100317643";"05.04.2013";6;
собаки;метис;"643094100373158";"24.04.2015";6;
собаки;метис;"643093300035318";"25.05.2018";6;
собаки;метис;"643094100011220";"25.08.2009";6;
собаки;метис;"643094100125126";"23.11.2011";6;
собаки;метис;"643094100015936";"02.03.2010";6;
собаки;метис;"643094100012607";"23.10.2009";6;
собаки;метис;"643094100011644";"23.10.2009";6;
собаки;метис;"643094100074604";"20.01.2010";6;
собаки;метис;"643094100099702";"29.11.2011";6;
собаки;метис;"643094100017240";"18.01.2010";6;
собаки;метис;"643094100074638";"20.01.2010";6;
собаки;метис;"643093300096922";"01.08.2019";6;
собаки;метис;"643093300096941";"19.08.2019";6;
собаки;метис;"643094100015288";"27.01.2010";6;
собаки;метис;"643093300044057";"23.03.2018";6;
собаки;метис;"643090000001210";"28.03.2014";6;
собаки;метис;"643094100015799";"26.03.2010";6;
собаки;метис;"643094100365341";"24.04.2015";6;
собаки;метис;"643094100373082";"04.06.2015";6;
собаки;метис;"643094100001828";"12.12.2008";6;
собаки;метис;"643094100410174";"19.09.2016";6;
собаки;метис;"643094100370659";"06.02.2015";6;
собаки;метис;"643094100099990";"25.05.2011";6;
собаки;метис;"643094100410226";"15.09.2016";6;
собаки;метис;"643098100086134";"10.03.2009";6;
собаки;метис;"643094100016846";"19.08.2009";6;
собаки;метис;"643093300096405";"21.12.2018";6;
собаки;метис;"643094100125983";"12.01.2012";6;
собаки;метис;"643094100125914";"12.01.2012";6;
собаки;метис;"643094100365356";"29.08.2015";6;
собаки;метис;"643094100262853";"25.06.2013";6;
собаки;метис;"643094100410028";"29.09.2016";6;
собаки;метис;"643094100099932";"25.05.2011";6;
собаки;метис;"643094100016359";"09.02.2010";6;
собаки;метис;"643094100074627";"12.05.2010";6;
собаки;метис;"643094100365351";"07.10.2015";6;
собаки;метис;"643094100099670";"04.08.2011";6;
собаки;метис;"643090000001475";"09.06.2014";6;
собаки;метис;"643098100081253";"18.01.2011";6;
собаки;метис;"643094100150352,643094100150364";"15.05.2012";6;
собаки;метис;"643094100262929";"15.03.2013";6;
собаки;метис;"643094100099640";"09.03.2011";6;
собаки;метис;"941000002539937";"12.02.2009";6;
собаки;метис;"643094100010656";"02.11.2009";6;
собаки;метис;"643094100150042";"10.05.2012";6;
собаки;метис;"643094100074713,643093300096467";"04.06.2010";6;
собаки;метис;"643094100376636";"04.06.2015";6;
собаки;метис;"643094100074558";"01.02.2010";6;
собаки;метис;"643094100274859";"14.01.2013";6;
собаки;метис;"643094100099797";"10.10.2011";6;
собаки;метис;"643098100083324";"13.01.2011";6;
собаки;метис;"643094100363367";"17.03.2015";6;
собаки;метис;"941000002508692";"29.01.2009";6;
собаки;метис;"643094100099601";"24.06.2011";6;
собаки;метис;"643094100456920,643094100449636";"08.09.2017";6;
собаки;метис;"643094100262934";"28.03.2015";6;
собаки;метис;"643094100099827";"21.04.2011";6;
собаки;метис;"643094100011120";"14.08.2009";6;
собаки;метис;"643094100262902";"12.03.2013";6;
собаки;метис;"643094100410351";"20.01.2016";6;
собаки;метис;"643094100099700";"21.01.2011";6;
собаки;метис;"643094100410335";"19.01.2016";6;
собаки;метис;"643094100099857";"06.06.2011";6;
собаки;метис;"643094100099881";"28.09.2011";6;
собаки;метис;"643094100410287";"14.03.2016";6;
собаки;метис;"643094100410243";"16.03.2016";6;
собаки;метис;"643094100410255";"15.06.2016";6;
собаки;метис;"643098100081945";"13.01.2010";6;
собаки;метис;"643094100140725";"23.11.2011";6;
собаки;метис;"643094100015503";"19.03.2010";6;
собаки;метис;"643094100125122";"10.11.2011";6;
собаки;метис;"643094100016748";"05.04.2010";6;
собаки;метис;"643094100274897";"30.08.2013";6;
собаки;метис;"643094100410292";"29.03.2016";6;
собаки;метис;"643094100410259";"15.06.2016";6;
собаки;метис;"941000002530894";"03.02.2009";6;
собаки;метис;"643094100150161";"21.03.2012";6;
собаки;метис;"643094100262922";"10.06.2013";6;
собаки;метис;"941000001525861";"24.07.2010";6;
собаки;метис;"643094100365132";"07.10.2015";6;
собаки;метис;"643094100010794";"25.08.2009";6;
собаки;метис;"643094100014978";"25.08.2009";6;
собаки;метис;"643090000001398";"11.04.2014";6;
собаки;метис;"643093300027634";"09.07.2018";6;
собаки;метис;"941000002521178";"04.03.2009";6;
собаки;метис;"643094100002850";"17.02.2009";6;
собаки;метис;"643094100018349";"19.08.2009";6;
собаки;метис;"941000002508904";"16.03.2009";6;
собаки;метис;"643094100274878";"26.06.2013";6;
собаки;метис;"643094100262892";"22.05.2013";6;
собаки;метис;"643094100365179";"12.03.2015";6;
собаки;метис;"643094100150076";"28.01.2013";6;
собаки;метис;"643094100365352";"07.03.2015";6;
собаки;метис;"643094100373157";"20.05.2015";6;
собаки;метис;"643094100125124";"02.02.2012";6;
собаки;метис;"643094100010715";"02.02.2012";6;
собаки;метис;"643093300096438";"06.09.2019";6;
собаки;метис;"643094100010695";"18.08.2009";6;
собаки;метис;"643094100074600";"24.02.2010";6;
собаки;метис;"643094100274725";"14.01.2013";6;
собаки;метис;"643094100150066";"22.01.2013";6;
собаки;метис;"643094100099817";"10.02.2011";6;
собаки;метис;"643094100449583";"28.08.2017";6;
собаки;метис;"643094100150132";"13.03.2012";6;
собаки;метис;"941000002507505";"15.01.2009";6;
собаки;метис;"941000002031370";"17.02.2009";6;
собаки;метис;"643094100274706";"01.11.2013";6;
собаки;метис;"643093300096936";"08.08.2019";6;
собаки;метис;"941000002532568";"10.02.2009";6;
собаки;метис;"643093300094559";"05.12.2018";6;
собаки;метис;"643094100005881";"02.09.2009";6;
собаки;метис;"643094100410358";"19.01.2016";6;
собаки;метис;"643094100074623";"10.03.2010";6;
собаки;метис;"941000002597856";"19.01.2009";6;
собаки;метис;"941000002519385";"28.01.2009";6;
собаки;метис;"643094100373141";"07.03.2015";6;
собаки;метис;"643094100436268";"24.11.2016";6;
собаки;метис;"643094100436299";"24.11.2016";6;
собаки;метис;"643094100436298";"24.11.2016";6;
собаки;метис;"941000002519961";"28.01.2009";6;
собаки;метис;"643094100410332";"22.01.2016";6;
собаки;метис;"643094100410374";"04.02.2016";6;
собаки;метис;"643094100005851";"01.09.2009";6;
собаки;метис;"643094100410271";"18.05.2016";6;
собаки;метис;"643093300096925";"07.08.2019";6;
собаки;метис;"643093300096928";"07.08.2019";6;
собаки;метис;"643093300096927";"07.08.2019";6;
собаки;метис;"643094100436261";"19.01.2016";6;
собаки;метис;"643094100274823";"28.01.2013";6;
собаки;метис;"643094100262944";"28.03.2013";6;
собаки;метис;"643094100003081";"24.11.2008";6;
собаки;метис;"643094100449582";"19.09.2017";6;
собаки;метис;"643094100074557";"16.04.2010";6;
собаки;метис;"643094100099801";"07.09.2011";6;
собаки;метис;"643094100099824";"28.07.2011";6;
собаки;метис;"643094100099874";"27.05.2011";6;
собаки;метис;"643094100087858";"05.03.2009";6;
собаки;метис;"643094100099660";"04.07.2011";6;
собаки;метис;"643090000001040";"10.06.2014";6;
собаки;метис;"643094100352726";"20.02.2015";6;
собаки;метис;"643094100150043";"24.04.2012";6;
собаки;метис;"643094100150071";"14.02.2012";6;
собаки;метис;"643094100382475";"11.09.2015";6;
собаки;метис;"643094100150329";"14.02.2012";6;
собаки;метис;"643093300094612";"07.03.2019";6;
собаки;метис;"643093300036311";"22.08.2018";6;
собаки;метис;"643093300094697";"16.04.2019";6;
собаки;метис;"643094100010533";"14.05.2009";6;
собаки;метис;"643094100410373";"13.01.2016";6;
собаки;метис;"643094100376737";"22.01.2015";6;
собаки;метис;"643090000352707,643093300096462";"21.03.2015";6;
собаки;метис;"643090000352705";"21.03.2015";6;
собаки;метис;"643094100016804";"05.10.2009";6;
собаки;метис;"643094100012563";"23.10.2009";6;
собаки;метис;"643094100099714";"09.11.2011";6;
собаки;метис;"643094100410338";"13.01.2016";6;
собаки;метис;"643090000000710";"31.01.2014";6;
собаки;метис;"643090000000713";"10.11.2014";6;
собаки;метис;"643094100459235";"23.08.2017";6;
собаки;метис;"643094100459192";"02.08.2017";6;
собаки;метис;"643094100150343";"04.04.2012";6;
собаки;метис;"643093300094711";"28.05.2019";6;
собаки;метис;"643093300094712";"28.05.2019";6;
собаки;метис;"941000002533195";"02.02.2009";6;
собаки;метис;"643094100125120";"23.11.2011";6;
собаки;метис;"643094100074709";"11.06.2010";6;
собаки;метис;"643094100262945";"29.05.2013";6;
собаки;метис;"643094100410252";"06.06.2016";6;
собаки;метис;"643094100436366";"10.10.2016";6;
собаки;метис;"643094100125116";"02.02.2012";6;
собаки;метис;"643094100382479";"01.12.2015";6;
собаки;метис;"643094100365323";"01.12.2015";6;
собаки;метис;"643094100382473";"01.12.2015";6;
собаки;метис;"643094100074797";"05.04.2010";6;
собаки;метис;"643094100099627";"09.06.2011";6;
собаки;метис;"643094100099929";"24.06.2011";6;
собаки;метис;"643094100074646";"10.02.2010";6;
собаки;метис;"643094100317666";"06.02.2014";6;
собаки;метис;"643094100262850";"15.03.2013";6;
собаки;метис;"643094100074774";"27.02.2010";6;
собаки;метис;"643090000352706";"21.03.2015";6;
собаки;метис;"643094100459186";"27.06.2017";6;
собаки;метис;"643094100459196";"04.08.2017";6;
собаки;метис;"643094100262752";"19.02.2013";6;
собаки;метис;"643094100436227";"02.12.2016";6;
собаки;метис;"643094100015641";"14.01.2010";6;
собаки;метис;"643094100410349";"13.01.2016";6;
собаки;метис;"643094100410317";"03.02.2016";6;
собаки;метис;"643094100003412";"25.11.2008";6;
собаки;метис;"643090000001025";"10.06.2014";6;
собаки;метис;"643094100074683";"10.03.2010";6;
собаки;метис;"643094100150125";"25.07.2012";6;
собаки;метис;"643094100099959";"15.02.2011";6;
собаки;метис;"643094100373153";"26.02.2015";6;
собаки;метис;"643094100010633";"19.08.2009";6;
собаки;метис;"643094100262888";"28.03.2013";6;
собаки;метис;"643094100074587";"16.02.2010";6;
собаки;метис;"643093300036305";"14.08.2018";6;
собаки;метис;"643093300036306";"14.08.2018";6;
собаки;метис;"643094100456914";"10.10.2017";6;
собаки;метис;"643094100410030";"21.10.2015";6;
собаки;метис;"643094100410221";"06.09.2016";6;
собаки;метис;"643094100410364";"24.02.2016";6;
собаки;метис;"643094100410219";"15.04.2016";6;
собаки;метис;"643094100410318";"03.02.2016";6;
собаки;метис;"643094100125103";"12.12.2011";6;
собаки;метис;"643094100099839";"02.11.2011";6;
собаки;метис;"643094100262865";"15.01.2013";6;
собаки;метис;"643094100410315";"18.02.2016";6;
собаки;метис;"643094100410311";"13.01.2016";6;
собаки;метис;"643094100352727";"20.02.2015";6;
собаки;метис;"643094100274913";"14.05.2013";6;
собаки;метис;"643094100459114";"07.06.2017";6;
собаки;метис;"900164000426235";"30.03.2017";6;
собаки;метис;"643094100150291";"06.09.2012";6;
собаки;метис;"643094100099892";"07.11.2011";6;
собаки;метис;"643094100074747";"27.01.2010";6;
собаки;метис;"643094100087551";"13.01.2011";6;
собаки;метис;"643090000000715";"07.02.2013";6;
собаки;метис;"643094100150289";"06.02.2014";6;
собаки;метис;"643090000001033";"09.06.2014";6;
собаки;метис;"643094100274834";"05.04.2013";6;
собаки;метис;"643094100459188";"01.07.2017";6;
собаки;метис;"643094100081555";"24.02.2011";6;
собаки;метис;"643094100274979";"19.10.2019";6;
собаки;метис;"643094100262868";"14.01.2013";6;
собаки;метис;"643094100002568";"13.03.2009";6;
собаки;метис;"941000002538567";"03.11.2009";6;
собаки;метис;"643094100001597";"13.03.2009";6;
собаки;метис;"643094100352708";"29.04.2015";6;
собаки;метис;"643094100074744";"20.01.2010";6;
собаки;метис;"643094100459193";"02.08.2017";6;
собаки;метис;"643094100459198";"02.08.2017";6;
собаки;метис;"643094100459194";"02.08.2017";6;
собаки;метис;"643098100083529";"10.02.2010";6;
собаки;метис;"643094100376627";"03.08.2015";6;
собаки;метис;"941000002502692";"03.02.2009";6;
собаки;метис;"941000002599920";"17.02.2009";6;
собаки;метис;"643093300096441";"28.09.2019";6;
собаки;метис;"643094100074653";"03.08.2010";6;
собаки;метис;"643094100012090";"16.02.2009";6;
собаки;метис;"643094100370678";"22.01.2015";6;
собаки;метис;"643094100008791";"02.09.2009";6;
собаки;метис;"643094100410210";"18.10.2016";6;
собаки;метис;"643094100410204";"18.10.2016";6;
собаки;метис;"643094100099742";"29.07.2011";6;
собаки;метис;"643094100017410";"16.04.2010";6;
собаки;метис;"643094100099673";"08.11.2011";6;
собаки;метис;"643094100005867";"09.11.2009";6;
собаки;метис;"643094100410026";"28.08.2016";6;
собаки;метис;"643094100099768";"08.11.2011";6;
собаки;метис;"643094100099871";"07.11.2011";6;
собаки;метис;"643090000001026";"04.03.2014";6;
собаки;метис;"643090000352749";"23.01.2015";6;
собаки;метис;"643090000000712";"14.07.2014";6;
собаки;метис;"643094100125096";"23.11.2011";6;
собаки;метис;"643094100150139";"17.04.2012";6;
собаки;метис;"643094100144734";"07.11.2011";6;
собаки;метис;"643093300094549";"27.11.2018";6;
собаки;метис;"643090000000625";"09.06.2014";6;
собаки;метис;"643094100099717";"10.11.2011";6;
собаки;метис;"643094100099887";"08.11.2011";6;
собаки;метис;"643094100144730";"10.11.2011";6;
собаки;метис;"643094100099890";"04.03.2011";6;
собаки;метис;"941000002501970";"25.02.2009";6;
собаки;метис;"643094100152112";"13.01.2012";6;
собаки;метис;"643093300036336";"08.11.2018";6;
собаки;метис;"643094100002483";"15.02.2009";6;
собаки;метис;"643093300096331";"01.07.2019";6;
собаки;метис;"643094100081495";"18.03.2011";6;
собаки;метис;"643094100459146";"28.05.2017";6;
собаки;метис;"643094100150008";"13.03.2012";6;
собаки;метис;"941000002502240";"13.03.2009";6;
собаки;метис;"643094100410279";"29.04.2016";6;
собаки;метис;"643094100150256";"17.04.2012";6;
собаки;метис;"643094100008017";"15.02.2009";6;
собаки;метис;"643094100099659";"21.04.2011";6;
собаки;метис;"643094100274693";"13.10.2013";6;
собаки;метис;"643094100099636";"10.08.2011";6;
собаки;метис;"643094100099605";"13.01.2011";6;
собаки;метис;"643094100099953";"09.08.2011";6;
собаки;метис;"643094100459119";"26.04.2017";6;
собаки;метис;"643094100459116";"11.05.2017";6;
собаки;метис;"643094100150117";"21.02.2013";6;
собаки;метис;"643094100436262";"14.11.2016";6;
собаки;метис;"643090000000632";"06.02.2014";6;
собаки;метис;"64309410081498";"18.03.2011";6;
собаки;метис;"643094100459160";"17.02.2017";6;
собаки;метис;"643094100011688";"01.06.2009";6;
собаки;метис;"643094100099882";"11.01.2011";6;
собаки;метис;"643094100436265";"14.11.2016";6;
собаки;метис;"643094100002363";"09.02.2009";6;
собаки;метис;"643094100005939";"02.10.2009";6;
собаки;метис;"643094100099667";"07.11.2011";6;
собаки;метис;"643094100099704";"10.11.2011";6;
собаки;метис;"643094100449589,643093300096243";"29.08.2017";6;
собаки;метис;"643094100125171";"01.03.2012";6;
собаки;метис;"643090000000626";"09.06.2014";6;
собаки;метис;"941000002598567";"27.01.2009";6;
собаки;метис;"643094100150229";"26.01.2012";6;
собаки;метис;"643090000001234";"27.01.2015";6;
собаки;метис;"643094100352777";"17.03.2015";6;
собаки;метис;"643094100352779";"17.03.2015";6;
собаки;метис;"643094100099853";"10.02.2011";6;
собаки;метис;"643094100099927";"12.05.2011";6;
собаки;метис;"643094100150206";"26.03.2012";6;
собаки;метис;"643090000001086";"21.02.2014";6;
собаки;метис;"643094100125946";"19.07.2016";6;
собаки;метис;"643090000001041";"10.11.2014";6;
собаки;метис;"643094100099788";"10.11.2011";6;
собаки;метис;"643094100011014";"26.05.2009";6;
собаки;метис;"643094100410230";"28.08.2016";6;
собаки;метис;"643094100150337";"16.07.2012";6;
собаки;метис;"643094100410340";"13.01.2016";6;
собаки;метис;"643094100317650";"17.01.2014";6;
собаки;метис;"643094100099816";"15.02.2011";6;
собаки;метис;"643094100012041";"23.10.2009";6;
собаки;метис;"643090000000744";"09.06.2014";6;
собаки;метис;"643093300096429";"24.09.2019";6;
собаки;метис;"643094100012602";"23.10.2009";6;
собаки;метис;"643094100150160";"14.02.2012";6;
собаки;метис;"643094100410322";"13.01.2016";6;
собаки;метис;"643094100410337";"13.01.2016";6;
собаки;метис;"643094100262879";"29.05.2013";6;
собаки;метис;"643094100382415";"19.01.2016";6;
собаки;метис;"643094100008710";"14.08.2009";6;
собаки;метис;"643093300044053";"28.03.2018";6;
собаки;метис;"643093300044048";"20.03.2018";6;
собаки;метис;"643094100150045";"16.02.2012";6;
собаки;метис;"643094100014689";"29.05.2009";6;
собаки;метис;"643094100009377";"14.05.2009";6;
собаки;метис;"643090000001375";"17.01.2014";6;
собаки;метис;"643094100262887";"28.03.2013";6;
собаки;метис;"643094100410316";"13.01.2016";6;
собаки;метис;"643094100125176";"05.03.2012";6;
собаки;метис;"643094100370676";"22.01.2015";6;
собаки;метис;"643093300096328";"26.06.2019";6;
собаки;метис;"643093300096326";"25.06.2019";6;
собаки;метис;"643094100373155";"20.05.2015";6;
собаки;метис;"643090000000716";"14.07.2014";6;
собаки;метис;"941000002534143";"02.02.2009";6;
собаки;метис;"643094100410280";"18.04.2016";6;
собаки;метис;"643094100005045";"20.10.2009";6;
собаки;метис;"643094100274656";"28.01.2013";6;
собаки;метис;"643090000001231";"26.01.2015";6;
собаки;метис;"643093300044069";"06.03.2018";6;
собаки;метис;"643094100002157";"24.11.2008";6;
собаки;метис;"643094100099873";"25.05.2011";6;
собаки;метис;"643094100274814";"12.03.2013";6;
собаки;метис;"643094100410275";"08.12.2016";6;
собаки;метис;"643093300096444";"27.09.2019";6;
собаки;метис;"643094100449634";"01.09.2017";6;
собаки;метис;"643094100262904";"23.01.2013";6;
собаки;метис;"643090000001357";"07.03.2014";6;
собаки;метис;"643094100004767";"24.11.2009";6;
собаки;метис;"643094100011397";"16.07.09";6;
собаки;метис;"643090000001393";"11.04.2014";6;
собаки;метис;"643094100317677";"10.01.2014";6;
собаки;метис;"643094100365321";"10.12.2015";6;
собаки;метис;"643094100376634";"24.04.2015";6;
собаки;метис;"643093300044058,643093300096466";"28.03.2018";6;
собаки;метис;"643094100352732";"24.04.2015";6;
собаки;метис;"643110000072670";"27.09.2018";6;
собаки;метис;"643041001500059";"10.05.2012";6;
собаки;метис;"643094100099851";"16.06.2011";6;
собаки;метис;"643094100125867";"13.01.2012";6;
собаки;метис;"643094100410289";"15.03.2016";6;
собаки;метис;"643094100410299";"16.03.2016";6;
собаки;метис;"643094100410308";"03.03.2016";6;
собаки;метис;"941000002505681";"26.11.2008";6;
собаки;метис;"643090000001352";"27.01.2014";6;
собаки;метис;"643094100003018";"25.11.2008";6;
собаки;метис;"643094100002971";"24.11.2008";6;
собаки;метис;"643094100125165";"11.01.2012";6;
собаки;метис;"643094100410390";"29.03.2016";6;
собаки;метис;"643094100013049";"11.11.2009";6;
собаки;метис;"643094100125053";"24.01.2012";6;
собаки;метис;"643094100410022";"15.09.2016";6;
собаки;метис;"643094100410228";"15.09.2016";6;
собаки;метис;"643094100099922";"09.03.2011";6;
собаки;метис;"643094100081600";"15.03.2011";6;
собаки;метис;"643094100140328";"29.11.2011";6;
собаки;метис;"643094100150283";"21.02.2013";6;
собаки;метис;"643094100017812";"30.10.2009";6;
собаки;метис;"643094100410381";"15.04.2016";6;
собаки;метис;"643094100373089";"05.11.2015";6;
собаки;метис;"643094100005978";"04.12.2009";6;
собаки;метис;"643094100005768";"30.10.2009";6;
собаки;метис;"643094100007679";"25.08.2009";6;
собаки;метис;"643094100074620";"18.05.2010";6;
собаки;метис;"643093300036365";"08.02.2019";6;
собаки;метис;"643094100017241";"14.08.2009";6;
собаки;метис;"643094100011522";"25.08.2009";6;
собаки;метис;"643094100099951";"03.05.2011";6;
собаки;метис;"643094100007715";"16.11.2009";6;
собаки;метис;"643094100005703";"16.07.2009";6;
собаки;метис;"643094100274770";"15.04.2013";6;
собаки;метис;"643094100150269";"19.04.2012";6;
собаки;метис;"643094100009409";"30.10.2009";6;
собаки;метис;"643093300036363";"06.02.2019";6;
собаки;метис;"643094100373087";"29.01.2015";6;
собаки;метис;"643094100150253";"21.03.2012";6;
собаки;метис;"643094100459158";"23.03.2017";6;
собаки;метис;"643094100459224";"26.04.2017";6;
собаки;метис;"643094100459147";"22.05.2017";6;
собаки;метис;"643098100088807";"13.01.2011";6;
собаки;метис;"643094100001671";"02.02.2009";6;
собаки;метис;"643090000001353";"09.06.2014";6;
собаки;метис;"643094100012817";"23.10.2009";6;
собаки;метис;"643094100274943";"05.04.2013";6;
собаки;метис;"643094100456911";"09.09.2017";6;
собаки;метис;"643094100012470";"03.07.2009";6;
собаки;метис;"643098100083241";"13.01.2011";6;
собаки;метис;"643093300096338";"23.07.2019";6;
собаки;метис;"643093300096335";"19.07.2019";6;
собаки;метис;"643094100456915";"09.09.2017";6;
собаки;метис;"643094100410295";"25.03.2016";6;
собаки;метис;"643098100089185";"05.03.2009";6;
собаки;метис;"643094100099942";"29.11.2011";6;
собаки;метис;"643094100150156";"13.01.2012";6;
собаки;метис;"643094100016261";"03.02.2009";6;
собаки;метис;"643094100459232";"22.08.2017";6;
собаки;метис;"643094100150260";"17.01.2012";6;
собаки;метис;"643094100150100";"13.01.2012";6;
собаки;метис;"643094100015306";"20.02.2010";6;
собаки;метис;"643093300036323";"14.09.2018";6;
собаки;метис;"643093300036319";"11.09.2018";6;
собаки;метис;"643094100262890";"28.03.2013";6;
собаки;метис;"643094100363304";"06.02.2015";6;
собаки;метис;"643094100150276";"21.02.2013";6;
собаки;метис;"643094100370677";"22.04.2015";6;
собаки;метис;"643094100001740";"12.12.2008";6;
собаки;метис;"643094100008883";"24.08.2009";6;
собаки;метис;"643094100017069";"08.09.2009";6;
собаки;метис;"643094100099943";"03.11.2011";6;
собаки;метис;"643094100099915";"29.11.2011";6;
собаки;метис;"643094100099671";"08.11.2011";6;
собаки;метис;"643094100150005";"14.02.2012";6;
собаки;метис;"643094100150041";"16.02.2012";6;
собаки;метис;"643094100436371";"08.11.2016";6;
собаки;метис;"643094100436369";"08.11.2016";6;
собаки;метис;"643094100011314";"25.08.2009";6;
собаки;метис;"643093300036345,643110800033574";"14.11.2018";6;
собаки;метис;"643094100014507";"19.08.2009";6;
собаки;метис;"643090000000657";"11.02.2014";6;
собаки;метис;"643094100016946";"13.08.2009";6;
собаки;метис;"643094100150068";"22.01.2013";6;
собаки;метис;"643094100363301";"29.04.2015";6;
собаки;метис;"643094100011367";"06.11.2009";6;
собаки;метис;"643094100449637";"01.09.2017";6;
собаки;метис;"643094100099639";"10.08.2011";6;
собаки;метис;"643094100150218";"14.01.2013";6;
собаки;метис;"643094100099678";"13.01.2011";6;
собаки;метис;"643094100005844";"08.12.2009";6;
собаки;метис;"941000002611917";"06.02.2009";6;
собаки;метис;"643094100016655";"04.08.2009";6;
собаки;метис;"643094100008559";"10.11.2011";6;
собаки;метис;"643094100011923";"03.12.2009";6;
собаки;метис;"643094100125093";"29.11.2011";6;
собаки;метис;"643094100002739";"12.12.2008";6;
собаки;метис;"643094100150287";"16.07.2007";6;
собаки;метис;"643090000001294";"06.02.2014";6;
собаки;метис;"643094100150077";"19.07.2012";6;
собаки;метис;"643094100099855";"27.05.2011";6;
собаки;метис;"643094100449588";"30.08.2017";6;
собаки;метис;"643094100449584";"30.08.2017";6;
собаки;метис;"643094100449687";"19.09.2017";6;
собаки;метис;"643094100410162";"26.03.2016";6;
собаки;метис;"643090000001392";"14.04.2014";6;
собаки;метис;"643094100373097";"17.11.2015";6;
собаки;метис;"643093300096324";"24.06.2019";6;
собаки;метис;"643093300096325";"24.06.2019";6;
собаки;метис;"643094100274730";"05.04.2013";6;
собаки;метис;"643094100365140";"29.01.2015";6;
собаки;метис;"643090000001333";"22.07.2014";6;
собаки;метис;"643094100150361";"19.04.2012";6;
собаки;метис;"643093300096404";"21.12.2018";6;
собаки;метис;"643094100125984";"25.02.2012";6;
собаки;метис;"643094100459144";"12.04.2017";6;
собаки;метис;"643090000000718";"14.07.2014";6;
собаки;метис;"643090000001045";"31.01.2014";6;
собаки;метис;"643094100410319";"03.02.2016";6;
собаки;метис;"643094100099728";"22.07.2011";6;
собаки;метис;"643094100074707";"12.05.2010";6;
собаки;метис;"643094100099847";"08.07.2011";6;
собаки;метис;"643094100459062";"26.11.2015";6;
собаки;метис;"643094100352693";"17.03.2015";6;
собаки;метис;"643090000001326";"14.07.2014";6;
собаки;метис;"643094100410208";"04.07.2016";6;
собаки;метис;"643094100459069";"02.02.2012";6;
собаки;метис;"643094100410394";"20.11.2015";6;
собаки;метис;"643094100410393";"05.10.2016";6;
собаки;метис;"643094100274864";"11.07.2013";6;
собаки;метис;"643094100274810";"28.01.2013";6;
собаки;метис;"643094100353847";"03.03.2015";6;
собаки;метис;"643094100410246";"29.02.2016";6;
собаки;метис;"643094100410309";"29.02.2016";6;
собаки;метис;"643094100410253";"29.02.2016";6;
собаки;метис;"643094100410245";"29.02.2016";6;
собаки;метис;"643094100002073";"06.02.2009";6;
собаки;метис;"643094100459143";"12.04.2017";6;
собаки;метис;"643094100352746";"22.01.2015";6;
собаки;метис;"643094100011315";"16.09.2009";6;
собаки;метис;"643094100459070";"21.04.2009";6;
собаки;метис;"643094100274698";"07.02.2013";6;
собаки;метис;"643094100081407";"11.02.2011";6;
собаки;метис;"643094100003177";"15.02.2009";6;
собаки;метис;"643094100012415";"01.06.2009";6;
собаки;метис;"643094100150307";"21.03.2012";6;
собаки;метис;"643094100373144";"20.05.2015";6;
собаки;метис;"643094100365045";"18.02.2015";6;
собаки;метис;"643094100410254";"01.07.2016";6;
собаки;метис;"643094100100000";"06.06.2011";6;
собаки;метис;"643094100017562";"19.04.2010";6;
собаки;метис;"643094100373140";"03.03.2015";6;
собаки;метис;"941000002610395";"04.02.2009";6;
собаки;метис;"643090000001317";"06.02.2014";6;
собаки;метис;"643090000001346";"15.07.2014";6;
собаки;метис;"643098100072982";"01.02.2010";6;
собаки;метис;"643090000353854";"22.03.2015";6;
собаки;метис;"643090000000754";"27.01.2015";6;
собаки;метис;"643090000352750";"05.02.2010";6;
собаки;метис;"643094100016486";"23.09.2013";6;
собаки;метис;"643094100459238";"29.08.2017";6;
собаки;метис;"643094100449632";"31.08.2017";6;
собаки;метис;"643094100274935";"23.09.2013";6;
собаки;метис;"643094100436365";"18.11.2016";6;
собаки;метис;"643094100410165";"24.05.2016";6;
собаки;метис;"643094100274954";"10.06.2013";6;
собаки;метис;"643090000000705";"31.01.2014";6;
собаки;метис;"941000001992789";"02.02.2009";6;
собаки;метис;"643090000001385";"11.04.2014";6;
собаки;метис;"643094100291560";"06.02.2014";6;
собаки;метис;"643094100291569";"21.02.2014";6;
собаки;метис;"643094100099924";"24.06.2011";6;
собаки;метис;"643094100150099";"21.06.2012";6;
собаки;метис;"643098100086843";"02.02.2009";6;
собаки;метис;"643094100081305";"18.03.2011";6;
собаки;метис;"643094100005745";"18.08.2009";6;
собаки;метис;"643094100459142";"12.04.2017";6;
собаки;метис;"643094100436295";"30.11.2016";6;
собаки;метис;"643094100150188";"26.01.2012";6;
собаки;метис;"643094100160063";"23.01.2016";6;
собаки;метис;"643094100001968";"31.01.2014";6;
собаки;метис;"643090000001472";"05.03.2009";6;
собаки;метис;"643094100125144";"17.01.2012";6;
собаки;метис;"643090000000654";"11.02.2014";6;
собаки;метис;"643094100074754";"31.03.2010";6;
собаки;метис;"643094100074673";"16.06.2010";6;
собаки;метис;"643094100074769";"27.02.2010";6;
собаки;метис;"643090000001390";"14.04.2014";6;
собаки;метис;"643094100410387";"30.03.2016";6;
собаки;метис;"643094100410379";"08.02.2016";6;
собаки;метис;"643094100410378";"08.02.2016";6;
собаки;метис;"643094100150134";"06.09.2012";6;
собаки;метис;"643090000001327";"17.01.2014";6;
собаки;метис;"643094100370671";"04.06.2015";6;
собаки;метис;"643094100382413";"03.03.2015";6;
собаки;метис;"643094100262925";"15.03.2013";6;
собаки;метис;"643094100074589";"03.02.2010";6;
собаки;метис;"643094100410386";"07.04.2016";6;
собаки;метис;"643094100150157";"21.03.2012";6;
собаки;метис;"643094100150184";"26.03.2012";6;
собаки;метис;"643094100410281";"29.02.2016";6;
собаки;метис;"643094100353805";"23.03.2015";6;
собаки;метис;"643090000001088";"27.01.2014";6;
собаки;метис;"643094100099808";"04.04.2011";6;
собаки;метис;"643094100373091";"28.04.2015";6;
собаки;метис;"643093300027632";"06.07.2018";6;
собаки;метис;"643093300027633";"06.07.2018";6;
собаки;метис;"643094100150065";"10.05.2012";6;
собаки;метис;"643098100069555";"12.01.2011";6;
собаки;метис;"643090000001258";"31.01.2014";6;
собаки;метис;"643098100081540";"28.07.2009";6;
собаки;метис;"643094100001506";"03.02.2009";6;
собаки;метис;"643090000001332";"12.05.2014";6;
собаки;метис;"643094100002823";"24.02.2009";6;
собаки;метис;"643094100016975";"27.02.2010";6;
собаки;метис;"643094100074796";"27.02.2010";6;
собаки;метис;"643094100003303";"12.02.2009";6;
собаки;метис;"643094100373093";"25.11.2015";6;
собаки;метис;"643094100410258";"08.06.2016";6;
собаки;метис;"643090000001285";"06.02.2014";6;
собаки;метис;"643094100365348";"07.09.2015";6;
собаки;метис;"643094100365349";"26.02.2015";6;
собаки;метис;"643094100014519";"25.08.2009";6;
собаки;метис;"643090000001243";"31.01.2014";6;
собаки;метис;"643094100150052";"18.01.2012";6;
собаки;метис;"643094100317657";"10.01.2014";6;
собаки;метис;"643094100410250";"29.02.2016";6;
собаки;метис;"643094100099852";"08.07.2011";6;
собаки;метис;"643090000001381";"06.02.2014";6;
собаки;метис;"643094100370673";"22.01.2015";6;
собаки;метис;"643094100410396";"05.10.2016";6;
собаки;метис;"643094100410392";"05.10.2016";6;
собаки;метис;"643094100410395";"05.10.2016";6;
собаки;метис;"643094100001958";"03.02.2009";6;
собаки;метис;"643094100099939";"06.06.2011";6;
собаки;метис;"643094100150233";"04.04.2012";6;
собаки;метис;"643094100459067";"02.02.2009";6;
собаки;метис;"643094100352733";"24.04.2015";6;
собаки;метис;"643094100099607";"10.05.2011";6;
собаки;метис;"643094100291556";"17.02.2014";6;
собаки;метис;"643094100125098";"29.11.2011";6;
собаки;метис;"643094100003414";"11.01.2009";6;
собаки;метис;"643090000001310";"28.04.2014";6;
собаки;метис;"941000002505547";"04.02.2009";6;
собаки;метис;"643094100074721";"18.01.2010";6;
собаки;метис;"643094100002468";"15.01.2009";6;
собаки;метис;"941000002533625";"13.01.2009";6;
собаки;метис;"643094100144739";"08.11.2011";6;
собаки;метис;"643094100018080";"24.03.2010";6;
собаки;метис;"643094100150286";"16.07.2012";6;
собаки;метис;"643094410125099";"23.11.2011";6;
собаки;метис;"941000002591811";"15.01.2009";6;
собаки;метис;"643094100002814";"11.01.2009";6;
собаки;метис;"643098100086342";"13.01.2011";6;
собаки;метис;"643090000000753";"27.05.2014";6;
собаки;метис;"643094100125147";"24.02.2012";6;
собаки;метис;"643094100015033";"25.08.2009";6;
собаки;метис;"643094100125087";"01.03.2012";6;
собаки;метис;"643094100150162";"24.04.2012";6;
собаки;метис;"643094100099849";"04.07.2011";6;
собаки;метис;"643098100079955";"12.01.2011";6;
собаки;метис;"643093300094661";"06.10.2018";6;
собаки;метис;"643094100014627";"07.10.2009";6;
собаки;метис;"643093300096427";"18.09.2019";6;
собаки;метис;"643093300094660";"06.10.2018";6;
собаки;метис;"643094100459077";"03.12.2009";6;
собаки;метис;"643094100099720";"19.01.2011";6;
собаки;метис;"643094100074658";"22.07.2010";6;
собаки;метис;"643094100099836";"07.09.2011";6;
собаки;метис;"643094100459117";"08.05.2017";6;
собаки;метис;"643094100150127";"14.01.2013";6;
собаки;метис;"643094100410343";"05.02.2016";6;
собаки;метис;"643094100099705";"10.02.2011";6;
собаки;метис;"643094100099646";"04.07.2011";6;
собаки;метис;"643094100410314";"18.02.2016";6;
собаки;метис;"643094100459150";"22.05.2017";6;
собаки;метис;"643094100099719";"28.09.2011";6;
собаки;метис;"643094100410313";"15.02.2016";6;
собаки;метис;"643094100150243";"24.01.2012";6;
собаки;метис;"643094100099656";"01.03.2011";6;
собаки;метис;"643094100099807";"01.03.2011";6;
собаки;метис;"643094100410205";"18.10.2016";6;
собаки;метис;"643090000001235";"22.01.2015";6;
собаки;метис;"643090000001221";"22.01.2015";6;
собаки;метис;"643094100125197";"11.01.2012";6;
собаки;метис;"643094100125141";"11.01.2012";6;
собаки;метис;"643094100003415";"25.11.2008";6;
собаки;метис;"643094100011981";"01.06.2009";6;
собаки;метис;"643094100012308";"26.05.2009";6;
собаки;метис;"643094100370730";"20.02.2015";6;
собаки;метис;"643110800037867";"29.08.2018";6;
собаки;метис;"643093300027628";"19.06.2018";6;
собаки;метис;"643094100459118";"08.05.2017";6;
собаки;метис;"643094100373186";"15.09.2015";6;
собаки;метис;"643094100373187";"15.09.2015";6;
собаки;метис;"643094100376640";"22.04.2015";6;
собаки;метис;"643093300027636";"17.07.2018";6;
собаки;метис;"643093300027638";"17.07.2018";6;
собаки;метис;"643093300027639";"20.07.2018";6;
собаки;метис;"643094100352793";"22.01.2015";6;
собаки;метис;"643094100436370";"08.11.2016";6;
собаки;метис;"643094100074652";"04.06.2010";6;
собаки;метис;"643094100125137";"11.01.2012";6;
собаки;метис;"643090000001232";"26.01.2015";6;
собаки;метис;"643090000001238";"26.01.2015";6;
собаки;метис;"643094100459149";"22.05.2017";6;
собаки;метис;"643094100150271";"13.01.2012";6;
собаки;метис;"643094100150266";"13.01.2012";6;
собаки;метис;"941000002535132";"04.02.2009";6;
собаки;метис;"643094100010566,643093300064469";"05.05.2009";6;
собаки;метис;"643094100459108";"02.03.2011";6;
собаки;метис;"643090000001468";"27.01.2014";6;
собаки;метис;"643098100080695";"22.07.2010";6;
собаки;метис;"643094100459120";"05.05.2017";6;
собаки;метис;"643094100150046";"31.07.2017";6;
собаки;метис;"643090000001224";"06.02.2015";6;
собаки;метис;"643094100436373";"12.10.2016";6;
собаки;метис;"643094100436374";"12.10.2016";6;
собаки;метис;"643094100003429";"30.10.2009";6;
собаки;метис;"941000002610085";"24.11.2008";6;
собаки;метис;"643094100410203";"14.10.2016";6;
собаки;метис;"643094100410223";"03.08.2016";6;
собаки;метис;"643090000352744";"22.01.2015";6;
собаки;метис;"643094100376639";"22.04.2015";6;
собаки;метис;"643094100376637";"04.06.2015";6;
собаки;метис;"643090000001331";"12.05.2014";6;
собаки;метис;"643094100410388";"24.03.2016";6;
собаки;метис;"643094100074770";"15.07.2010";6;
собаки;метис;"643094100017461";"02.03.2010";6;
собаки;метис;"643094100017486";"18.01.2010";6;
собаки;метис;"643094100015360";"03.02.2010";6;
собаки;метис;"643090000001222";"26.01.2015";6;
собаки;метис;"643094100376602";"22.01.2015";6;
собаки;метис;"643094100365324";"20.11.2015";6;
собаки;метис;"643094100365325";"20.11.2015";6;
собаки;метис;"643094100410376";"13.01.2016";6;
собаки;метис;"643094100012340";"02.09.2009";6;
собаки;метис;"643093300094650";"25.09.2018";6;
собаки;метис;"643094100150102";"14.01.2013";6;
собаки;метис;"643093300036374";"25.02.2019";6;
собаки;метис;"941000002607099";"04.02.2009";6;
собаки;метис;"643094100459073";"24.03.2016";6;
собаки;метис;"643094100410389";"24.03.2016";6;
собаки;метис;"643094100081560";"09.03.2011";6;
собаки;метис;"643094100125878";"14.02.2012";6;
собаки;метис;"643094100376732";"22.01.2015";6;
собаки;метис;"643094100373143";"19.10.2015";6;
собаки;метис;"643094100373149";"14.10.2015";6;
собаки;метис;"643094100150113";"14.01.2013";6;
собаки;метис;"643094100376638";"22.04.2015";6;
собаки;метис;"643094100410361";"13.01.2016";6;
собаки;метис;"643094100150301";"17.04.2012";6;
собаки;метис;"643098100080308,643094100081400";"13.01.2011";6;
собаки;метис;"941000002597198";"09.12.2008";6;
собаки;метис;"643094100074539";"24.02.2010";6;
собаки;метис;"643094100074719";"03.02.2010";6;
собаки;метис;"643094100012084";"14.05.2009";6;
собаки;метис;"643094100015622";"12.05.2010";6;
собаки;метис;"643094100081545";"15.02.2011";6;
собаки;метис;"941000002501141";"02.02.2009";6;
собаки;метис;"643094100150094";"17.01.2012";6;
собаки;метис;"643094100150108";"17.01.2012";6;
собаки;метис;"643094100410201";"08.11.2016";6;
собаки;метис;"643094100410207";"08.11.2016";6;
собаки;метис;"643094100150251";"15.05.2012";6;
собаки;метис;"643094100081428";"10.02.2011";6;
собаки;метис;"643094100150347";"24.04.2012";6;
собаки;метис;"643094100099973";"09.03.2011";6;
собаки;метис;"643094100150131";"17.01.2012";6;
собаки;метис;"643094100410365";"18.02.2016";6;
собаки;метис;"643090000001230";"26.01.2015";6;
собаки;метис;"643094100150086";"17.01.2012";6;
собаки;метис;"643094100150217";"17.01.2012";6;
собаки;метис;"643094100274900";"15.04.2013";6;
собаки;метис;"643094100410303";"13.01.2016";6;
собаки;метис;"941000002597248";"10.02.2009";6;
собаки;метис;"643090000001027";"06.02.2014";6;
собаки;метис;"643094100150228";"14.01.2013";6;
собаки;метис;"643093300094651";"25.09.2018";6;
собаки;метис;"941000002592853";"13.03.2009";6;
собаки;метис;"643094100099913";"21.01.2011";6;
собаки;метис;"941000002521433";"20.01.2009";6;
собаки;метис;"643094100376624";"07.08.2015";6;
собаки;метис;"941000002600986";"02.02.2009";6;
собаки;метис;"643094100074508";"05.04.2010";6;
собаки;метис;"643094100459112";"19.06.2017";6;
собаки;метис;"941000002535755";"06.02.2009";6;
собаки;метис;"643094100125032";"12.01.2012";6;
собаки;метис;"643090000000612";"05.03.2014";6;
собаки;метис;"643094100125193";"12.01.2012";6;
собаки;метис;"643094100459155";"25.04.2017";6;
собаки;метис;"643098100084613";"05.08.2017";6;
собаки;метис;"643094100352783";"16.07.2015";6;
собаки;метис;"643094100006100";"02.04.2009";6;
собаки;метис;"643094100010505";"19.08.2009";6;
собаки;метис;"643094100007636";"06.11.2009";6;
собаки;метис;"643094100125143";"17.01.2012";6;
собаки;метис;"643094100150196";"30.04.2012";6;
собаки;метис;"643094100410171";"28.09.2016";6;
собаки;метис;"643094100002958";"02.03.2009";6;
собаки;метис;"643093300096406";"12.01.2019";6;
собаки;метис;"643094100376734";"25.09.2015";6;
собаки;метис;"643094100436376";"26.10.2016";6;
собаки;метис;"643090000001348";"15.07.2014";6;
собаки;метис;"643094100365347";"07.09.2015";6;
собаки;метис;"643094100125105";"14.02.2012";6;
собаки;метис;"643093300036335";"08.11.2018";6;
собаки;метис;"643094100150109";"22.01.2013";6;
собаки;метис;"643094100449581";"28.05.2009";6;
собаки;метис;"643093300096943";"21.08.2019";6;
собаки;метис;"643094100005913";"03.12.2009";6;
собаки;метис;"643093300036324";"18.09.2018";6;
собаки;метис;"643093300094646";"18.09.2018";6;
собаки;метис;"643098100074675";"07.05.2010";6;
собаки;метис;"643094100009403";"02.09.2009";6;
собаки;метис;"941000002500602";"16.03.2009";6;
собаки;метис;"643094100001803";"06.02.2009";6;
собаки;метис;"643094100274714";"01.09.2013";6;
собаки;метис;"643094100365345";"26.02.2015";6;
собаки;метис;"643094100459111";"19.06.2017";6;
собаки;метис;"643094100074710";"27.01.2010";6;
собаки;метис;"643094100436380";"18.11.2016";6;
собаки;метис;"643094100125952";"24.02.2012";6;
собаки;метис;"643098100069510";"13.01.2010";6;
собаки;метис;"941000002605633";"02.02.2009";6;
собаки;метис;"643094100011487";"09.02.2009";6;
собаки;метис;"643098100080443";"14.01.2010";6;
собаки;метис;"643094100074800";"12.02.2010";6;
собаки;метис;"643094100352745";"22.01.2015";6;
собаки;метис;"643094100449681";"04.12.2015";6;
собаки;метис;"972270000305166";"27.10.2015";6;
собаки;метис;"972270000188092";"27.10.2015";6;
собаки;метис;"643094100410166";"06.06.2016";6;
собаки;метис;"643094100410164";"03.06.2016";6;
собаки;метис;"643094100150181";"12.03.2012";6;
собаки;метис;"643094100376623";"20.05.2015";6;
собаки;метис;"643094100003202";"04.03.2009";6;
собаки;метис;"643090000000711";"01.04.2014";6;
собаки;метис;"972270000344371";"16.02.2016";6;
собаки;метис;"643094100376632";"03.08.2015";6;
собаки;метис;"643094100353803";"24.03.2015";6;
собаки;метис;"643094100376631";"03.08.2015";6;
собаки;метис;"643094100373085";"10.09.2015";6;
собаки;метис;"643094100382412";"30.10.2015";6;
собаки;метис;"643094100074651";"10.02.2010";6;
собаки;метис;"941000002605567";"03.02.2009";6;
собаки;метис;"643094100365344";"06.08.2015";6;
собаки;метис;"643094100011984";"25.05.2009";6;
собаки;метис;"643094100410277";"06.05.2016";6;
собаки;метис;"643094100262903";"05.04.2013";6;
собаки;метис;"643094100013179";"26.11.2009";6;
собаки;метис;"643094100376609";"24.04.2015";6;
собаки;метис;"643094100410380";"08.02.2016";6;
собаки;метис;"643094100006267";"26.05.2009";6;
собаки;метис;"643094100459187";"31.03.2010";6;
собаки;метис;"643094100410397";"10.10.2016";6;
собаки;метис;"643094100459223";"12.04.2017";6;
собаки;метис;"643094100410273";"18.05.2016";6;
собаки;метис;"643094100013444";"25.05.2009";6;
собаки;метис;"643094100262991";"15.03.2013";6;
собаки;метис;"643094100262932";"10.06.2013";6;
собаки;метис;"643094100410272";"18.05.2016";6;
собаки;метис;"643094100365173";"30.11.2015";6;
собаки;метис;"643094100262885";"10.06.2013";6;
собаки;метис;"643094100376735";"08.09.2015";6;
собаки;метис;"643094100274963";"23.01.2013";6;
собаки;метис;"643094100007677";"25.05.2009";6;
собаки;метис;"643094100012002";"16.02.2009";6;
собаки;метис;"643094100011652";"01.06.2009";6;
собаки;метис;"643093300044052";"14.01.2018";6;
собаки;метис;"643094100449686";"05.09.2017";6;
собаки;метис;"643094100011760";"25.05.2009";6;
собаки;метис;"643094100010552";"05.05.2009";6;
собаки;метис;"643094100363364";"22.04.2015";6;
собаки;метис;"643094100079049";"18.01.2011";6;
собаки;метис;"643090000352748";"18.02.2015";6;
собаки;метис;"643094100370729";"20.02.2015";6;
собаки;метис;"941000002503616";"31.03.2009";6;
собаки;метис;"643094100274942";"22.05.2013";6;
собаки;метис;"643094100011814";"25.08.2009";6;
собаки;метис;"643094100005821";"13.08.2009";6;
собаки;метис;"643094100410180";"23.11.2015";6;
собаки;метис;"643093300044060";"27.01.2018";6;
собаки;метис;"643093300044061";"27.01.2018";6;
собаки;метис;"643093300096327";"26.06.2019";6;
собаки;метис;"643094100006217";"25.05.2009";6;
собаки;метис;"643094100352741";"06.02.2015";6;
собаки;метис;"941000002521936";"18.08.2009";6;
собаки;метис;"643094100005976";"05.10.2009";6;
собаки;метис;"643094100012388";"05.10.2009";6;
собаки;метис;"643094100410310";"29.02.2016";6;
собаки;метис;"643094100376625";"20.05.2015";6;
собаки;метис;"643090000000756";"10.06.2014";6;
собаки;метис;"643094100018121";"05.10.2009";6;
собаки;метис;"643094100002428";"15.02.2009";6;
собаки;метис;"643094100410346";"02.02.2016";6;
собаки;метис;"643094100011066";"25.05.2009";6;
собаки;метис;"643094100017387";"08.04.2010";6;
собаки;метис;"643094100365346";"07.09.2015";6;
собаки;метис;"643094100016128";"03.02.2010";6;
собаки;метис;"643094100099689";"15.11.2011";6;
собаки;метис;"643094100365343";"03.09.2015";6;
собаки;метис;"643094100382416";"28.10.2015";6;
собаки;метис;"643094100382419";"30.10.2015";6;
собаки;метис;"643094100373152";"30.10.2015";6;
собаки;метис;"941000002517326";"04.02.2009";6;
собаки;метис;"643090000365044";"25.02.2015";6;
собаки;метис;"941000002503988";"04.02.2009";6;
собаки;метис;"643094100262866";"10.06.2013";6;
собаки;метис;"643090000001259";"26.08.2015";6;
собаки;метис;"643094100016512";"18.01.2012";6;
собаки;метис;"643094100410025";"15.09.2016";6;
собаки;метис;"643094100291551";"21.02.2014";6;
собаки;метис;"643094100262715";"15.04.2013";6;
собаки;метис;"643094100449711";"06.05.2016";6;
собаки;метис;"643094100011863";"05.05.2009";6;
собаки;метис;"643094100274820";"01.09.2013";6;
собаки;метис;"941000002604747,643093300096468";"24.11.2008";6;
собаки;метис;"643094100002886";"06.02.2009";6;
собаки;метис;"643094100012318";"09.02.2009";6;
собаки;метис;"643094100015226";"24.03.2010";6;
собаки;метис;"643093300036301";"27.07.2018";6;
собаки;метис;"643094100291555";"11.02.2014";6;
собаки;метис;"643094100010706";"24.11.2009";6;
собаки;метис;"643094100449714,643093300096464";"14.12.2015";6;
собаки;метис;"643094100015394";"01.01.2010";6;
собаки;метис;"643094100074690";"12.02.2010";6;
собаки;метис;"643094100144738";"23.11.2011";6;
собаки;метис;"643094100410023";"04.06.2015";6;
собаки;метис;"643094100005930";"03.02.2011";6;
собаки;метис;"643093300036321";"12.09.2018";6;
собаки;метис;"643098100084800";"03.02.2011";6;
собаки;метис;"643094100367632";"16.03.2015";6;
собаки;метис;"643093300094708";"21.05.2019";6;
собаки;метис;"643094100099988";"23.05.2011";6;
собаки;метис;"643094100125198";"13.01.2012";6;
собаки;метис;"643094100010960";"24.11.2009";6;
собаки;метис;"643094100353806";"20.03.2015";6;
собаки;метис;"643090000353855";"22.03.2015";6;
собаки;метис;"643094100074738";"27.01.2010";6;
собаки;метис;"643094100125963";"21.02.2012";6;
собаки;метис;"643094100015416";"01.01.2010";6;
собаки;метис;"643095300105658";"27.05.2014";6;
собаки;метис;"643094100376606";"26.08.2015";6;
собаки;метис;"643098100075855";"13.10.2010";6;
собаки;метис;"643093300036318";"10.09.2018";6;
собаки;метис;"643098100074731";"14.01.2010";6;
собаки;метис;"643094100459113";"13.06.2017";6;
собаки;метис;"643098100015247";"17.02.2010";6;
собаки;метис;"643094100291553";"11.02.2014";6;
собаки;метис;"643098100005855";"03.12.2009";6;
собаки;метис;"643094100436367";"09.11.2016";6;
собаки;метис;"643094100436266";"09.11.2016";6;
собаки;метис;"643094100012664";"03.12.2009";6;
собаки;метис;"643094100074717";"07.04.2010";6;
собаки;метис;"643094100410242";"16.03.2016";6;
собаки;метис;"643094100099923";"09.03.2011";6;
собаки;метис;"643094100262836";"05.04.2013";6;
собаки;метис;"643094100262750";"05.04.2013";6;
собаки;метис;"643094100015640";"03.03.2010";6;
собаки;метис;"643094100073777";"14.02.2010";6;
собаки;метис;"643090000000649";"11.02.2014";6;
собаки;метис;"643094100410029";"06.09.2016";6;
собаки;метис;"643094100016160";"26.03.2010";6;
собаки;метис;"643094100376607";"29.01.2015";6;
собаки;метис;"643094100376608,643093300096470";"24.04.2015";6;
собаки;метис;"643093300094699";"06.05.2019";6;
собаки;метис;"643094100274777";"21.06.2014";6;
собаки;метис;"643094100410168";"06.06.2016";6;
собаки;метис;"643094100410284";"15.03.2016";6;
собаки;метис;"643093300096334";"05.07.2019";6;
собаки;метис;"643093300094610";"06.03.2019";6;
собаки;метис;"643093300094614";"07.03.2019";6;
собаки;метис;"643093300036366";"11.02.2019";6;
собаки;метис;"643093300094611";"07.03.2019";6;
собаки;метис;"643093300094613";"07.03.2019";6;
собаки;метис;"643093300096416";"29.01.2019";6;
собаки;метис;"643093300096417";"29.01.2019";6;
собаки;метис;"643093300035307";"16.04.2018";6;
собаки;метис;"643093300036334";"06.11.2018";6;
собаки;метис;"643094100459106";"14.08.2017";6;
собаки;метис;"643094100459105,643093300096463";"14.08.2017";6;
собаки;метис;"643093300096431";"27.09.2019";6;
собаки;метис;"643093300044059";"12.03.2018";6;
собаки;метис;"643093300094649";"21.09.2018";6;
собаки;метис;"643094100436375";"26.10.2016";6;
собаки;метис;"643094100373147";"03.06.2015";6;
собаки;метис;"643093300036326";"19.10.2018";6;
собаки;метис;"643093300096418";"31.01.2019";6;
собаки;метис;"643093300096420";"31.01.2019";6;
собаки;метис;"643094100456918";"08.09.2017";6;
собаки;метис;"643093300036330";"30.10.2018";6;
собаки;метис;"643093300036369";"16.02.2019";6;
собаки;метис;"643093300096396";"18.12.2018";6;
собаки;метис;"643094100126005";"13.01.2012";6;
собаки;метис;"643090000001469";"09.06.2014";6;
собаки;метис;"643093300094709";"22.05.2019";6;
собаки;метис;"643093300094707";"23.05.2019";6;
собаки;метис;"643093300036317";"06.09.2018";6;
собаки;метис;"643093300036344";"13.11.2018";6;
собаки;метис;"643093300096402";"20.12.2018";6;
собаки;метис;"643093300094551";"28.11.2018";6;
собаки;метис;"643094100456919";"08.09.2017";6;
собаки;метис;"643094100449640";"31.08.2017";6;
собаки;метис;"643093300094598";"25.02.2019";6;
собаки;метис;"643093300036368";"15.02.2019";6;
собаки;метис;"643093300094596";"25.02.2019";6;
собаки;метис;"643093300096935";"08.08.2019";6;
собаки;метис;"643093300096930";"08.08.2019";6;
собаки;метис;"643093300096931";"08.08.2019";6;
собаки;метис;"643093300094700";"06.05.2019";6;
собаки;метис;"643093300094701";"06.05.2019";6;
собаки;метис;"643093300094698";"06.05.2019";6;
собаки;метис;"643093300094599";"01.03.2019";6;
собаки;метис;"643093300094600";"01.03.2019";6;
собаки;метис;"643093300094602";"01.03.2019";6;
собаки;метис;"643093300036338";"11.11.2018";6;
собаки;метис;"643093300036337";"11.11.2018";6;
собаки;метис;"643093300035314";"15.05.2018";6;
собаки;метис;"643093300035313";"15.05.2018";6;
собаки;метис;"643093300096940";"30.08.2019";6;
собаки;метис;"643093300096938";"30.08.2019";6;
собаки;метис;"643093300096945";"30.08.2019";6;
собаки;метис;"643093300036352";"04.02.2019";6;
собаки;метис;"643093300096424";"16.09.2019";6;
собаки;метис;"643093300036353";"04.02.2019";6;
собаки;метис;"643093300036357";"05.02.2019";6;
собаки;метис;"643093300036356";"05.02.2019";6;
собаки;метис;"643093300036351";"04.02.2019";6;
собаки;метис;"643093300096409";"21.01.2019";6;
собаки;метис;"643093300096410";"21.01.2019";6;
собаки;метис;"643093300096411";"21.01.2019";6;
собаки;метис;"643093300036372";"20.02.2019";6;
собаки;метис;"643093300036373";"20.02.2019";6;
собаки;метис;"643093300096932";"08.08.2019";6;
собаки;метис;"643093300096933";"08.08.2019";6;
собаки;метис;"643093300096934";"08.08.2019";6;
собаки;метис;"643093300096408";"21.01.2019";6;
собаки;метис;"643093300096412";"21.01.2019";6;
собаки;метис;"643093300094702";"07.05.2019";6;
собаки;метис;"643093300094704";"07.05.2019";6;
собаки;метис;"643093300094606";"05.03.2019";6;
собаки;метис;"643093300094607";"05.03.2019";6;
собаки;метис;"643093300096340";"23.07.2019";6;
собаки;метис;"643093300036359";"05.02.2019";6;
собаки;метис;"643093300036358";"05.02.2019";6;
собаки;метис;"643093300036371";"18.02.2019";6;
собаки;метис;"643093300094546";"23.11.2018";6;
собаки;метис;"643093300094547";"23.11.2018";6;
собаки;метис;"643093300094713";"29.05.2019";6;
собаки;метис;"643093300094715";"29.05.2019";6;
собаки;метис;"643093300094714";"29.05.2019";6;
собаки;метис;"643093300094601";"01.03.2019";6;
собаки;метис;"643093300094603";"01.03.2019";6;
собаки;метис;"643093300094604";"01.03.2019";6;
собаки;метис;"643093300044072";"15.02.2018";6;
собаки;метис;"643093300044067";"15.02.2018";6;
собаки;метис;"643093300044049";"14.12.2017";6;
собаки;метис;"643093300044051";"03.04.2018";6;
собаки;метис;"643093300044055";"05.04.2018";6;
собаки;метис;"643093300096337";"16.07.2019";6;
собаки;метис;"643093300094662";"06.10.2018";6;
собаки;метис;"643093300036329";"25.10.2018";6;
собаки;метис;"643093300094653";"27.09.2018";6;
собаки;метис;"643093300036320";"11.09.2018";6;
собаки;метис;"643093300036322";"14.09.2018";6;
собаки;метис;"643094100459222";"12.04.2017";6;
собаки;метис;"643093300044066";"14.03.2018";6;
собаки;метис;"643093300094648";"19.09.2018";6;
собаки;метис;"643093300036314";"27.08.2018";6;
собаки;метис;"643094100436379";"08.12.2016";6;
собаки;метис;"643094100436228";"08.12.2016";6;
собаки;метис;"643093300027647";"25.07.2018";6;
собаки;метис;"643093300027648";"25.07.2018";6;
собаки;метис;"643093300044063";"19.02.2018";6;
собаки;метис;"643093300044068";"31.01.2018";6;
собаки;метис;"643093300044065";"31.01.2018";6;
собаки;метис;"643094100436364,643093300096465";"10.10.2016";6;
собаки;метис;"643094100436225";"02.12.2016";6;
собаки;метис;"643094100459154";"25.04.2017";6;
собаки;метис;"643094100459152";"25.04.2017";6;
собаки;метис;"643093300036312";"22.08.2018";6;
собаки;метис;"643093300036313";"22.08.2018";6;
собаки;метис;"643093300035319";"28.05.2018";6;
собаки;метис;"643093300096329";"01.07.2019";6;
собаки;метис;"643093300094566";"12.12.2018";6;
собаки;метис;"643093300096401";"20.12.2018";6;
собаки;метис;"643093300094560";"06.12.2018";6;
собаки;метис;"643093300044054";"05.04.2019";6;
собаки;метис;"643094100410300";"08.04.2019";6;
собаки;метис;"643093300096332";"11.07.2019.";6;
собаки;метис;"643093300036333";"06.11.2018";6;
собаки;метис;"643094100410225";"16.09.2016";6;
собаки;метис;"643093300094669";"16.10.2018";6;
собаки;метис;"643093300094557";"05.12.2018";6;
собаки;метис;"643093300044056";"10.04.2018";6;
собаки;метис;"643094100459237";"22.08.2017";6;
собаки;метис;"643093300094720";"13.06.2019";6;
собаки;метис;"643093300027643";"12.07.2018";6;
собаки;метис;"643093300027631";"05.07.2018";6;
собаки;метис;"643093300027630";"05.07.2018";6;
собаки;метис;"643093300096403";"20.12.2018";6;
собаки;метис;"643093300094567";"14.12.2018";6;
собаки;метис;"643093300094568";"14.12.2018";6;
собаки;метис;"643093300094563";"12.12.2018";6;
собаки;метис;"643093300094569";"15.12.2018";6;
собаки;метис;"643093300094570";"15.12.2018";6;
собаки;метис;"643093300096924";"07.08.2019";6;
собаки;метис;"643093300096929";"07.08.2019";6;
собаки;метис;"643093300096926";"07.08.2019";6;
собаки;метис;"643093300094555";"04.12.2018";6;
собаки;метис;"643093300094556";"04.12.2018";6;
собаки;метис;"643093300094655";"27.09.2018";6;
собаки;метис;"643093300094654";"27.09.2018";6;
собаки;метис;"643093300094554,643093300096461";"29.11.2018";6;
собаки;метис;"643093300094552";"29.11.2018";6;
собаки;метис;"643093300094553";"29.11.2018";6;
собаки;метис;"643093300094608";"05.03.2019";6;
собаки;метис;"643093300036339";"11.11.2018";6;
собаки;метис;"643093300036340";"11.11.2018";6;
собаки;метис;"643093300036341";"11.11.2018";6;
собаки;метис;"643093300094550";"27.11.2018";6;
собаки;метис;"643093300094561,643093300096460";"07.12.2018";6;
собаки;метис;"643093300096323";"21.06.2019";6;
собаки;метис;"643093300096414";"21.01.2019";6;
собаки;метис;"643093300096413";"21.01.2019";6;
собаки;метис;"643093300096397";"18.12.2018";6;
собаки;метис;"643093300036361";"05.02.2019";6;
собаки;метис;"643093300036355";"04.02.2019";6;
собаки;метис;"643093300036362";"05.02.2019";6;
собаки;метис;"643093300094562";"07.12.2018";6;
собаки;метис;"643093300036343";"13.11.2018";6;
собаки;метис;"643093300094670";"18.10.2018";6;
собаки;метис;"643093300036325,643093300096458";"18.10.2018";6;
собаки;метис;"643093300036342";"13.11.2018";6;
собаки;метис;"643093300094564";"12.12.2018";6;
собаки;метис;"643094100459156";"23.03.2017";6;
собаки;метис;"643094100459228";"12.04.2017";6;
собаки;метис;"643094100456917";"08.09.2017";6;
собаки;метис;"643094100365139";"14.09.2017";6;
собаки;метис;"643094100436270";"09.11.2016";6;
собаки;метис;"643093300094618";"03.04.2019";6;
собаки;метис;"643094100449688";"05.09.2017";6;
собаки;метис;"643094100449587";"30.08.2017";6;
собаки;метис;"643093300036348";"23.11.2018";6;
собаки;метис;"643093300036346";"22.11.2018";6;
собаки;метис;"643093300036349";"23.11.2018";6;
собаки;метис;"643093300036347";"22.11.2018";6;
собаки;метис;"643094100274856";"31.07.2013";6;
собаки;метис;"643093300035321";"06.06.2018";6;
собаки;метис;"643093300035302";"10.04.2018";6;
собаки;метис;"643093300036316";"03.09.2018";6;
собаки;метис;"643094100436377";"01.11.2016";6;
собаки;метис;"643094100436224";"30.11.2016";6;
собаки;метис;"643093300096344";"29.07.2019";6;
собаки;метис;"643093300096428";"27.09.2019";6;
собаки;метис;"643093300096921";"31.07.2019";6;
собаки;метис;"643093300094619";"06.04.2019";6;
собаки;метис;"643093300094620";"06.04.2019";6;
собаки;метис;"643093300040434";"20.09.2018";6;
собаки;метис;"643093300036354";"31.01.2019";6;
собаки;метис;"643093300094609";"06.03.2019";6;
собаки;метис;"643094100459071";"16.07.2017";6;
собаки;метис;"643093300096459";"25.11.2019";6;
собаки;метис;"643093300096236";"29.10.2019";6;
собаки;метис;"643093300096234";"29.10.2019";6;
собаки;метис;"643093300096233";"29.10.2019";6;
собаки;метис;"643093300096244";"30.10.2019";6;
собаки;метис;"643093300096239";"30.10.2019";6;
собаки;метис;"643093300096240";"30.10.2019";6;
собаки;метис;"643093300096237";"30.10.2019";6;
собаки;метис;"643093300096238";"30.10.2019";6;
собаки;метис;"643093300096440";"28.09.2019";6;
собаки;метис;"643093300096944";"26.08.2019";6;
собаки;метис;"643093300096423";"25.09.2019";6;
собаки;метис;"643093300096434";"24.09.2019";6;
собаки;метис;"643093300096433";"27.09.2019";6;
собаки;метис;"643093300096439";"28.09.2019";6;
собаки;метис;"643093300096227";"17.10.2019";6;
собаки;метис;"643093300096435";"28.09.2019";6;
собаки;метис;"643093300096432";"28.09.2019";6;
собаки;метис;"643093300096224";"08.10.2019";6;
собаки;метис;"643093300096223";"08.10.2019";6;
собаки;метис;"643093300096226";"08.10.2019";6;
собаки;метис;"643093300096222";"08.10.2019";6;
собаки;метис;"643093300096221,992001000445025";"08.10.2019";6;
собаки;метис;"643093300096422";"16.09.2019";6;
собаки;метис;"643093300096235";"09.10.2019";6;
собаки;метис;"643093300096231";"09.10.2019";6;
собаки;метис;"643093300096426";"19.09.2019";6;
собаки;метис;"643093300096445";"19.09.2019";6;
собаки;метис;"643093300096430";"24.09.2019";6;
собаки;метис;"643093300096421";"25.09.2019";6;
собаки;метис;"643093300096225";"13.10.2019";6;
собаки;метис;"643093300096442";"23.09.2019";6;
собаки;метис;"643094100449712";"03.10.2017";6;
собаки;метис;"643094100449631";"03.10.2017";6;
собаки;метис;"643093300096443";"27.09.2019";6;
собаки;метис;"643093300096229";"24.10.2019";6;
собаки;метис;"643093300096241";"31.10.2019";6;
собаки;метис;"643093300096232";"25.10.2019";6;
собаки;метис;"643093300096942";"06.09.2019";6;
собаки;метис;"643093300096436";"17.10.2019";6;
собаки;метис;"643093300096228";"23.10.2019";6;
собаки;метис;"643093300096230";"23.10.2019";6;
собаки;метис;"643094100015871";"19.04.2010";6;
собаки;метис;"643094100459157";"01.07.2017";6;
собаки;метис;"643094100274950";"22.05.2013";6;
собаки;метис;"643094100449633";"06.12.2017";6;
собаки;метис;"643094100459239";"29.08.2017";6;
собаки;метис;"643094100410288";"14.03.2016";6;
собаки;метис;"643094100150211";"16.04.2012";6;
собаки;метис;"643094100003187";"20.03.2009";6;
собаки;метис;"643094100099823";"02.02.2009";6;
собаки;метис;"643090000001089";"18.04.2014";6;
собаки;метис;"643094100274781";"14.05.2013";6;
собаки;метис;"643094100410302";"24.02.2016";6;
собаки;метис;"643093300096399";"19.12.2018";6;
собаки;метис;"643094100009192";"01.10.2009";6;
собаки;метис;"643093300096419";"01.02.2019";6;
собаки;метис;"643093300036350";"01.02.2019";6;
собаки;метис;"643094100003165";"27.01.2009";6;
собаки;метис;"643094100010661";"25.08.2009";6;
собаки;метис;"643094100011630";"27.07.2009";6;
собаки;метис;"643094100011328";"26.05.2009";6;
собаки;метис;"643094100016120";"12.02.2010";6;
собаки;метис;"643094100003035";"04.12.2008";6;
собаки;метис;"643093300094717";"04.06.2019";6;
собаки;метис;"643094100436229";"02.12.2016";6;
собаки;метис;"643094100274912";"15.04.2013";6;
собаки;метис;"643094100074677";"08.06.2010";6;
собаки;метис;"643094100125095";"02.02.2012";6;
собаки;метис;"643094100002461";"16.12.2008";6;
собаки;метис;"94100000597558";"17.02.2009";6;
собаки;метис;"941000002507578";"10.02.2009";6;
собаки;метис;"941000002537221";"26.11.2008";6;
собаки;метис;"643094100410329";"26.01.2016";6;
собаки;метис;"643094100005750";"16.11.2009";6;
собаки;метис;"643094100002439";"12.02.2009";6;
собаки;метис;"643098100086583";"10.03.2009";6;
собаки;метис;"643094100001899";"31.03.2009";6;
собаки;метис;"643094100410353";"13.01.2016";6;
собаки;метис;"643094100017821";"16.02.2010";6;
собаки;метис;"643094100017635";"02.09.2009";6;
собаки;метис;"643094100014770";"24.11.2009";6;
собаки;метис;"643094100436223";"02.12.2016";6;
собаки;метис;"643094100088465";"05.03.2009";6;
собаки;метис;"643094100004673";"17.11.2009";6;
собаки;метис;"643093300035320";"04.06.2018";6;
собаки;метис;"972270000333129";"13.01.2016";6;
собаки;метис;"643094100002545";"04.03.2009";6;
собаки;метис;"643094100125939";"14.02.2012";6;
собаки;метис;"941000002510693";"11.01.2009";6;
собаки;метис;"643094100012665";"30.06.2009";6;
собаки;метис;"643094100410375";"13.01.2016";6;
собаки;метис;"941000001317009";"13.02.2009";6;
собаки;метис;"643094100074572";"14.01.2010";6;
собаки;метис;"643094100150054";"18.01.2012";6;
собаки;метис;"643110800069356";"07.08.2015";11;
собаки;метис;"643110800069357";"29.02.2016";11;
собаки;метис;"643110800069359";"15.06.2015";11;
собаки;метис;"643110800069365";"03.12.2012";11;
собаки;метис;"643094100003780";"28.02.2015";11;
собаки;метис;"643110800106673";"06.12.2012";11;
собаки;метис;"643110800069366";"01.12.2012";11;
собаки;метис;"643110800069367";"14.06.2012";11;
собаки;метис;"643110800069362";"11.2016";11;
собаки;метис;"643110800069370";"28.08.2008";11;
собаки;метис;"643110800069374";"20.02.2012";11;
собаки;метис;"643110800069375";"11.2016";11;
собаки;метис;"643110800069369";"01.12.2012";11;
собаки;метис;"643110800069372";"21.10.2016";11;
собаки;метис;"643110800069373";"20.01.2013";11;
собаки;метис;"643110800069380";"24.01.2013";11;
собаки;метис;"643110800069377";"16.06.2013";11;
собаки;метис;"643110800069378";"15.03.2013";11;
собаки;метис;"643110800069379";"25.01.2013";11;
собаки;метис;"643110800069394";"23.05.2013";11;
собаки;метис;"643110800115633";"16.11.2013";11;
собаки;метис;"643110800115634";"28.02.2015";11;
собаки;метис;"643110800115635";"13.02.2015";11;
собаки;метис;"643110800115636";"11.07.2013";11;
собаки;метис;"643110800115639";"24.05.2013";11;
собаки;метис;"643110800115640";"17.10.2016";11;
собаки;метис;"643110800115637";"18.05.2013";11;
собаки;метис;"643110800115631";"17.02.2014";11;
собаки;метис;"643110800115628";"21.09.2012";11;
собаки;метис;"643110800115629";"25.06.2012";11;
собаки;метис;"643110800115624";"09.09.2013";11;
собаки;метис;"643090000223304";"08.09.2014";11;
собаки;метис;"643110800115622";"07.04.2012";11;
собаки;метис;"643110800115623";"09.02.2015";11;
собаки;метис;"643110800069386";"16.06.2014";11;
собаки;метис;"643110800116980";"20.10.2013";11;
собаки;метис;"643110800116979";"09.04.2015";11;
собаки;метис;"643110800116973";"03.12.2012";11;
собаки;метис;"643110800116971";"01.04.2013";11;
собаки;метис;"643110800116975";"05.07.2012";11;
собаки;метис;"643110800116972";"23.10.2016";11;
собаки;метис;"643110800116963";"09.09.2016";11;
собаки;метис;"643110800116976";"14.11.2013";11;
собаки;метис;"643110800116977";"14.04.2014";11;
собаки;метис;"643110800116978";"03.08.2014";11;
собаки;метис;"643110800116713";"01.07.2012";11;
собаки;метис;"643110800116714";"12.11.2012";11;
собаки;метис;"643110800116715";"09.09.2016";11;
собаки;метис;"643110800116717";"31.10.2013";11;
собаки;метис;"643110800116720";"07.07.2012";11;
собаки;метис;"643110800115663";"09.09.2016";11;
собаки;метис;"643110800115665";"17.11.2013";11;
собаки;метис;"643110800115672";"11.11.2013";11;
собаки;метис;"643110800115673";"18.11.2012";11;
собаки;метис;"643110800115678";"17.11.2012";11;
собаки;метис;"643090000100734";"01.03.2016";11;
собаки;метис;"643090000082771";"19.04.2012";11;
собаки;метис;"972270000283109";"15.04.2012";11;
собаки;метис;"972270000164741";"30.05.2013";11;
собаки;метис;"972270000303316";"03.03.2014";11;
собаки;метис;"972270000160169";"14.03.2017";11;
собаки;метис;"972270000164091";"11.06.2012";11;
собаки;метис;"972270000188691";"21.03.2014";11;
собаки;метис;"972270000160629";"23.06.2016";11;
собаки;метис;"643095300122293";"27.06.2016";11;
собаки;метис;"941000002611856";"08.09.2016";11;
собаки;метис;"972270000107455";"01.04.2013";11;
собаки;метис;"972270000298810";"09.02.2013";11;
собаки;метис;"972270000185379";"13.06.2013";11;
собаки;метис;"981020009184776";"04.05.2013";11;
собаки;метис;"972270000168160";"21.01.2016";11;
собаки;метис;"972270000188802";"26.08.2013";11;
собаки;метис;"972270000286728";"26.08.2012";11;
собаки;метис;"972270000165350";"26.08.2012";11;
собаки;метис;"972270000165498";"14.03.2014";11;
собаки;метис;"972270000286911";"22.03.2013";11;
собаки;метис;"972270000168726";"18.04.2014";11;
собаки;метис;"972270000305334";"03.03.2014";11;
собаки;метис;"972270000304981";"18.04.2014";11;
собаки;метис;"972270000315406";"03.12.2012";11;
собаки;метис;"972270000238416";"14.03.2013";11;
собаки;метис;"643094100410005";"22.03.2013";11;
собаки;метис;"972270000304686";"11.10.2013";11;
собаки;метис;"643090000002767";"16.06.2014";11;
собаки;метис;"972270000158943";"18.11.2013";11;
собаки;метис;"972270000186053";"09.07.2012";11;
собаки;метис;"972270000164419";"17.08.2012";11;
собаки;метис;"972270000165518";"11.03.2013";11;
собаки;метис;"972270000307574";"13.04.2014";11;
собаки;метис;"972270000118522";"16.05.2014";11;
собаки;метис;"972270000297352";"08.08.2014";11;
собаки;метис;"972270000175497";"16.05.2014";11;
собаки;метис;"972270000179236";"18.04.2014";11;
собаки;метис;"972270000345915";"03.03.2014";11;
собаки;метис;"972270000297807";"14.03.2014";11;
собаки;метис;"972270000029023";"29.08.2016";11;
собаки;метис;"972270000174365";"27.01.2014";11;
собаки;метис;"972270000303290";"23.03.2015";11;
собаки;метис;"972270000025668";"27.01.2014";11;
собаки;метис;"972270000119422";"30.03.2015";11;
собаки;метис;"643094100410096";"27.01.2014";11;
собаки;метис;"643094100410093";"16.09.2013";11;
собаки;метис;"972270000119143";"03.03.2014";11;
собаки;метис;"972270000160126";"08.11.2012";11;
собаки;метис;"972270000327015";"02.04.2015";11;
собаки;метис;"643090000100436";"29.07.2012";11;
собаки;метис;"972270000160392";"03.03.2014";11;
собаки;метис;"643094100004250";"27.07.2015";11;
собаки;метис;"972270000112860";"08.08.2014";11;
собаки;метис;"972270000185254";"12.02.2016";11;
собаки;метис;"643094100410092";"24.02.2016";11;
собаки;метис;"972270000286061";"24.02.2016";11;
собаки;метис;"972270000174178";"15.02.2016";11;
собаки;метис;"643094100410100";"10.09.2016";11;
собаки;метис;"972270000164102";"01.05.2012";11;
собаки;метис;"972270000306040";"02.08.2012";11;
собаки;метис;"972270000162829";"23.05.2014";11;
собаки;метис;"972270000185416";"06.06.2014";11;
собаки;метис;"972270000168849";"26.05.2014";11;
собаки;метис;"643090000082182";"26.05.2014";11;
собаки;метис;"972270000112912";"19.09.2016";11;
собаки;метис;"972270000117351";"29.07.2016";11;
собаки;метис;"972270000305230";"05.07.2016";11;
собаки;метис;"643090000002797";"11.2016";11;
собаки;метис;"972270000031018";"02.04.2011";11;
собаки;метис;"972270000160751";"11.09.2016";11;
собаки;метис;"972270000332769";"29.06.2013";11;
собаки;метис;"981020009199594";"10.05.2012";11;
собаки;метис;"981020009214394";"17.11.2012";11;
собаки;метис;"643094100003757";"11.2016";11;
собаки;метис;"972270000285246";"08.05.2015";11;
собаки;метис;"972270000171218";"15.05.2015";11;
собаки;метис;"972270000305341";"02.04.2015";11;
собаки;метис;"972270000188006";"11.09.2016";11;
собаки;метис;"972270000168866";"11.09.2016";11;
собаки;метис;"972270000168683";"16.06.2014";11;
собаки;метис;"972270000027723";"22.05.2014";11;
собаки;метис;"972270000305593";"25.01.2016";11;
собаки;метис;"972270000332240";"06.10.2014";11;
собаки;метис;"643090000003176";"27.11.2015";11;
собаки;метис;"972270000189820";"29.01.2016";11;
собаки;метис;"972270000186690";"08.02.2013";11;
собаки;метис;"972270000297986";"27.02.2013";11;
собаки;метис;"972270000286668";"11.2016";11;
собаки;метис;"972270000296971";"25.08.2008";11;
собаки;метис;"972270000345537";"04.07.2014";11;
собаки;метис;"972270000285778";"07.03.2014";11;
собаки;метис;"972270000174390";"07.03.2014";11;
собаки;метис;"972270000168933";"07.03.2014";11;
собаки;метис;"972270000286554";"11.03.2014";11;
собаки;метис;"972000000873048";"24.02.2015";11;
собаки;метис;"972270000335362";"15.05.2015";11;
собаки;метис;"972270000297712";"12.09.2016";11;
собаки;метис;"972270000345319";"06.04.2015";11;
собаки;метис;"972270000326521";"12.09.2016";11;
собаки;метис;"643090000002748";"12.09.2016";11;
собаки;метис;"972270000031046";"11.2016";11;
собаки;метис;"972273000067878";"11.2016";11;
собаки;метис;"972270000298829";"01.07.2012";11;
собаки;метис;"972270000344442";"07.05.2012";11;
собаки;метис;"972270000341969";"23.11.2015";11;
собаки;метис;"972270000313001";"04.05.2012";11;
собаки;метис;"972270000305468";"15.10.2009";11;
собаки;метис;"643090000002729";"13.06.2014";11;
собаки;метис;"972270000186454";"07.07.2016";11;
собаки;метис;"972270000340809";"05.07.2016";11;
собаки;метис;"972270000175904";"03.05.2012";11;
собаки;метис;"643090000002728";"19.05.2016";11;
собаки;метис;"643110900045946";"19.05.2016";11;
собаки;метис;"972270000284004";"25.05.2013";11;
собаки;метис;"981020009115076";"13.11.2015";11;
собаки;метис;"981020009210785";"01.05.2012";11;
собаки;метис;"981020009193442";"05.12.2010";11;
собаки;метис;"981020009202360";"13.09.2016";11;
собаки;метис;"972270000027888";"11.07.2016";11;
собаки;метис;"972270000110599";"03.05.2012";11;
собаки;метис;"972270000168035";"04.05.2012";11;
собаки;метис;"972270000345836";"15.07.2016";11;
собаки;метис;"972270000340993";"15.09.2014";11;
собаки;метис;"972270000332305";"05.11.2013";11;
собаки;метис;"972270000326020";"13.07.2016";11;
собаки;метис;"643095300132429";"15.09.2016";11;
собаки;метис;"981020009156978";"13.09.2016";11;
собаки;метис;"981020009173290";"07.06.2012";11;
собаки;метис;"643110800004555";"13.07.2016";11;
собаки;метис;"643094100410099";"23.03.2015";11;
собаки;метис;"972270000304471";"14.04.2014";11;
собаки;метис;"972270000115830";"14.04.2014";11;
собаки;метис;"972270000185232";"05.07.2013";11;
собаки;метис;"643094100436347";"19.09.2014";11;
собаки;метис;"972270000148769";"19.09.2014";11;
собаки;метис;"972270000158751";"19.09.2014";11;
собаки;метис;"972270000341217";"27.06.2013";11;
собаки;метис;"972000000872050";"23.10.2016";11;
собаки;метис;"643094100410123";"12.09.2016";11;
собаки;метис;"643094100410013";"04.05.2012";11;
собаки;метис;"972270000336988";"17.08.2013";11;
собаки;метис;"972270000341436";"21.05.2012";11;
собаки;метис;"981020009212354";"16.10.2008";11;
собаки;метис;"972270000283023";"28.10.2011";11;
собаки;метис;"643110900067461";"21.09.2016";11;
собаки;метис;"981020009157655";"17.03.2014";11;
собаки;метис;"972270000170759";"17.03.2014";11;
собаки;метис;"972270000160545";"17.03.2014";11;
собаки;метис;"643110000033769";"17.03.2014";11;
собаки;метис;"941000002591972";"11.11.2011";11;
собаки;метис;"643090000002735";"06.11.2015";11;
собаки;метис;"972270000029940";"22.09.2014";11;
собаки;метис;"643090000002745";"13.12.2012";11;
собаки;метис;"972270000029625";"07.07.2014";11;
собаки;метис;"972270000296247";"06.08.2016";11;
собаки;метис;"972270000160869";"17.02.2014";11;
собаки;метис;"972270000189968";"06.02.2014";11;
собаки;метис;"972270000334756";"14.09.2016";11;
собаки;метис;"643094100410095";"06.02.2014";11;
собаки;метис;"643110800004586";"22.01.2012";11;
собаки;метис;"643090000009192";"13.07.2013";11;
собаки;метис;"972270000115805";"04.08.2014";11;
собаки;метис;"972270000113081";"09.02.2012";11;
собаки;метис;"981020009191710";"27.05.2013";11;
собаки;метис;"972270000115176";"19.10.2015";11;
собаки;метис;"972000000876684";"30.10.2015";11;
собаки;метис;"972270000345213";"30.10.2015";11;
собаки;метис;"981020009181882";"06.11.2015";11;
собаки;метис;"981020009207854";"19.11.2015";11;
собаки;метис;"972270000117748";"09.07.2012";11;
собаки;метис;"643090000082117";"17.07.2015";11;
собаки;метис;"643090000082120";"30.08.2016";11;
собаки;метис;"972270000285439";"11.2016";11;
собаки;метис;"981020009177153";"11.2016";11;
собаки;метис;"972270000115445";"18.07.2016";11;
собаки;метис;"643094100092214";"06.04.2015";11;
собаки;метис;"941000001528783";"07.03.2014";11;
собаки;метис;"643094100013104";"28.07.2014";11;
собаки;метис;"972270000118402";"02.04.2015";11;
собаки;метис;"972270000113604";"13.11.2015";11;
собаки;метис;"972000010002844";"13.07.2013";11;
собаки;метис;"972270000304100";"04.05.2012";11;
собаки;метис;"972270000174067";"06.05.2012";11;
собаки;метис;"972270000110135";"07.08.2016";11;
собаки;метис;"643094100017409";"01.07.2013";11;
собаки;метис;"643094100014537";"01.07.2013";11;
собаки;метис;"643094100009193";"18.08.2013";11;
собаки;метис;"972270000302836";"11.07.2013";11;
собаки;метис;"972270000345181";"19.11.2012";11;
собаки;метис;"972270000352343";"19.05.2014";11;
собаки;метис;"972270000341542";"02.04.2015";11;
собаки;метис;"941000002541723";"15.09.2016";11;
собаки;метис;"972270000305698";"15.09.2016";11;
собаки;метис;"972270000286490";"15.11.2013";11;
собаки;метис;"972270000286019";"11.2016";11;
собаки;метис;"643094100410112";"15.09.2016";11;
собаки;метис;"643094100410113";"21.04.2012";11;
собаки;метис;"972270000119440";"18.11.2013";11;
собаки;метис;"972270000305201";"03.12.2012";11;
собаки;метис;"972270000112541";"03.03.2013";11;
собаки;метис;"941000002599908";"28.10.2013";11;
собаки;метис;"972270000118337";"08.08.2016";11;
собаки;метис;"643094100436350";"27.09.2012";11;
собаки;метис;"972270000158566";"25.10.2013";11;
собаки;метис;"972270000023085";"27.06.2016";11;
собаки;метис;"972270000024398";"05.05.2014";11;
собаки;метис;"972270000023598";"07.04.2014";11;
собаки;метис;"972270000171527";"21.01.2013";11;
собаки;метис;"972270000179091";"25.05.2013";11;
собаки;метис;"981020009232979";"05.05.2014";11;
собаки;метис;"972270000185467";"08.05.2013";11;
собаки;метис;"972270000341804";"11.03.2013";11;
собаки;метис;"643094100003095";"23.09.2012";11;
собаки;метис;"643090000002773";"20.09.2012";11;
собаки;метис;"643090000002763";"17.03.2014";11;
собаки;метис;"643094100410135";"07.03.2014";11;
собаки;метис;"643090000002776";"07.03.2014";11;
собаки;метис;"972270000029079";"24.04.2015";11;
собаки;метис;"972270000113564";"27.04.2015";11;
собаки;метис;"972270000341051";"02.11.2012";11;
собаки;метис;"972270000165589";"10.10.2013";11;
собаки;метис;"972270000285874";"23.03.2015";11;
собаки;метис;"981020009119248";"02.09.2016";11;
собаки;метис;"981020009234587";"19.10.2015";11;
собаки;метис;"981020009163366";"26.10.2015";11;
собаки;метис;"981020009167099";"15.09.2016";11;
собаки;метис;"981020009224938";"18.05.2014";11;
собаки;метис;"972270000170208";"25.04.2014";11;
собаки;метис;"643090000100626";"04.02.2012";11;
собаки;метис;"972273000067740";"04.02.2012";11;
собаки;метис;"972270000186069";"16.11.2012";11;
собаки;метис;"972270000025580";"25.02.2012";11;
собаки;метис;"972270000025201";"16.06.2014";11;
собаки;метис;"972270000165679";"16.06.2014";11;
собаки;метис;"972270000335201";"10.02.2013";11;
собаки;метис;"981020009187463";"27.10.2008";11;
собаки;метис;"972270000285589";"08.10.2011";11;
собаки;метис;"972270000113270";"16.11.2012";11;
собаки;метис;"972270000110736";"25.11.2012";11;
собаки;метис;"972270000118952";"29.09.2011";11;
собаки;метис;"972270000312491";"22.11.2012";11;
собаки;метис;"972270000323719";"17.11.2012";11;
собаки;метис;"972270000304597";"07.09.2015";11;
собаки;метис;"972270000186224";"07.09.2015";11;
собаки;метис;"972270000345748";"12.07.2012";11;
собаки;метис;"972270000341063";"12.07.2012";11;
собаки;метис;"643094100410185";"09.07.2012";11;
собаки;метис;"643094100410134";"01.06.2012";11;
собаки;метис;"972270000160267";"06.07.2013";11;
собаки;метис;"972270000285641";"16.06.2014";11;
собаки;метис;"643094100410150";"25.11.2012";11;
собаки;метис;"972270000110768";"11.2016";11;
собаки;метис;"972270000171991";"14.05.2012";11;
собаки;метис;"972270000162586";"19.09.2014";11;
собаки;метис;"972270000188041";"29.09.2011";11;
собаки;метис;"972270000179174";"07.10.2013";11;
собаки;метис;"972000000849866";"07.07.2016";11;
собаки;метис;"972270000160156";"29.09.2011";11;
собаки;метис;"981020009212160";"16.10.2009";11;
собаки;метис;"972270000344478";"05.08.2012";11;
собаки;метис;"972270000189213";"06.10.2012";11;
собаки;метис;"972270000160172";"19.11.2012";11;
собаки;метис;"972270000238457";"01.07.2011";11;
собаки;метис;"972270000327295";"15.09.2016";11;
собаки;метис;"972270000283717";"24.01.2011";11;
собаки;метис;"972270000304842";"11.2016";11;
собаки;метис;"972270000296236";"17.11.2012";11;
собаки;метис;"972270000175859";"15.09.2016";11;
собаки;метис;"972270000174794";"16.09.2016";11;
собаки;метис;"643090000002749";"18.10.2013";11;
собаки;метис;"972270000029426";"15.11.2012";11;
собаки;метис;"972270000158821";"16.06.2012";11;
собаки;метис;"972270000187194";"10.02.2012";11;
собаки;метис;"972270000158839";"15.03.2013";11;
собаки;метис;"972270000185904";"28.08.2012";11;
собаки;метис;"972270000171662";"07.04.2012";11;
собаки;метис;"972270000340746";"18.11.2011";11;
собаки;метис;"972273000067992";"26.08.2013";11;
собаки;метис;"981020009174869";"21.06.2013";11;
собаки;метис;"981020009206364";"14.04.2013";11;
собаки;метис;"972000000885102";"19.09.2016";11;
собаки;метис;"972270000341589";"03.02.2013";11;
собаки;метис;"972000000862834";"16.11.2012";11;
собаки;метис;"972270000111420";"22.11.2012";11;
собаки;метис;"972270000165753";"12.05.2012";11;
собаки;метис;"972270000188067";"01.06.2012";11;
собаки;метис;"972270000175605";"15.11.2012";11;
собаки;метис;"972270000340339";"25.11.2012";11;
собаки;метис;"972270000344410";"18.11.2012";11;
собаки;метис;"972270000344356";"21.04.2012";11;
собаки;метис;"972270000160741";"18.11.2012";11;
собаки;метис;"941000002592161";"18.05.2013";11;
собаки;метис;"972270000119774";"16.09.2016";11;
собаки;метис;"972270000185659";"14.11.2013";11;
собаки;метис;"972270000119532";"09.05.2013";11;
собаки;метис;"972270000185712";"02.12.2013";11;
собаки;метис;"981020009098360";"04.08.2013";11;
собаки;метис;"643110000521303";"13.12.2013";11;
собаки;метис;"643110000521296";"27.01.2014";11;
собаки;метис;"972270000179194";"15.11.2012";11;
собаки;метис;"972270000164019";"17.09.2016";11;
собаки;метис;"972270000164432";"15.11.2012";11;
собаки;метис;"972270000113599";"17.09.2016";11;
собаки;метис;"972270000313276";"18.09.2016";11;
собаки;метис;"972270000341701";"16.11.2012";11;
собаки;метис;"972270000188862";"10.10.2008";11;
собаки;метис;"941000002527204";"04.04.2011";11;
собаки;метис;"972270000116994";"18.09.2016";11;
собаки;метис;"972270000296533";"19.05.2016";11;
собаки;метис;"972270000111158";"15.04.2016";11;
собаки;метис;"972270000299673";"19.11.2015";11;
собаки;метис;"981020009187577";"15.11.2012";11;
собаки;метис;"972270000112394";"10.11.2012";11;
собаки;метис;"972000000891574";"23.10.2015";11;
собаки;метис;"972270000174042";"25.10.2013";11;
собаки;метис;"972270000164919";"17.06.2012";11;
собаки;метис;"972270000186519";"11.2016";11;
собаки;метис;"972270000117442";"21.04.2014";11;
собаки;метис;"643094100410146";"03.09.2015";11;
собаки;метис;"972270000115953";"15.11.2012";11;
собаки;метис;"941000002498889";"18.11.2012";11;
собаки;метис;"972270000165830";"11.2016";11;
собаки;метис;"643094100014240";"18.11.2012";11;
собаки;метис;"643094100410147";"11.2016";11;
собаки;метис;"972270000174885";"03.08.2012";11;
собаки;метис;"972270000171225";"03.10.2011";11;
собаки;метис;"972270000175907";"31.10.2013";11;
собаки;метис;"972270000175401";"18.11.2013";11;
собаки;метис;"972270000170615";"11.2016";11;
собаки;метис;"972270000185641";"06.04.2015";11;
собаки;метис;"972270000175590";"04.02.2016";11;
собаки;метис;"972270000112651";"19.09.2016";11;
собаки;метис;"972270000165417";"28.01.2012";11;
собаки;метис;"972270000160959";"15.11.2012";11;
собаки;метис;"972270000286217";"15.08.2016";11;
собаки;метис;"972270000305534";"02.06.2014";11;
собаки;метис;"643094100410188";"20.09.2016";11;
собаки;метис;"972270000185964";"20.09.2017";11;
собаки;метис;"972270000162153";"13.10.2011";11;
собаки;метис;"972270000185986";"25.11.2012";11;
собаки;метис;"972270000116426";"31.08.2015";11;
собаки;метис;"972270000112474";"27.06.2016";11;
собаки;метис;"972270000186285";"28.09.2015";11;
собаки;метис;"972270000188643";"09.06.2014";11;
собаки;метис;"972270000188219";"03.04.2011";11;
собаки;метис;"972270000118937";"20.09.2016";11;
собаки;метис;"972270000188500";"12.12.2013";11;
собаки;метис;"972270000304222";"11.11.2012";11;
собаки;метис;"643094100410145";"28.04.2014";11;
собаки;метис;"972270000160508";"20.09.2016";11;
собаки;метис;"972270000238448";"22.03.1900";11;
собаки;метис;"972270000164087";"12.07.2012";11;
собаки;метис;"972270000160949";"13.09.2016";11;
собаки;метис;"972270000174388";"10.11.2012";11;
собаки;метис;"972270000170734";"04.03.2013";11;
собаки;метис;"972270000175797";"18.10.2008";11;
собаки;метис;"643094100014189";"14.11.2013";11;
собаки;метис;"972270000188738";"20.09.2016";11;
собаки;метис;"643094100410143";"20.09.2016";11;
собаки;метис;"972270000020291";"07.07.2012";11;
собаки;метис;"972270000185322";"23.09.2016";11;
собаки;метис;"941000002509957";"11.2016";11;
собаки;метис;"972000010012909";"23.09.2016";11;
собаки;метис;"643110000013906";"24.06.2012";11;
собаки;метис;"643090000082122";"26.10.2015";11;
собаки;метис;"643090000082740";"04.07.2014";11;
собаки;метис;"981020009186579";"06.06.2014";11;
собаки;метис;"972270000185951";"14.07.2014";11;
собаки;метис;"972270000185524";"30.06.2014";11;
собаки;метис;"981020009117065";"15.10.2011";11;
собаки;метис;"972270000160159";"07.10.2011";11;
собаки;метис;"972270000174882";"17.10.2011";11;
собаки;метис;"972270000186657";"10.06.2011";11;
собаки;метис;"972000000855482";"08.03.2012";11;
собаки;метис;"643090000100638";"11.11.2012";11;
собаки;метис;"972270000186560";"16.10.2011";11;
собаки;метис;"972270000185159";"09.11.2012";11;
собаки;метис;"972270000304211";"16.06.2011";11;
собаки;метис;"972270000185451";"29.06.2013";11;
собаки;метис;"972270000171260";"26.08.2013";11;
собаки;метис;"972270000119898";"20.09.2016";11;
собаки;метис;"972270000305352";"16.04.2012";11;
собаки;метис;"972270000285829";"16.10.2011";11;
собаки;метис;"972270000164153";"14.07.2012";11;
собаки;метис;"972270000027021";"06.04.2013";11;
собаки;метис;"643090000082784";"11.2016";11;
собаки;метис;"643094100410189";"09.11.2012";11;
собаки;метис;"972270000118638";"20.09.2016";11;
собаки;метис;"972270000162414";"10.11.2012";11;
собаки;метис;"981020009222329";"03.11.2012";11;
собаки;метис;"972270000340176";"20.09.2016";11;
собаки;метис;"643094100410144";"21.09.2016";11;
собаки;метис;"972270000023496";"20.09.2016";11;
собаки;метис;"972270000111540";"11.10.2013";11;
собаки;метис;"972270000186293";"25.10.2012";11;
собаки;метис;"643110000521344";"20.09.2016";11;
собаки;метис;"972270000160874";"14.08.2015";11;
собаки;метис;"981020009127009";"10.11.2012";11;
собаки;метис;"972270000027992";"04.11.2012";11;
собаки;метис;"972000010010483";"04.11.2012";11;
собаки;метис;"643094100410142";"12.05.2012";11;
собаки;метис;"972270000164325";"09.09.2013";11;
собаки;метис;"972270000188830";"04.07.2013";11;
собаки;метис;"972270000344052";"13.06.2013";11;
собаки;метис;"941000002020393";"10.08.2013";11;
собаки;метис;"972270000160186";"28.01.2014";11;
собаки;метис;"972270000186948";"21.04.2012";11;
собаки;метис;"972270000164295";"12.05.2012";11;
собаки;метис;"941000002507290";"21.09.2016";11;
собаки;метис;"972270000175422";"16.04.2012";11;
собаки;метис;"643094100410190";"19.11.2015";11;
собаки;метис;"643094100410141";"09.11.2015";11;
собаки;метис;"972270000113403";"19.11.2015";11;
собаки;метис;"972270000187983";"05.10.2013";11;
собаки;метис;"972270000111405";"18.05.2013";11;
собаки;метис;"972270000189486";"03.11.2012";11;
собаки;метис;"972270000116266";"26.05.2013";11;
собаки;метис;"981020009122577";"21.09.2016";11;
собаки;метис;"972270000341223";"19.10.2015";11;
собаки;метис;"972270000344974";"28.09.2013";11;
собаки;метис;"972270000341473";"04.10.2013";11;
собаки;метис;"972270000112859";"05.11.2012";11;
собаки;метис;"972270000119374";"15.06.2012";11;
собаки;метис;"972270000117920";"15.10.2011";11;
собаки;метис;"972270000112754";"19.02.2012";11;
собаки;метис;"972270000170189";"02.06.2012";11;
собаки;метис;"972270000115350";"07.04.2012";11;
собаки;метис;"972270000179267";"01.07.2011";11;
собаки;метис;"972270000119483";"02.06.2012";11;
собаки;метис;"972270000284331";"13.11.2011";11;
собаки;метис;"972270000110746";"24.02.2014";11;
собаки;метис;"972270000186193";"24.02.2014";11;
собаки;метис;"643094100410101";"21.09.2016";11;
собаки;метис;"972270000116755";"31.10.2013";11;
собаки;метис;"972270000118670";"12.10.2013";11;
собаки;метис;"972270000168490";"09.09.2013";11;
собаки;метис;"972270000185251";"16.03.2015";11;
собаки;метис;"972270000175355";"16.03.2015";11;
собаки;метис;"972270000179110";"03.02.2013";11;
собаки;метис;"643094100410183";"05.11.2012";11;
собаки;метис;"972270000165202";"09.11.2017";11;
собаки;метис;"972270000188046";"17.09.2012";11;
собаки;метис;"643094100410182";"31.07.2015";11;
собаки;метис;"643094100410109";"30.09.2012";11;
собаки;метис;"643094100410181";"04.02.2011";11;
собаки;метис;"972270000168732";"22.08.2014";11;
собаки;метис;"972270000186827";"31.03.2014";11;
собаки;метис;"643094100410103";"11.03.2014";11;
собаки;метис;"643090000100737";"19.09.2013";11;
собаки;метис;"972270000165404";"01.05.2012";11;
собаки;метис;"972270000186568";"22.09.2016";11;
собаки;метис;"972270000111378";"11.08.2013";11;
собаки;метис;"972270000322344";"22.10.2012";11;
собаки;метис;"972270000307050";"01.10.2012";11;
собаки;метис;"972270000284672";"09.08.2013";11;
собаки;метис;"972270000322141";"18.10.2012";11;
собаки;метис;"972270000165191";"07.05.2015";11;
собаки;метис;"972000000885238";"25.05.2015";11;
собаки;метис;"972270000110096";"07.05.2015";11;
собаки;метис;"972270000118314";"11.07.2014";11;
собаки;метис;"643094100410102";"01.03.2013";11;
собаки;метис;"972270000117184";"08.11.2012";11;
собаки;метис;"981020009218155";"01.02.2013";11;
собаки;метис;"981020009226189";"20.03.2015";11;
собаки;метис;"981020009226143";"16.03.2015";11;
собаки;метис;"972270000174083";"31.08.2014";11;
собаки;метис;"972270000305048";"31.08.2014";11;
собаки;метис;"972270000186273";"08.10.2011";11;
собаки;метис;"972270000304367";"14.09.2013";11;
собаки;метис;"643094100410108";"02.06.2012";11;
собаки;метис;"981020009178115";"04.10.2012";11;
собаки;метис;"972270000286063";"10.05.2012";11;
собаки;метис;"972270000286794";"05.09.2014";11;
собаки;метис;"972270000186822";"18.08.2013";11;
собаки;метис;"972270000168917";"05.09.2013";11;
собаки;метис;"972270000113683";"01.09.2013";11;
собаки;метис;"972270000119710";"15.08.2013";11;
собаки;метис;"972270000162832";"17.08.2013";11;
собаки;метис;"972270000118801";"15.08.2013";11;
собаки;метис;"972270000119384";"25.08.2013";11;
собаки;метис;"972270000119979";"15.08.2013";11;
собаки;метис;"972270000165102";"24.08.2013";11;
собаки;метис;"972270000314858";"22.09.2016";11;
собаки;метис;"972270000315263";"26.07.2016";11;
собаки;метис;"972270000307956";"07.08.2015";11;
собаки;метис;"972270000304213";"03.11.2012";11;
собаки;метис;"972270000299758";"09.08.2013";11;
собаки;метис;"972270000160340";"17.06.2012";11;
собаки;метис;"972270000302269";"22.09.2016";11;
собаки;метис;"972270000297592";"03.02.2013";11;
собаки;метис;"972270000112684";"16.05.2014";11;
собаки;метис;"972270000175963";"06.10.2012";11;
собаки;метис;"972270000186335";"05.10.2013";11;
собаки;метис;"972270000186743";"09.09.2012";11;
собаки;метис;"643090000100430";"14.10.2012";11;
собаки;метис;"972270000170314";"24.02.2015";11;
собаки;метис;"972270000111940";"11.11.2013";11;
собаки;метис;"972270000304695";"01.11.2012";11;
собаки;метис;"972270000326567";"17.04.2011";11;
собаки;метис;"972270000030535";"17.10.2016";11;
собаки;метис;"972270000297348";"05.03.2012";11;
собаки;метис;"972270000110681";"11.2016";11;
собаки;метис;"643094100410107";"01.11.2012";11;
собаки;метис;"972270000322368";"17.10.2013";11;
собаки;метис;"972270000170660";"02.11.2012";11;
собаки;метис;"972270000188681";"01.11.2012";11;
собаки;метис;"972270000305462";"10.10.2008";11;
собаки;метис;"972270000162593";"03.05.2012";11;
собаки;метис;"972270000164049";"01.11.2012";11;
собаки;метис;"972270000148612";"27.11.2015";11;
собаки;метис;"972270000160828";"19.06.2015";11;
собаки;метис;"972270000110207";"13.05.2012";11;
собаки;метис;"972270000165230";"16.06.2013";11;
собаки;метис;"972270000119411";"14.06.2013";11;
собаки;метис;"972270000297671";"12.07.2013";11;
собаки;метис;"972270000340926";"16.10.2015";11;
собаки;метис;"972270000284296";"12.10.2015";11;
собаки;метис;"972270000303057";"19.10.2015";11;
собаки;метис;"972270000119511";"25.11.2012";11;
собаки;метис;"972270000302367";"01.06.2012";11;
собаки;метис;"972270000112536";"05.07.2013";11;
собаки;метис;"972270000188777";"06.07.2013";11;
собаки;метис;"972270000112374";"18.08.2013";11;
собаки;метис;"972270000305446";"28.10.2011";11;
собаки;метис;"972270000175744";"23.09.2016";11;
собаки;метис;"972270000168111";"05.04.2012";11;
собаки;метис;"972270000175671";"22.10.2009";11;
собаки;метис;"972270000307997";"23.09.2016";11;
собаки;метис;"972270000305700";"23.09.2016";11;
собаки;метис;"972270000305668";"03.10.2014";11;
собаки;метис;"972270000171029";"04.11.2012";11;
собаки;метис;"972270000312558";"05.08.2012";11;
собаки;метис;"972270000168262";"20.09.2013";11;
собаки;метис;"643094100410132";"27.09.2013";11;
собаки;метис;"972270000304480";"20.09.2013";11;
собаки;метис;"643110900045973";"02.02.2015";11;
собаки;метис;"972270000162069";"12.05.2014";11;
собаки;метис;"972270000305954";"14.04.2012";11;
собаки;метис;"972270000117022";"08.05.2014";11;
собаки;метис;"643094100410104";"06.06.2014";11;
собаки;метис;"972270000160777";"08.05.2014";11;
собаки;метис;"972270000341805";"17.05.2012";11;
собаки;метис;"972270000165199";"23.09.2016";11;
собаки;метис;"972270000285431";"28.10.2012";11;
собаки;метис;"972270000168909";"20.10.2012";11;
собаки;метис;"972270000186721";"04.07.2013";11;
собаки;метис;"972270000302342";"11.11.2012";11;
собаки;метис;"972270000171917";"24.09.2016";11;
собаки;метис;"972270000186913";"24.09.2016";11;
собаки;метис;"972270000114640";"01.11.2012";11;
собаки;метис;"972270000116439";"01.05.2012";11;
собаки;метис;"972000000874718";"27.06.2016";11;
собаки;метис;"643110800106680";"24.09.2016";11;
собаки;метис;"972270000242973";"24.09.2016";11;
собаки;метис;"972270000185535";"02.08.2012";11;
собаки;метис;"972270000162974";"22.10.2012";11;
собаки;метис;"941000002524516";"12.07.2013";11;
собаки;метис;"972270000116462";"17.07.2009";11;
собаки;метис;"972270000188103";"20.04.2015";11;
собаки;метис;"981020009231383";"25.09.2016";11;
собаки;метис;"643110900046059";"19.02.2015";11;
собаки;метис;"972270000111489";"19.02.2015";11;
собаки;метис;"972270000286236";"19.02.2015";11;
собаки;метис;"972270000296676";"20.02.2015";11;
собаки;метис;"972270000298145";"20.02.2015";11;
собаки;метис;"981020009109314";"18.01.2012";11;
собаки;метис;"981020009096237";"02.11.2012";11;
собаки;метис;"981020009130527";"04.06.2012";11;
собаки;метис;"972270000175889";"09.10.2011";11;
собаки;метис;"972270000116343";"20.02.2012";11;
собаки;метис;"972270000322881";"25.09.2016";11;
собаки;метис;"972270000323479";"04.08.2014";11;
собаки;метис;"972270000309296";"26.09.2016";11;
собаки;метис;"972270000115784";"17.08.2012";11;
собаки;метис;"972270000899378";"24.06.2013";11;
собаки;метис;"972270000119248";"23.08.2013";11;
собаки;метис;"972000000872193";"29.10.2012";11;
собаки;метис;"972000000820119";"26.09.2016";11;
собаки;метис;"643094100410114";"13.10.2011";11;
собаки;метис;"972270000187793";"31.08.2014";11;
собаки;метис;"972270000185412";"05.09.2014";11;
собаки;метис;"972270000165721";"10.08.2013";11;
собаки;метис;"972270000296162";"01.07.2013";11;
собаки;метис;"972270000286708";"21.10.2012";11;
собаки;метис;"972270000286186";"06.10.2012";11;
собаки;метис;"972270000286864";"18.10.2013";11;
собаки;метис;"972270000341100";"17.10.2013";11;
собаки;метис;"972270000112611";"30.05.2014";11;
собаки;метис;"972270000333373";"17.09.2009";11;
собаки;метис;"972270000336466";"20.06.2014";11;
собаки;метис;"972270000338971";"26.09.2016";11;
собаки;метис;"972270000117913";"05.02.2015";11;
собаки;метис;"643094100410237";"01.09.2013";11;
собаки;метис;"972270000162362";"09.09.2013";11;
собаки;метис;"972270000188190";"07.09.2012";11;
собаки;метис;"972270000188524";"30.08.2016";11;
собаки;метис;"972270000315428";"19.09.2016";11;
собаки;метис;"972270000186829";"05.09.2013";11;
собаки;метис;"972000000872825";"29.09.2013";11;
собаки;метис;"643094100410232";"07.09.2013";11;
собаки;метис;"972270000185585";"10.08.2013";11;
собаки;метис;"972270000115908";"16.03.2012";11;
собаки;метис;"981020009215259";"24.08.2013";11;
собаки;метис;"643094100410231";"25.08.2013";11;
собаки;метис;"643094100410240";"11.03.2014";11;
собаки;метис;"972270000171069";"13.07.2012";11;
собаки;метис;"972270000185586";"20.04.2015";11;
собаки;метис;"972270000286328";"19.09.2016";11;
собаки;метис;"643094100013038";"05.04.2012";11;
собаки;метис;"972270000285378";"15.02.2016";11;
собаки;метис;"643094100410115";"04.10.2013";11;
собаки;метис;"972270000303545";"11.2016";11;
собаки;метис;"972270000303737";"11.2017";11;
собаки;метис;"972270000303540";"20.04.2015";11;
собаки;метис;"972270000286969";"01.06.2012";11;
собаки;метис;"972270000283746";"20.04.2015";11;
собаки;метис;"972270000174620";"28.07.2011";11;
собаки;метис;"972270000185588";"11.04.2014";11;
собаки;метис;"972270000116498";"12.05.2014";11;
собаки;метис;"972270000116550";"25.08.2013";11;
собаки;метис;"972270000170287";"24.06.2012";11;
собаки;метис;"643094100410156";"27.09.2016";11;
собаки;метис;"972270000164708";"03.09.2012";11;
собаки;метис;"643094100410157";"03.08.2012";11;
собаки;метис;"972270000171203";"03.08.2012";11;
собаки;метис;"972270000286365";"19.09.2016";11;
собаки;метис;"972270000305106";"30.08.2016";11;
собаки;метис;"972270000185735";"15.08.2016";11;
собаки;метис;"643094100410239";"05.10.2012";11;
собаки;метис;"972270000113231";"11.08.2013";11;
собаки;метис;"972270000303830";"03.09.2012";11;
собаки;метис;"972270000303641";"20.06.2014";11;
собаки;метис;"972270000308241";"09.07.2012";11;
собаки;метис;"972270000315895";"02.09.2012";11;
собаки;метис;"972270000162814";"02.09.2013";11;
собаки;метис;"972270000179056";"26.07.2012";11;
собаки;метис;"972270000160643";"21.04.2012";11;
собаки;метис;"972270000323878";"17.11.2013";11;
собаки;метис;"972270000344335";"07.03.2017";11;
собаки;метис;"643094100009288";"02.12.2010";11;
собаки;метис;"972270000344517";"20.10.2013";11;
собаки;метис;"643094100011145";"07.09.2013";11;
собаки;метис;"972270000303423";"16.06.2012";11;
собаки;метис;"972270000170847";"21.04.2014";11;
собаки;метис;"972270000305548";"14.07.2012";11;
собаки;метис;"972270000179132";"14.07.2012";11;
собаки;метис;"972273000066029";"26.07.2012";11;
собаки;метис;"643095300132425";"19.04.2012";11;
собаки;метис;"972270000286563";"28.01.2014";11;
собаки;метис;"972270000174327";"10.10.2013";11;
собаки;метис;"972270000171875";"11.10.2016";11;
собаки;метис;"972270000114910";"13.09.2013";11;
собаки;метис;"972270000168798";"04.09.2013";11;
собаки;метис;"972270000305982";"27.09.2016";11;
собаки;метис;"643090000002725";"10.10.2016";11;
собаки;метис;"972270000160344";"22.08.2013";11;
собаки;метис;"972270000285638";"04.06.2012";11;
собаки;метис;"643095300132417";"09.08.2013";11;
собаки;метис;"981020009232408";"28.07.2014";11;
собаки;метис;"972270000322163";"15.06.2012";11;
собаки;метис;"981020009198545";"07.10.2013";11;
собаки;метис;"972270000165690";"23.08.2013";11;
собаки;метис;"972270000285514";"25.04.2014";11;
собаки;метис;"972270000113553";"28.02.2014";11;
собаки;метис;"972270000286075";"28.02.2014";11;
собаки;метис;"972270000117615";"25.04.2014";11;
собаки;метис;"972270000345962";"25.04.2014";11;
собаки;метис;"972270000327685";"27.09.2016";11;
собаки;метис;"972270000174910";"29.01.2015";11;
собаки;метис;"972270000168395";"16.03.2012";11;
собаки;метис;"643094100410151";"10.06.2012";11;
собаки;метис;"972270000174288";"19.04.2012";11;
собаки;метис;"972270000171021";"30.11.2015";11;
собаки;метис;"972270000175941";"08.02.2016";11;
собаки;метис;"643095300132567";"12.02.2012";11;
собаки;метис;"972273000067968";"09.06.2011";11;
собаки;метис;"981020009219465";"04.10.2013";11;
собаки;метис;"972270000188866";"23.08.2013";11;
собаки;метис;"972270000306475";"28.03.2014";11;
собаки;метис;"972270000171621";"27.08.2012";11;
собаки;метис;"972270000344269";"03.08.2012";11;
собаки;метис;"972270000168289";"26.08.2012";11;
собаки;метис;"972270000174074";"06.09.2012";11;
собаки;метис;"972270000162540";"26.10.2013";11;
собаки;метис;"972270000164291";"11.2016";11;
собаки;метис;"972270000111080";"14.07.2012";11;
собаки;метис;"972270000174992";"23.04.2015";11;
собаки;метис;"643090000171560";"24.04.2015";11;
собаки;метис;"972270000115745";"31.03.2012";11;
собаки;метис;"972270000171812";"31.03.2012";11;
собаки;метис;"972270000188955";"01.07.2012";11;
собаки;метис;"972270000165709";"21.03.2012";11;
собаки;метис;"972000000870673";"20.10.2013";11;
собаки;метис;"972270000174389";"26.07.2012";11;
собаки;метис;"972270000174050";"07.10.2013";11;
собаки;метис;"972270000160052";"14.11.2013";11;
собаки;метис;"972270000113342";"22.08.2013";11;
собаки;метис;"972270000304949";"27.09.2016";11;
собаки;метис;"972270000165886";"24.10.2013";11;
собаки;метис;"972000000871432";"28.10.2013";11;
собаки;метис;"972270000165973";"24.03.2014";11;
собаки;метис;"972270000171450";"08.11.2012";11;
собаки;метис;"643094100016031";"24.10.2013";11;
собаки;метис;"643094100410084";"25.10.2013";11;
собаки;метис;"972270000285807";"27.09.2016";11;
собаки;метис;"972270000116579";"07.10.2013";11;
собаки;метис;"972270000285738";"15.10.2012";11;
собаки;метис;"972270000165632";"27.09.2016";11;
собаки;метис;"972270000168666";"28.04.2014";11;
собаки;метис;"972270000165534";"16.06.2014";11;
собаки;метис;"972270000296968";"14.03.2014";11;
собаки;метис;"972270000333536";"24.10.2016";11;
собаки;метис;"643090000002799";"03.02.2012";11;
собаки;метис;"643090000003179";"01.04.2012";11;
собаки;метис;"972000000875884";"17.02.2014";11;
собаки;метис;"972270000336214";"21.02.2014";11;
собаки;метис;"643094100014384";"24.10.2016";11;
собаки;метис;"972270000284576";"28.01.2014";11;
собаки;метис;"972270000112970";"28.09.2016";11;
собаки;метис;"972270000168543";"27.09.2016";11;
собаки;метис;"972270000116483";"27.09.2016";11;
собаки;метис;"643110900067473";"20.10.2012";11;
собаки;метис;"972270000112075";"27.09.2016";11;
собаки;метис;"972270000115018";"05.05.2015";11;
собаки;метис;"972270000168259";"19.10.2012";11;
собаки;метис;"972270000314506";"13.06.2014";11;
собаки;метис;"972270000326395";"27.09.2016";11;
собаки;метис;"972270000168274";"23.05.2014";11;
собаки;метис;"972270000164393";"06.05.2012";11;
собаки;метис;"972270000160520";"12.05.2015";11;
собаки;метис;"972270000171072";"12.05.2015";11;
собаки;метис;"972270000286524";"05.05.2015";11;
собаки;метис;"972270000117727";"12.05.2015";11;
собаки;метис;"972270000174681";"22.05.2015";11;
собаки;метис;"972270000283367";"09.11.2015";11;
собаки;метис;"972270000296149";"01.09.2013";11;
собаки;метис;"972270000118475";"15.06.2015";11;
собаки;метис;"972270000112072";"18.04.2014";11;
собаки;метис;"972270000113725";"18.08.2014";11;
собаки;метис;"972270000111236";"29.09.2014";11;
собаки;метис;"972270000302331";"08.10.2015";11;
собаки;метис;"972270000175553";"09.03.2016";11;
собаки;метис;"972270000179213";"27.09.2016";11;
собаки;метис;"972270000160496";"01.09.2012";11;
собаки;метис;"972270000315844";"02.09.2012";11;
собаки;метис;"643094100008085";"07.09.2012";11;
собаки;метис;"972270000308589";"02.08.2012";11;
собаки;метис;"972270000165471";"09.09.2012";11;
собаки;метис;"972270000023295";"27.09.2016";11;
собаки;метис;"972270000162982";"25.07.2014";11;
собаки;метис;"972270000160468";"15.08.2013";11;
собаки;метис;"972270000164211";"18.08.2013";11;
собаки;метис;"941000002505533";"24.08.2013";11;
собаки;метис;"972270000168470";"05.09.2013";11;
собаки;метис;"972270000185962";"20.04.2015";11;
собаки;метис;"643094100410153";"27.04.2015";11;
собаки;метис;"972270000334742";"09.08.2012";11;
собаки;метис;"972270000340204";"27.08.2012";11;
собаки;метис;"972270000031021";"24.02.2012";11;
собаки;метис;"643094100436343";"25.02.2012";11;
собаки;метис;"972270000171064";"01.07.2012";11;
собаки;метис;"972270000119274";"11.2016";11;
собаки;метис;"643090000002760";"20.06.2014";11;
собаки;метис;"643094100436238";"18.07.2016";11;
собаки;метис;"981020009217321";"04.08.2014";11;
собаки;метис;"972270000119847";"27.06.2014";11;
собаки;метис;"643094100002466";"08.06.2012";11;
собаки;метис;"972270000185443";"19.10.2016";11;
собаки;метис;"972270000188154";"02.06.2012";11;
собаки;метис;"972000000875458";"25.02.2012";11;
собаки;метис;"972270000297182";"28.09.2016";11;
собаки;метис;"972270000162407";"29.09.2014";11;
собаки;метис;"972270000332289";"29.09.2008";11;
собаки;метис;"972270000115986";"22.08.2013";11;
собаки;метис;"972270000345032";"08.06.2012";11;
собаки;метис;"972270000113698";"28.09.2016";11;
собаки;метис;"972270000168510";"25.02.2012";11;
собаки;метис;"972270000160749";"06.10.2014";11;
собаки;метис;"972270000158436";"16.02.2015";11;
собаки;метис;"972270000168961";"16.02.2015";11;
собаки;метис;"972270000189110";"16.02.2015";11;
собаки;метис;"981020009197748";"26.05.2014";11;
собаки;метис;"972270000307031";"30.06.2014";11;
собаки;метис;"643110900046056";"30.05.2014";11;
собаки;метис;"972000000873183";"30.05.2014";11;
собаки;метис;"972270000302873";"05.05.2012";11;
собаки;метис;"981020009116438";"28.09.2016";11;
собаки;метис;"643090000082197";"31.03.2014";11;
собаки;метис;"643094100410136";"01.05.2012";11;
собаки;метис;"972270000174767";"04.06.2012";11;
собаки;метис;"972270000171097";"28.10.2012";11;
собаки;метис;"972270000164025";"09.09.2013";11;
собаки;метис;"972270000164615";"03.06.2012";11;
собаки;метис;"972270000171895";"24.02.2012";11;
собаки;метис;"972270000296418";"10.02.2014";11;
собаки;метис;"972270000168012";"13.06.2014";11;
собаки;метис;"972270000315648";"03.02.2014";11;
собаки;метис;"972270000185672";"02.12.2010";11;
собаки;метис;"972270000171785";"01.07.2012";11;
собаки;метис;"972270000188653";"24.02.2012";11;
собаки;метис;"972270000283253";"28.03.2014";11;
собаки;метис;"972270000296121";"25.10.2016";11;
собаки;метис;"972270000179123";"02.06.2012";11;
собаки;метис;"972270000170733";"28.09.2016";11;
собаки;метис;"972270000165271";"02.02.2015";11;
собаки;метис;"972270000165128";"09.09.2013";11;
собаки;метис;"972270000112950";"27.08.2013";11;
собаки;метис;"643094100007244";"28.09.2016";11;
собаки;метис;"972270000170397";"28.06.2013";11;
собаки;метис;"972270000344602";"14.04.2012";11;
собаки;метис;"981020009182164";"27.06.2013";11;
собаки;метис;"972270000164529";"27.06.2013";11;
собаки;метис;"972270000340453";"05.05.2014";11;
собаки;метис;"972270000188436";"30.06.2014";11;
собаки;метис;"643094100410158";"25.10.2016";11;
собаки;метис;"972270000118238";"10.05.2012";11;
собаки;метис;"972270000111527";"15.03.2012";11;
собаки;метис;"941000001321977";"10.05.2012";11;
собаки;метис;"972270000296479";"14.11.2013";11;
собаки;метис;"941000002515814";"17.06.2012";11;
собаки;метис;"972270000297434";"12.05.2012";11;
собаки;метис;"972270000115776";"05.04.2012";11;
собаки;метис;"972000000891137";"10.07.2015";11;
собаки;метис;"972270000113235";"06.06.2014";11;
собаки;метис;"972270000285936";"03.02.2012";11;
собаки;метис;"972270000296770";"29.09.2016";11;
собаки;метис;"972270000305929";"23.03.2015";11;
собаки;метис;"972270000340434";"10.10.2016";11;
собаки;метис;"972270000340767";"09.02.2015";11;
собаки;метис;"972270000341763";"28.09.2016";11;
собаки;метис;"972270000344756";"10.10.2016";11;
собаки;метис;"972270000117556";"15.08.2013";11;
собаки;метис;"643094100410137";"28.09.2016";11;
собаки;метис;"972270000158872";"19.08.2013";11;
собаки;метис;"972270000113377";"29.09.2016";11;
собаки;метис;"972270000115257";"04.04.2014";11;
собаки;метис;"972270000162272";"02.07.2012";11;
собаки;метис;"972270000168989";"15.06.2012";11;
собаки;метис;"972270000186718";"21.03.2013";11;
собаки;метис;"972270000165399";"29.09.2016";11;
собаки;метис;"643090000003188";"29.09.2016";11;
собаки;метис;"972270000336040";"05.02.2015";11;
собаки;метис;"643090000002793";"11.07.2013";11;
собаки;метис;"972270000112472";"06.02.2015";11;
собаки;метис;"972270000113550";"28.03.2014";11;
собаки;метис;"972270000174140";"29.09.2016";11;
собаки;метис;"972270000326244";"30.09.2016";11;
собаки;метис;"643094100436236";"24.08.2013";11;
собаки;метис;"972270000113151";"28.07.2016";11;
собаки;метис;"643094100410139";"17.08.2013";11;
собаки;метис;"972270000296467";"04.04.2014";11;
собаки;метис;"972270000175215";"12.03.2015";11;
собаки;метис;"972270000171815";"11.03.2014";11;
собаки;метис;"643094100009571";"11.03.2013";11;
собаки;метис;"972270000297189";"26.05.2013";11;
собаки;метис;"972270000112099";"17.08.2013";11;
собаки;метис;"972270000323254";"29.07.2016";11;
собаки;метис;"972270000283724";"01.09.2013";11;
собаки;метис;"972270000340524";"01.06.2012";11;
собаки;метис;"972270000340648";"01.04.2012";11;
собаки;метис;"643094100436232";"31.07.2016";11;
собаки;метис;"972270000113394";"06.02.2015";11;
собаки;метис;"972270000113917";"10.12.2015";11;
собаки;метис;"972270000113293";"28.02.2015";11;
собаки;метис;"972270000298045";"17.08.2013";11;
собаки;метис;"972270000185650";"02.03.2013";11;
собаки;метис;"972270000305783";"20.09.2012";11;
собаки;метис;"972270000118654";"02.02.2015";11;
собаки;метис;"643110900045970";"01.03.2013";11;
собаки;метис;"972270000341009";"05.09.2013";11;
собаки;метис;"972270000175688";"18.11.2011";11;
собаки;метис;"972270000285300";"06.05.2012";11;
собаки;метис;"972000000876687";"01.08.2016";11;
собаки;метис;"972270000302853";"01.08.2016";11;
собаки;метис;"643094100017177";"24.10.2013";11;
собаки;метис;"972270000305430";"30.03.2015";11;
собаки;метис;"643094100002115";"12.08.2012";11;
собаки;метис;"972270000304344";"03.08.2012";11;
собаки;метис;"972000000545601";"04.08.2012";11;
собаки;метис;"972270000284828";"30.09.2016";11;
собаки;метис;"643094100005813";"02.02.2013";11;
собаки;метис;"972270000333604";"26.08.2012";11;
собаки;метис;"972270000119459";"04.08.2012";11;
собаки;метис;"972270000164123";"29.06.2013";11;
собаки;метис;"972270000170328";"02.03.2013";11;
собаки;метис;"972000000874833";"16.08.2012";11;
собаки;метис;"643094100013877";"02.02.2015";11;
собаки;метис;"972270000283985";"12.08.2012";11;
собаки;метис;"972270000299703";"11.03.2013";11;
собаки;метис;"972270000286500";"18.04.2013";11;
собаки;метис;"972270000029632";"02.09.2012";11;
собаки;метис;"643094100013561";"16.02.2012";11;
собаки;метис;"643094100410111";"12.08.2012";11;
собаки;метис;"972270000188890";"27.06.2014";11;
собаки;метис;"972000000870470";"30.05.2014";11;
собаки;метис;"972270000305757";"11.2016";11;
собаки;метис;"972270000029730";"15.10.2012";11;
собаки;метис;"972270000286494";"10.10.2016";11;
собаки;метис;"972270000029596";"10.04.2015";11;
собаки;метис;"643090000002721";"30.09.2016";11;
собаки;метис;"972270000285064";"08.08.2013";11;
собаки;метис;"972270000304830";"16.08.2012";11;
собаки;метис;"972000000876984";"22.09.2012";11;
собаки;метис;"972270000305434";"17.08.2012";11;
собаки;метис;"972270000113809";"18.04.2013";11;
собаки;метис;"972270000119573";"18.07.2009";11;
собаки;метис;"941000002604311";"15.08.2016";11;
собаки;метис;"972270000285727";"01.10.2012";11;
собаки;метис;"981020009206357";"02.09.2012";11;
собаки;метис;"972270000304067";"30.09.2016";11;
собаки;метис;"972270000296362";"09.02.2015";11;
собаки;метис;"972270000174302";"07.04.2014";11;
собаки;метис;"972270000188588";"17.04.2014";11;
собаки;метис;"972270000304004";"07.03.2014";11;
собаки;метис;"972270000170185";"31.03.2014";11;
собаки;метис;"972270000304035";"31.03.2014";11;
собаки;метис;"972270000174002";"31.03.2014";11;
собаки;метис;"972270000113259";"19.08.2013";11;
собаки;метис;"643094100009214";"05.10.2012";11;
собаки;метис;"643094100014374";"26.08.2012";11;
собаки;метис;"972270000298033";"13.08.2012";11;
собаки;метис;"972270000335732";"25.08.2014";11;
собаки;метис;"972270000164282";"10.03.2015";11;
собаки;метис;"972270000185835";"15.08.2015";11;
собаки;метис;"972270000164190";"12.09.2014";11;
собаки;метис;"643094100410160";"31.03.2014";11;
собаки;метис;"972270000170736";"31.03.2014";11;
собаки;метис;"972270000185527";"25.10.2016";11;
собаки;метис;"972270000160628";"30.03.2015";11;
собаки;метис;"972270000313902";"28.02.2014";11;
собаки;метис;"972270000160148";"07.12.2015";11;
собаки;метис;"972270000285810";"01.10.2012";11;
собаки;метис;"972270000160930";"04.10.2013";11;
собаки;метис;"972270000305920";"03.03.2014";11;
собаки;метис;"972270000188727";"25.10.2016";11;
собаки;метис;"972270000175432";"30.09.2016";11;
собаки;метис;"972270000165432";"05.10.2015";11;
собаки;метис;"972270000171751";"05.12.2010";11;
собаки;метис;"972270000345440";"11.11.2013";11;
собаки;метис;"972270000344641";"10.04.2015";11;
собаки;метис;"972270000302810,643094100006144";"04.06.2015";11;
собаки;метис;"972270000168821";"01.06.2015";11;
собаки;метис;"972000010012012";"21.04.2013";11;
собаки;метис;"972270000304914";"11.11.2013";11;
собаки;метис;"643094100410152";"12.02.2012";11;
собаки;метис;"972270000286073";"26.02.2015";11;
собаки;метис;"972270000162747";"16.02.2015";11;
собаки;метис;"972270000185769";"28.07.2014";11;
собаки;метис;"972270000160476";"12.07.2012";11;
собаки;метис;"972270000164020";"06.05.2012";11;
собаки;метис;"643094100012152";"26.09.2008";11;
собаки;метис;"981020009196714";"15.03.2012";11;
собаки;метис;"972270000186089";"05.05.2012";11;
собаки;метис;"972270000164588";"05.10.2013";11;
собаки;метис;"643094100410154";"16.06.2012";11;
собаки;метис;"972270000296934";"11.03.2016";11;
собаки;метис;"972270000332967";"01.04.2016";11;
собаки;метис;"972270000339377";"21.03.2016";11;
собаки;метис;"643090000002733";"18.04.2016";11;
собаки;метис;"972270000326982";"14.11.2011";11;
собаки;метис;"972270000327437";"07.10.2013";11;
собаки;метис;"972270000189171";"03.09.2013";11;
собаки;метис;"972270000286299";"24.03.2014";11;
собаки;метис;"972270000165243";"16.06.2012";11;
собаки;метис;"972270000168473";"24.03.2014";11;
собаки;метис;"972270000160192";"24.03.2014";11;
собаки;метис;"972270000308030";"24.03.2014";11;
собаки;метис;"972270000284248";"11.2016";11;
собаки;метис;"643110900046085";"11.2016";11;
собаки;метис;"972270000305147";"21.06.2013";11;
собаки;метис;"972270000327698";"06.09.2013";11;
собаки;метис;"643094100410159";"14.03.2013";11;
собаки;метис;"972270000313184";"10.08.2016";11;
собаки;метис;"643090000002790";"11.2016";11;
собаки;метис;"972270000174041";"25.02.2016";11;
собаки;метис;"972270000185987";"05.11.2015";11;
собаки;метис;"972270000168953";"25.05.2015";11;
собаки;метис;"972270000299828";"11.2016";11;
собаки;метис;"643090000002738";"10.02.2014";11;
собаки;метис;"643094100436233";"11.2016";11;
собаки;метис;"643094100007881";"03.10.2016";11;
собаки;метис;"972000010012292";"09.03.2016";11;
собаки;метис;"643094100092396";"22.12.2012";11;
собаки;метис;"972270000315749";"13.07.2008";11;
собаки;метис;"972270000296893";"14.03.2016";11;
собаки;метис;"900164000425452";"06.12.2012";11;
собаки;метис;"643110900046079";"03.03.2014";11;
собаки;метис;"972270000304945";"03.03.2014";11;
собаки;метис;"972270000315659";"08.04.2013";11;
собаки;метис;"972270000168407";"18.07.2014";11;
собаки;метис;"972270000302679";"02.12.2010";11;
собаки;метис;"972270000322154";"09.06.2012";11;
собаки;метис;"972270000175145";"09.06.2012";11;
собаки;метис;"972270000112889";"12.08.2011";11;
собаки;метис;"941000002530171";"31.08.2015";11;
собаки;метис;"972270000111369";"11.11.2013";11;
собаки;метис;"972270000111245";"04.09.2008";11;
собаки;метис;"972270000309380";"14.08.2008";11;
собаки;метис;"972270000168608";"11.2016";11;
собаки;метис;"981020009124070";"12.03.2012";11;
собаки;метис;"643090000082135";"17.07.2008";11;
собаки;метис;"643090000082150";"28.06.2013";11;
собаки;метис;"643090000082133";"30.06.2013";11;
собаки;метис;"972270000165738";"25.05.2016";11;
собаки;метис;"972270000170623";"01.05.2016";11;
собаки;метис;"643110000521291";"19.05.2016";11;
собаки;метис;"972270000326237";"28.04.2016";11;
собаки;метис;"972270000171936";"01.04.2013";11;
собаки;метис;"972270000148702";"24.03.2014";11;
собаки;метис;"972270000158496";"06.10.2012";11;
собаки;метис;"972270000158035";"18.08.2016";11;
собаки;метис;"643094100436217";"11.03.2014";11;
собаки;метис;"972270000118281";"12.08.2016";11;
собаки;метис;"972270000323164";"05.03.2011";11;
собаки;метис;"972270000174082";"12.08.2016";11;
собаки;метис;"972270000305272";"06.04.2012";11;
собаки;метис;"643094100410196";"06.04.2015";11;
собаки;метис;"643090000082780";"18.04.2013";11;
собаки;метис;"941000002592568";"21.10.2013";11;
собаки;метис;"972270000189841";"05.10.2013";11;
собаки;метис;"643090000002762";"03.10.2013";11;
собаки;метис;"643090000002795";"19.08.2016";11;
собаки;метис;"972270000185599";"07.03.2014";11;
собаки;метис;"941000002497797";"08.09.2014";11;
собаки;метис;"643090000082200";"26.03.2015";11;
собаки;метис;"941000002536603";"26.08.2012";11;
собаки;метис;"643090000082174";"07.07.2013";11;
собаки;метис;"972270000165410";"30.03.2015";11;
собаки;метис;"643090000002737";"13.07.2015";11;
собаки;метис;"643090000002743";"06.07.2015";11;
собаки;метис;"972270000185395";"25.05.2013";11;
собаки;метис;"972270000160135";"03.09.2012";11;
собаки;метис;"972270000170676";"16.06.2013";11;
собаки;метис;"643094100092222";"26.09.2013";11;
собаки;метис;"972270000168387";"02.08.2012";11;
собаки;метис;"972270000171720";"28.06.2013";11;
собаки;метис;"972270000119002";"07.07.2013";11;
собаки;метис;"643090000100725";"24.04.2015";11;
собаки;метис;"972270000314328";"12.07.2016";11;
собаки;метис;"941000002519933";"05.05.2015";11;
собаки;метис;"941000002611632";"11.2016";11;
собаки;метис;"643094100436215";"23.12.2012";11;
собаки;метис;"972270000110003";"21.11.2017";11;
собаки;метис;"941000002599172";"07.07.2014";11;
собаки;метис;"972270000304856";"07.07.2014";11;
собаки;метис;"972270000322408";"21.03.2014";11;
собаки;метис;"643090000082109";"10.05.2014";11;
собаки;метис;"643090000082114";"15.11.2013";11;
собаки;метис;"643090000082703";"08.12.2012";11;
собаки;метис;"643090000082702";"19.08.2016";11;
собаки;метис;"972270000283475";"11.03.2013";11;
собаки;метис;"972000000857867";"24.12.2012";11;
собаки;метис;"972270000188982";"01.06.2012";11;
собаки;метис;"972270000308140";"07.03.2014";11;
собаки;метис;"643094100410200";"02.02.2015";11;
собаки;метис;"972270000112566";"21.10.2016";11;
собаки;метис;"643094100410018";"05.05.2012";11;
собаки;метис;"972270000113013";"18.10.2013";11;
собаки;метис;"972270000313745";"10.12.2015";11;
собаки;метис;"643094100092337";"27.10.2016";11;
собаки;метис;"972270000305324";"03.12.2015";11;
собаки;метис;"972270000313364";"14.03.2016";11;
собаки;метис;"972270000306163";"26.09.2014";11;
собаки;метис;"972270000291193";"14.07.2014";11;
собаки;метис;"900164000425901";"19.05.2014";11;
собаки;метис;"643090000002788";"01.06.2015";11;
собаки;метис;"643094100018238";"31.08.2014";11;
собаки;метис;"972270000340276";"13.08.2016";11;
собаки;метис;"981020009198940";"23.05.2016";11;
собаки;метис;"972270000174827";"25.05.2014";11;
собаки;метис;"972270000306560";"11.03.2013";11;
собаки;метис;"972270000341336";"20.01.2013";11;
собаки;метис;"643110900045963";"10.02.2013";11;
собаки;метис;"643110900045964";"06.04.2013";11;
собаки;метис;"972270000286834";"18.02.2013";11;
собаки;метис;"972270000185158";"13.09.2016";11;
собаки;метис;"972270000283867";"02.12.2012";11;
собаки;метис;"972270000171159";"16.11.2013";11;
собаки;метис;"972270000170822";"10.12.2015";11;
собаки;метис;"972270000322464";"07.04.2014";11;
собаки;метис;"972270000297720";"16.06.2014";11;
собаки;метис;"981020009221846";"07.07.2016";11;
собаки;метис;"972270000304039";"21.12.2012";11;
собаки;метис;"643094100436212";"21.08.2016";11;
собаки;метис;"972270000162687";"02.03.2015";11;
собаки;метис;"972270000168892";"11.11.2013";11;
собаки;метис;"972270000341493";"16.06.2012";11;
собаки;метис;"972270000344262";"15.04.2013";11;
собаки;метис;"972270000020156";"14.09.2015";11;
собаки;метис;"972270000341399";"21.03.2014";11;
собаки;метис;"972270000168956";"17.03.2014";11;
собаки;метис;"972270000188809";"21.03.2014";11;
собаки;метис;"972270000283394";"04.06.2012";11;
собаки;метис;"972270000185637";"25.01.2016";11;
собаки;метис;"972270000116323";"11.09.2015";11;
собаки;метис;"643090000002722";"23.06.2016";11;
собаки;метис;"972270000340598";"07.12.2015";11;
собаки;метис;"972270000296865";"10.12.2015";11;
собаки;метис;"643094100005146";"22.12.2012";11;
собаки;метис;"972270000113549";"09.11.2015";11;
собаки;метис;"972270000298233";"06.04.2012";11;
собаки;метис;"981020009203096";"27.09.2012";11;
собаки;метис;"981020009174762";"11.04.2013";11;
собаки;метис;"643090000082181";"24.01.2014";11;
собаки;метис;"972270000303638";"07.12.2012";11;
собаки;метис;"972270000341301";"29.09.2014";11;
собаки;метис;"972270000340700";"07.03.2014";11;
собаки;метис;"643110900046082";"21.08.2016";11;
собаки;метис;"972270000303165";"22.08.2016";11;
собаки;метис;"643094100410016";"13.06.2013";11;
собаки;метис;"643090000082118";"06.10.2014";11;
собаки;метис;"643090000082105";"12.07.2016";11;
собаки;метис;"972270000179240";"03.03.2014";11;
собаки;метис;"972270000170914";"01.06.2012";11;
собаки;метис;"972270000164905";"06.04.2015";11;
собаки;метис;"972270000164590";"27.02.2015";11;
собаки;метис;"972270000170109";"28.07.2014";11;
собаки;метис;"981020009218529";"11.04.2014";11;
собаки;метис;"972270000165968";"06.06.2014";11;
собаки;метис;"972270000168576";"01.12.2012";11;
собаки;метис;"981020009213755";"05.04.2013";11;
собаки;метис;"972270000327263";"15.08.2016";11;
собаки;метис;"972270000186235";"15.08.2016";11;
собаки;метис;"972270000020300";"17.10.2013";11;
собаки;метис;"981020009173862";"09.07.2012";11;
собаки;метис;"972270000185893";"14.10.2011";11;
собаки;метис;"900164000426747";"17.03.2014";11;
собаки;метис;"972270000305004";"04.07.2014";11;
собаки;метис;"972270000308275";"15.08.2016";11;
собаки;метис;"972270000175390";"07.03.2014";11;
собаки;метис;"972270000305363";"20.11.2011";11;
собаки;метис;"643110000521302";"10.11.2015";11;
собаки;метис;"972270000029025";"04.10.2013";11;
собаки;метис;"972270000187507";"10.10.2013";11;
собаки;метис;"972270000326832";"04.12.2010";11;
собаки;метис;"972000000876675";"24.12.2012";11;
собаки;метис;"972270000160164";"04.06.2009";11;
собаки;метис;"981020009203162";"28.07.2014";11;
собаки;метис;"643110000521301";"05.06.2009";11;
собаки;метис;"643110000009800";"28.04.2014";11;
собаки;метис;"981020009211244";"15.04.2013";11;
собаки;метис;"981020009232639";"20.06.2014";11;
собаки;метис;"643098100103636";"26.01.2015";11;
собаки;метис;"972270000112667";"11.11.2013";11;
собаки;метис;"972270000162691";"26.09.2014";11;
собаки;метис;"972270000326288";"15.08.2016";11;
собаки;метис;"972270000284435";"13.02.2015";11;
собаки;метис;"972270000287669";"23.09.2012";11;
собаки;метис;"972270000168559";"25.04.2009";11;
собаки;метис;"972270000303606";"02.02.2015";11;
собаки;метис;"972270000029971";"05.10.2013";11;
собаки;метис;"972270000117211";"03.05.2012";11;
собаки;метис;"643094100014362";"10.04.2015";11;
собаки;метис;"972270000283494";"04.06.2012";11;
собаки;метис;"972270000303840";"22.08.2016";11;
собаки;метис;"981020009193176";"13.07.2012";11;
собаки;метис;"643090000002741";"02.02.2015";11;
собаки;метис;"972270000112508";"04.02.2012";11;
собаки;метис;"972270000029136";"28.04.2014";11;
собаки;метис;"972270000303449";"15.03.2013";11;
собаки;метис;"972270000168389";"15.10.2013";11;
собаки;метис;"972270000345234";"02.02.2015";11;
собаки;метис;"972270000341669";"22.11.2015";11;
собаки;метис;"972270000160721";"22.09.2014";11;
собаки;метис;"972270000286592";"20.10.2013";11;
собаки;метис;"643094100410009";"21.02.2014";11;
собаки;метис;"643094100410015";"03.10.2016";11;
собаки;метис;"972270000236411";"15.11.2013";11;
собаки;метис;"972270000175139";"08.04.2012";11;
собаки;метис;"972270000114943";"02.04.2012";11;
собаки;метис;"972270000023258";"10.10.2013";11;
собаки;метис;"972270000340582";"27.08.2016";11;
собаки;метис;"972270000023828";"29.01.2015";11;
собаки;метис;"972270000174876";"02.12.2011";11;
собаки;метис;"972000000891255";"22.09.2014";11;
собаки;метис;"972270000313285";"22.09.2014";11;
собаки;метис;"643094100092344";"22.01.2012";11;
собаки;метис;"972270000165936";"10.10.2013";11;
собаки;метис;"941000002513673";"04.10.2016";11;
собаки;метис;"972270000164005";"14.08.2015";11;
собаки;метис;"941000002595167";"08.06.2015";11;
собаки;метис;"972270000160413";"20.10.2013";11;
собаки;метис;"972270000283875";"28.08.2016";11;
собаки;метис;"972270000340502";"28.08.2016";11;
собаки;метис;"972270000284724";"28.08.2016";11;
собаки;метис;"972270000283566";"06.04.2015";11;
собаки;метис;"643094100410194";"14.05.2012";11;
собаки;метис;"972270000303099";"22.01.2015";11;
собаки;метис;"972270000185240";"21.03.2013";11;
собаки;метис;"941000002539327";"16.06.2014";11;
собаки;метис;"972270000296431";"10.10.2008";11;
собаки;метис;"972270000322838";"05.05.2014";11;
собаки;метис;"972270000117393";"14.10.2012";11;
собаки;метис;"972270000296018";"17.10.2013";11;
собаки;метис;"972270000113706";"28.01.2012";11;
собаки;метис;"643094100410007";"28.10.2012";11;
собаки;метис;"972270000160114";"22.08.2016";11;
собаки;метис;"972270000115724";"24.10.2013";11;
собаки;метис;"972270000334826";"24.02.2014";11;
собаки;метис;"972270000285751";"15.09.2014";11;
собаки;метис;"972270000232768";"24.02.2014";11;
собаки;метис;"972270000296933";"24.02.2014";11;
собаки;метис;"941000002530702";"19.08.2013";11;
собаки;метис;"972270000284076";"29.08.2016";11;
собаки;метис;"972270000170479";"29.08.2016";11;
собаки;метис;"643090000002753";"06.10.2012";11;
собаки;метис;"643094100018181";"27.06.2013";11;
собаки;метис;"972270000179066";"07.07.2012";11;
собаки;метис;"972270000110170";"05.10.2013";11;
собаки;метис;"972270000110066";"09.10.2008";11;
собаки;метис;"972000000876543";"06.07.2013";11;
собаки;метис;"643110900045965";"07.10.2012";11;
собаки;метис;"972270000297116";"26.10.2013";11;
собаки;метис;"972270000171553";"01.10.2012";11;
собаки;метис;"941000002536337";"01.06.2012";11;
собаки;метис;"972270000171213";"04.06.2012";11;
собаки;метис;"972270000297407";"26.01.2015";11;
собаки;метис;"972270000113861";"01.10.2012";11;
собаки;метис;"972270000236049";"23.08.2016";11;
собаки;метис;"972000000848656";"23.08.2016";11;
собаки;метис;"643090000100429";"26.01.2015";11;
собаки;метис;"643110900046071";"24.08.2016";11;
собаки;метис;"972270000185319";"07.05.2012";11;
собаки;метис;"643094100012351";"24.10.2013";11;
собаки;метис;"643094100009228";"04.02.2012";11;
собаки;метис;"643094100009029";"11.11.2010";11;
собаки;метис;"643094100008725";"04.11.2010";11;
собаки;метис;"972270000306499";"22.10.2012";11;
собаки;метис;"972270000116143";"19.09.2013";11;
собаки;метис;"972270000296653";"23.01.2015";11;
собаки;метис;"972270000283979";"19.09.2013";11;
собаки;метис;"972270000340222";"22.10.2016";11;
собаки;метис;"941000002506655";"27.09.2013";11;
собаки;метис;"972270000185932";"23.09.2013";11;
собаки;метис;"972270000298684";"05.05.2012";11;
собаки;метис;"972270000110361";"23.01.2016";11;
собаки;метис;"972270000174602";"22.10.2016";11;
собаки;метис;"643094100410002";"06.10.2012";11;
собаки;метис;"972270000312088";"08.10.2012";11;
собаки;метис;"972270000314890";"17.05.2012";11;
собаки;метис;"972270000315301";"12.07.2012";11;
собаки;метис;"972270000307108";"09.06.2014";11;
собаки;метис;"972270000315650";"01.06.2012";11;
собаки;метис;"941000000756356";"10.12.2015";11;
собаки;метис;"941000002032119";"06.06.2014";11;
собаки;метис;"972270000165646";"04.10.2016";11;
собаки;метис;"972270000286669";"15.04.2012";11;
собаки;метис;"972270000111831";"02.11.2015";11;
собаки;метис;"972270000285618";"17.11.2013";11;
собаки;метис;"941000002517177";"25.12.2015";11;
собаки;метис;"972270000186289";"19.08.2013";11;
собаки;метис;"972270000309442";"21.12.2015";11;
собаки;метис;"972270000174052";"05.10.2016";11;
собаки;метис;"972270000291724";"08.11.2010";11;
собаки;метис;"972270000165057";"11.11.2010";11;
собаки;метис;"972270000116005";"01.04.2013";11;
собаки;метис;"972270000113243";"22.12.2015";11;
собаки;метис;"972270000284954";"24.10.2013";11;
собаки;метис;"972270000165082";"01.04.2013";11;
собаки;метис;"643094100410001";"05.10.2016";11;
собаки;метис;"643094100410124";"09.07.2012";11;
собаки;метис;"972270000297789";"07.12.2015";11;
собаки;метис;"643094100410006";"09.06.2012";11;
собаки;метис;"972270000113708";"24.10.2013";11;
собаки;метис;"972270000164010";"26.01.2015";11;
собаки;метис;"972270000115323";"17.11.2013";11;
собаки;метис;"972000000550485";"02.06.2013";11;
собаки;метис;"972000000873582";"24.10.2013";11;
собаки;метис;"972270000165251";"15.04.2012";11;
собаки;метис;"972270000297658";"01.04.2013";11;
собаки;метис;"972270000283922";"28.01.2012";11;
собаки;метис;"972270000296127";"23.04.2015";11;
собаки;метис;"643094100410003";"03.12.2015";11;
собаки;метис;"972270000305064";"15.08.2014";11;
собаки;метис;"972270000303753";"18.08.2014";11;
собаки;метис;"972270000307595";"15.08.2014";11;
собаки;метис;"972270000111235";"05.10.2013";11;
собаки;метис;"972270000296842";"05.04.2013";11;
собаки;метис;"643094100410008";"18.08.2013";11;
собаки;метис;"972270000168462";"26.11.2010";11;
собаки;метис;"972270000115825";"17.02.2012";11;
собаки;метис;"972270000175244";"27.12.2015";11;
собаки;метис;"972270000341196";"06.12.2012";11;
собаки;метис;"972270000117607";"10.06.2012";11;
собаки;метис;"972000000873768";"15.09.2013";11;
собаки;метис;"972270000345453";"26.01.2015";11;
собаки;метис;"643094100011990";"11.2016";11;
собаки;метис;"972270000113700";"15.03.2013";11;
собаки;метис;"981020009123170";"17.11.2013";11;
собаки;метис;"972270000314897";"15.06.2012";11;
собаки;метис;"643094100005928";"03.02.2014";11;
собаки;метис;"972270000305774";"15.03.2012";11;
собаки;метис;"643094100004227";"08.09.2012";11;
собаки;метис;"972270000020078";"23.09.2012";11;
собаки;метис;"972000000907460";"05.10.2013";11;
собаки;метис;"972000000868410";"05.08.2013";11;
собаки;метис;"972270000305825";"07.09.2012";11;
собаки;метис;"643094100004459";"09.09.2012";11;
собаки;метис;"972270000305882";"27.09.2012";11;
собаки;метис;"643094100410010";"26.01.2015";11;
собаки;метис;"972270000164783";"28.06.2012";11;
собаки;метис;"972270000168622";"10.10.2013";11;
собаки;метис;"972270000171006";"18.08.2016";11;
собаки;метис;"972270000286590";"07.09.2015";11;
собаки;метис;"972270000302353";"07.09.2015";11;
собаки;метис;"972270000232321";"08.02.2016";11;
собаки;метис;"972270000304194";"09.09.2012";11;
собаки;метис;"972270000307453";"18.08.2016";11;
собаки;метис;"972270000117722";"05.01.2016";11;
собаки;метис;"972270000305439";"04.10.2013";11;
собаки;метис;"972270000118368";"14.06.2012";11;
собаки;метис;"972270000296953";"07.01.2016";11;
собаки;метис;"643094100006462";"11.2016";11;
собаки;метис;"972270000344553";"02.07.2012";11;
собаки;метис;"972270000303533";"03.10.2011";11;
собаки;метис;"972270000284700";"30.08.2016";11;
собаки;метис;"972270000286430";"08.07.2013";11;
собаки;метис;"972270000160596";"30.06.2013";11;
собаки;метис;"972270000285383";"17.02.2014";11;
собаки;метис;"972000000875277";"24.10.2011";11;
собаки;метис;"972270000179106";"01.02.2016";11;
собаки;метис;"643094100013245";"18.07.2014";11;
собаки;метис;"972270000186773";"01.02.2016";11;
собаки;метис;"972270000188387";"01.04.2013";11;
собаки;метис;"972270000284355";"05.05.2014";11;
собаки;метис;"972270000174502";"08.09.2012";11;
собаки;метис;"972270000284918";"25.08.2016";11;
собаки;метис;"972270000314772";"08.09.2012";11;
собаки;метис;"972270000160035";"14.04.2013";11;
собаки;метис;"972270000345201";"26.08.2016";11;
собаки;метис;"972270000110481";"05.10.2013";11;
собаки;метис;"972270000164812";"11.10.2013";11;
собаки;метис;"972270000171183";"05.01.2016";11;
собаки;метис;"972270000285337";"17.02.2014";11;
собаки;метис;"972270000160992";"08.01.2016";11;
собаки;метис;"972270000170165";"26.08.2016";11;
собаки;метис;"972270000168536";"10.01.2016";11;
собаки;метис;"972270000160484";"26.08.2016";11;
собаки;метис;"972270000297821";"01.06.2015";11;
собаки;метис;"972270000312697";"02.02.2015";11;
собаки;метис;"643094100410193";"02.02.2015";11;
собаки;метис;"643110000521299";"12.01.2016";11;
собаки;метис;"643110000521323";"06.02.2014";11;
собаки;метис;"972270000164508";"28.10.2013";11;
собаки;метис;"643094100410126";"04.02.2016";11;
собаки;метис;"972000000872259";"11.2016";11;
собаки;метис;"972270000312551";"11.2016";11;
собаки;метис;"972270000185372";"05.11.2011";11;
собаки;метис;"972000000857399";"11.12.2011";11;
собаки;метис;"941000002503982";"09.11.2015";11;
собаки;метис;"972270000170154";"20.11.2010";11;
собаки;метис;"972270000119929";"05.02.2015";11;
собаки;метис;"972273000067526";"21.11.2010";11;
собаки;метис;"972270000314483";"23.08.2013";11;
собаки;метис;"972270000322692";"21.10.2013";11;
собаки;метис;"643090000002772";"06.10.2013";11;
собаки;метис;"972270000110477";"30.05.2013";11;
собаки;метис;"643090000082782";"31.08.2016";11;
собаки;метис;"972270000179043";"01.09.2013";11;
собаки;метис;"643090000082794";"28.06.2012";11;
собаки;метис;"972270000285582";"14.04.2013";11;
собаки;метис;"972270000160538";"13.12.2013";11;
собаки;метис;"972270000340114";"02.09.2016";11;
собаки;метис;"972270000168705";"01.04.2013";11;
собаки;метис;"643094100410127";"17.10.2016";11;
собаки;метис;"972270000162729";"16.03.2015";11;
собаки;метис;"972270000304881";"16.03.2015";11;
собаки;метис;"643094100410014";"30.03.2015";11;
собаки;метис;"972270000303860";"19.09.2014";11;
собаки;метис;"972000000859420";"30.07.2009";11;
собаки;метис;"972270000315380";"01.04.2013";11;
собаки;метис;"972000000848332";"30.07.2009";11;
собаки;метис;"643094100410122";"06.04.2015";11;
собаки;метис;"972000000866813";"14.06.2012";11;
собаки;метис;"643094100410121";"23.12.2011";11;
собаки;метис;"900164000426605";"06.11.2011";11;
собаки;метис;"972270000297665";"30.06.2013";11;
собаки;метис;"972270000286323";"28.02.2014";11;
собаки;метис;"972000000844669";"11.05.2014";11;
собаки;метис;"643090000002794";"11.10.2013";11;
собаки;метис;"972270000297415";"13.02.2012";11;
собаки;метис;"643094100004892";"27.11.2010";11;
собаки;метис;"643095300122370";"11.11.2011";11;
собаки;метис;"900164000426210";"01.04.2013";11;
собаки;метис;"972270000175074";"26.06.2011";11;
собаки;метис;"972270000176000";"14.04.2013";11;
собаки;метис;"981020009078468";"02.03.2012";11;
собаки;метис;"972270000029697";"07.10.2016";11;
собаки;метис;"972270000297239";"07.04.2013";11;
собаки;метис;"972270000024803";"07.04.2014";11;
собаки;метис;"972270000284396";"11.2016";11;
собаки;метис;"972270000297697";"05.10.2013";11;
собаки;метис;"972270000174134";"02.09.2016";11;
собаки;метис;"972270000305871";"01.06.2013";11;
собаки;метис;"643094100410130";"08.09.2016";11;
собаки;метис;"972270000174729";"05.02.2016";11;
собаки;метис;"972270000174581";"08.02.2016";11;
собаки;метис;"972270000174279";"02.11.2015";11;
собаки;метис;"972270000313946";"08.02.2016";11;
собаки;метис;"643094100410004";"02.11.2015";11;
собаки;метис;"972270000304896";"12.10.2015";11;
собаки;метис;"643094100410155";"02.11.2015";11;
собаки;метис;"972270000303468";"07.04.2016";11;
собаки;метис;"972270000303328";"05.05.2014";11;
собаки;метис;"972270000340189";"19.02.2015";11;
собаки;метис;"972270000305275";"29.01.2016";11;
собаки;метис;"643094100015102";"18.10.2013";11;
собаки;метис;"972270000296037";"06.07.2013";11;
собаки;метис;"643094100017731";"21.03.2013";11;
собаки;метис;"972270000296511";"17.10.2016";11;
собаки;метис;"972270000160844";"07.12.2015";11;
собаки;метис;"972270000174668";"15.04.2012";11;
собаки;метис;"972270000174430";"27.11.2010";11;
собаки;метис;"972270000315235";"04.10.2013";11;
собаки;метис;"643090000002789";"23.01.2015";11;
собаки;метис;"972270000326433";"05.02.2015";11;
собаки;метис;"972270000160562";"07.09.2015";11;
собаки;метис;"972270000179243";"20.06.2014";11;
собаки;метис;"972270000027932";"18.10.2013";11;
собаки;метис;"972270000175090";"26.01.2015";11;
собаки;метис;"972270000286184";"18.07.2009";11;
собаки;метис;"972270000114909";"12.07.2012";11;
собаки;метис;"972270000305451";"16.03.2012";11;
собаки;метис;"972270000115048";"03.09.2016";11;
собаки;метис;"643094100007775";"03.09.2016";11;
собаки;метис;"972270000304434";"24.03.2014";11;
собаки;метис;"972270000332050";"30.06.2014";11;
собаки;метис;"972270000164279";"04.09.2016";11;
собаки;метис;"972270000286146";"28.06.2012";11;
собаки;метис;"643094100006703";"11.11.2011";11;
собаки;метис;"972270000304972";"22.08.2013";11;
собаки;метис;"643094100004281";"10.05.2012";11;
собаки;метис;"643090000082791";"26.01.2015";11;
собаки;метис;"981020009180966";"22.07.2016";11;
собаки;метис;"981020009192243";"22.07.2016";11;
собаки;метис;"981020009186389";"22.07.2016";11;
собаки;метис;"981020009086710";"14.07.2012";11;
собаки;метис;"981020009117989";"09.08.2016";11;
собаки;метис;"643090000082146";"04.10.2012";11;
собаки;метис;"972270000344253";"18.07.2014";11;
собаки;метис;"972270000286284";"11.11.2012";11;
собаки;метис;"981020009234471";"26.09.2014";11;
собаки;метис;"972270000160364";"22.08.2014";11;
собаки;метис;"972270000315089";"26.09.2014";11;
собаки;метис;"972270000303100";"11.07.2013";11;
собаки;метис;"643094100410088";"19.08.2013";11;
собаки;метис;"972270000165235";"21.10.2013";11;
собаки;метис;"972270000112226";"05.09.2014";11;
собаки;метис;"972270000027061";"09.04.2012";11;
собаки;метис;"972270000170781";"03.05.2014";11;
собаки;метис;"972270000303108";"02.07.2012";11;
собаки;метис;"972270000305764";"15.04.2013";11;
собаки;метис;"643110000521341";"13.07.2015";11;
собаки;метис;"972270000168704";"15.05.2015";11;
собаки;метис;"972270000284504";"11.2016";11;
собаки;метис;"643094100013348";"18.07.2014";11;
собаки;метис;"972270000112412";"30.06.2014";11;
собаки;метис;"972270000118424";"04.09.2016";11;
собаки;метис;"900164000426738";"04.09.2016";11;
собаки;метис;"972000000858926";"02.06.2012";11;
собаки;метис;"972270000189936";"05.09.2016";11;
собаки;метис;"972270000341256";"19.10.2012";11;
собаки;метис;"643094100011235";"05.09.2016";11;
собаки;метис;"972270000112682";"28.10.2016";11;
собаки;метис;"972270000165101";"19.08.2013";11;
собаки;метис;"972270000112389";"08.07.2013";11;
собаки;метис;"643094100004523";"19.10.2012";11;
собаки;метис;"643094100004740";"15.10.2012";11;
собаки;метис;"643094100004415";"07.10.2012";11;
собаки;метис;"972270000160131";"24.02.2015";11;
собаки;метис;"981020009196444";"30.06.2014";11;
собаки;метис;"972270000298022";"12.07.2013";11;
собаки;метис;"972270000186122";"08.11.2012";11;
собаки;метис;"972270000160025";"06.09.2016";11;
собаки;метис;"972270000165478";"02.06.2014";11;
собаки;метис;"972270000297864";"21.10.2012";11;
собаки;метис;"972270000323346";"07.07.2014";11;
собаки;метис;"972270000302418";"23.06.2014";11;
собаки;метис;"972270000306242";"22.10.2012";11;
собаки;метис;"972270000164240";"21.10.2012";11;
собаки;метис;"972270000305065";"20.10.2012";11;
собаки;метис;"972270000304322";"20.10.2012";11;
собаки;метис;"972270000116297";"11.2016";11;
собаки;метис;"972270000345863";"18.10.2012";11;
собаки;метис;"972270000119410";"23.09.2012";11;
собаки;метис;"972270000304037";"03.09.2012";11;
собаки;метис;"643110900045975";"06.10.2012";11;
собаки;метис;"643110900045966";"15.09.2014";11;
собаки;метис;"972270000189834";"15.09.2014";11;
собаки;метис;"972270000030819";"15.09.2014";11;
собаки;метис;"972270000345289";"15.09.2014";11;
собаки;метис;"972270000344432";"15.09.2014";11;
собаки;метис;"643094100410081";"10.09.2012";11;
собаки;метис;"941000002005115";"21.04.2014";11;
собаки;метис;"972270000162916";"18.10.2016";11;
собаки;метис;"972270000175716";"22.11.2012";11;
собаки;метис;"972270000186336";"28.09.2015";11;
собаки;метис;"643094100410085";"04.05.2013";11;
собаки;метис;"643094100436348";"15.09.2014";11;
собаки;метис;"972270000314977";"07.04.2012";11;
собаки;метис;"972270000307320";"02.02.2012";11;
собаки;метис;"972270000340516";"24.02.2014";11;
собаки;метис;"972270000188994";"28.01.2014";11;
собаки;метис;"972270000162873";"07.08.2016";11;
собаки;метис;"972270000188698";"04.09.2016";11;
собаки;метис;"972270000304742";"08.06.2015";11;
собаки;метис;"972270000335934";"11.11.2011";11;
собаки;метис;"972270000286686";"04.02.2013";11;
собаки;метис;"972270000185171";"02.12.2010";11;
собаки;метис;"972270000345855";"15.08.2013";11;
собаки;метис;"972270000344502";"07.11.2016";11;
собаки;метис;"972270000185404";"07.11.2016";11;
собаки;метис;"972270000185728";"07.11.2016";11;
собаки;метис;"972270000188290";"07.11.2016";11;
собаки;метис;"972270000186741";"07.11.2016";11;
собаки;метис;"972270000185215";"07.11.2016";11;
собаки;метис;"972270000188280";"14.11.2016";11;
собаки;метис;"972270000171087";"14.11.2016";11;
собаки;метис;"972270000158354";"14.11.2016";11;
собаки;метис;"972270000314915";"14.11.2016";11;
собаки;метис;"972270000323757";"14.11.2016";11;
собаки;метис;"972270000306739";"14.11.2016";11;
собаки;метис;"972270000308395";"21.11.2016";11;
собаки;метис;"972270000186010";"21.11.2016";11;
собаки;метис;"972270000906199";"21.11.2016";11;
собаки;метис;"972270000029573";"21.11.2016";11;
собаки;метис;"972270000186708";"21.11.2016";11;
собаки;метис;"981020009078255";"24.11.2016";11;
собаки;метис;"972270000297109";"29.11.2016";11;
собаки;метис;"972270000309298";"29.11.2016";11;
собаки;метис;"972270000118860";"29.11.2016";11;
собаки;метис;"643090000002786";"06.12.2016";11;
собаки;метис;"972270000286884";"06.12.2016";11;
собаки;метис;"643094100003592";"13.12.2016";11;
собаки;метис;"643010000004262";"13.12.2016";11;
собаки;метис;"643110900046081";"13.12.2016";11;
собаки;метис;"972270000170047";"13.12.2016";11;
собаки;метис;"941000002519029";"13.12.2016";11;
собаки;метис;"972270000030488";"20.12.2016";11;
собаки;метис;"972270000162113";"20.12.2016";11;
собаки;метис;"972270000115897";"27.12.2016";11;
собаки;метис;"972270000305482";"27.12.2016";11;
собаки;метис;"634095300122241";"22.01.2017";11;
собаки;метис;"634095300122360";"22.01.2017";11;
собаки;метис;"643095300122298";"01.03.2017";11;
собаки;метис;"634095300122369";"01.03.2017";11;
собаки;метис;"634095300122393";"01.03.2017";11;
собаки;метис;"981020009216931";"02.03.2017";11;
собаки;метис;"634095300122259";"04.03.2017";11;
собаки;метис;"981020009194640";"18.03.2017";11;
собаки;метис;"981020009224663";"21.03.2017";11;
собаки;метис;"981020009218476";"21.03.2017";11;
собаки;метис;"981020009206860";"21.03.2017";11;
собаки;метис;"981020009213677";"24.03.2017";11;
собаки;метис;"981020009213218";"24.03.2017";11;
собаки;метис;"981020009175322";"28.03.2017";11;
собаки;метис;"981020009213422";"29.03.2017";11;
собаки;метис;"981020009216087";"29.03.2017";11;
собаки;метис;"981020009187583";"31.03.2017";11;
собаки;метис;"981020009159966";"01.04.2017";11;
собаки;метис;"981020009198985";"14.04.2017";11;
собаки;метис;"981020009170901";"15.04.2017";11;
собаки;метис;"643095317826545";"15.04.2017";11;
собаки;метис;"981020009199154";"15.04.2017";11;
собаки;метис;"643095317826550";"18.04.2017";11;
собаки;метис;"643095317830962";"20.04.2017";11;
собаки;метис;"643095317830968";"01.05.2017";11;
собаки;метис;"643095317830964";"01.05.2017";11;
собаки;метис;"981020009210226";"01.05.2017";11;
собаки;метис;"981020009232038";"04.05.2017";11;
собаки;метис;"643094100014007";"13.05.2017";11;
собаки;метис;"643010000001428";"13.05.2017";11;
собаки;метис;"981020009162949";"16.05.2017";11;
собаки;метис;"981020009222370";"19.05.2017";11;
собаки;метис;"981020009180001";"19.05.2017";11;
собаки;метис;"643095317826537";"21.05.2017";11;
собаки;метис;"981020009198456";"21.05.2017";11;
собаки;метис;"643090000170529";"25.05.2017";11;
собаки;метис;"643090000170530";"27.05.2017";11;
собаки;метис;"972270000405582";"27.05.2017";11;
собаки;метис;"643090000171624";"27.05.2017";11;
собаки;метис;"643090000171544";"14.09.2013";11;
собаки;метис;"643090000171569";"27.05.2017";11;
собаки;метис;"643110000411082";"28.05.2017";11;
собаки;метис;"643110800013805";"01.06.2017";11;
собаки;метис;"643110800013808";"01.06.2017";11;
собаки;метис;"643110800013810";"01.06.2017";11;
собаки;метис;"643090000171541";"06.06.2017";11;
собаки;метис;"643090000171542";"09.06.2017";11;
собаки;метис;"643090000275002";"13.06.2017";11;
собаки;метис;"643110800013081";"14.06.2017";11;
собаки;метис;"643110800013985";"14.06.2017";11;
собаки;метис;"643090000171578";"16.06.2017";11;
собаки;метис;"981020009203988";"17.06.2017";11;
собаки;метис;"643090000204036";"18.06.2017";11;
собаки;метис;"643090000204037";"21.06.2017";11;
собаки;метис;"643090000171615";"21.06.2017";11;
собаки;метис;"643094100423272";"18.06.2017";11;
собаки;метис;"643090000204014";"18.06.2017";11;
собаки;метис;"643090000204005";"18.06.2017";11;
собаки;метис;"643090000204010";"27.06.2017";11;
собаки;метис;"643090000203987";"27.06.2017";11;
собаки;метис;"643090000203996";"30.06.2017";11;
собаки;метис;"643090000204023";"02.07.2017";11;
собаки;метис;"643090000204011";"02.07.2017";11;
собаки;метис;"643090000171623";"02.07.2017";11;
собаки;метис;"643090000171621";"21.07.2017";11;
собаки;метис;"643090000203993";"24.07.2017";11;
собаки;метис;"643090000203991";"24.07.2017";11;
собаки;метис;"643110800013926";"24.07.2017";11;
собаки;метис;"643110800203971";"27.07.2017";11;
собаки;метис;"643090000203975";"18.04.2016";11;
собаки;метис;"643090000203973";"03.03.2014";11;
собаки;метис;"972270000186139";"21.04.2014";11;
собаки;метис;"643090000203974";"18.02.2016";11;
собаки;метис;"643090000203958";"05.08.2016";11;
собаки;метис;"643090000171619";"06.08.2016";11;
собаки;метис;"643090000203962";"23.10.2016";11;
собаки;метис;"643090000203963";"15.09.2016";11;
собаки;метис;"643110800013924";"24.10.2016";11;
собаки;метис;"643090000264713";"19.11.2015";11;
собаки;метис;"643090000264706";"19.11.2015";11;
собаки;метис;"643090000264712";"19.11.2015";11;
собаки;метис;"643090000047845";"18.07.2016";11;
собаки;метис;"643090000264707";"23.09.2016";11;
собаки;метис;"643090000159307";"23.09.2016";11;
собаки;метис;"643090000264700";"23.08.2013";11;
собаки;метис;"643090000264705";"11.2016";11;
собаки;метис;"643090000264719";"08.05.2014";11;
собаки;метис;"643090000264725";"04.12.2015";11;
собаки;метис;"643110800013923";"24.09.2016";11;
собаки;метис;"643110800013922";"22.07.2016";11;
собаки;метис;"643110800013912";"10.08.2015";11;
собаки;метис;"643110800013917";"28.08.2015";11;
собаки;метис;"643090000264696";"09.08.2016";11;
собаки;метис;"643090000264697";"09.08.2016";11;
собаки;метис;"643090000264698";"08.10.2012";11;
собаки;метис;"643090000171620";"19.09.2016";11;
собаки;метис;"643090000264690";"19.09.2016";11;
собаки;метис;"643093400024836";"11.2016";11;
собаки;метис;"643090000264661";"11.2016";11;
собаки;метис;"643090000264662";"26.10.2016";11;
собаки;метис;"643090000264663";"28.09.2016";11;
собаки;метис;"643110800029286";"24.10.2016";11;
собаки;метис;"643090000082720";"09.11.2015";11;
собаки;метис;"643090000002736";"18.07.2016";11;
собаки;метис;"972270000345641";"25.10.2016";11;
собаки;метис;"981020009167812";"11.03.2014";11;
собаки;метис;"972000010012699";"03.05.2012";11;
собаки;метис;"643094100092397";"13.09.2016";11;
собаки;метис;"643094100436346";"01.12.2012";11;
собаки;метис;"981020009213597";"22.09.2014";11;
собаки;метис;"981020009187708";"28.10.2016";11;
собаки;метис;"981020009187709";"19.05.2016";11;
собаки;метис;"981020009167320";"04.06.2015";11;
собаки;метис;"643094100410236";"09.04.2015";11;
собаки;метис;"643094100410116";"04.07.2013";11;
собаки;метис;"972270000315688";"18.02.2013";11;
собаки;метис;"972270000344049";"03.06.2012";11;
собаки;метис;"972270000340566";"11.2016";11;
собаки;метис;"981020009173901";"11.2016";11;
собаки;метис;"643094100410238";"11.2016";11;
собаки;метис;"981020009171379";"15.08.2016";11;
собаки;метис;"643090000100738";"09.08.2016";11;
собаки;метис;"643090000100739";"12.08.2016";11;
собаки;метис;"981020009204442";"26.06.2014";11;
собаки;метис;"972270000188763";"23.11.2013";11;
собаки;метис;"981020009206416";"15.02.2016";11;
собаки;метис;"643095300132456";"26.02.2016";11;
собаки;метис;"972270000322406";"12.07.2016";11;
собаки;метис;"972000000874972";"13.08.2016";11;
собаки;метис;"643094100489667";"11.2016";11;
собаки;метис;"643090000002724";"17.10.2013";11;
собаки;метис;"972270000112368";"11.2016";11;
собаки;метис;"981020009198713";"12.02.2012";11;
собаки;метис;"643110800029275";"15.04.2013";11;
собаки;метис;"972270000188363";"29.09.2014";11;
собаки;метис;"972270000297967";"27.10.2016";11;
собаки;метис;"972270000345471";"16.04.2012";11;
собаки;метис;"643090000082116";"11.2016";11;
собаки;метис;"972270000323117";"28.04.2014";11;
собаки;метис;"972270000029516";"28.02.2014";11;
собаки;метис;"972270000314818";"27.10.2016";11;
собаки;метис;"972270000170035";"11.2016";11;
собаки;метис;"643110800029277";"06.10.2012";11;
собаки;метис;"972270000345981";"14.07.2012";11;
собаки;метис;"981020009212785";"23.09.2013";11;
собаки;метис;"981020009220678";"04.05.2017";11;
собаки;метис;"643094100410199";"11.2016";11;
собаки;метис;"643110800013834";"20.10.2012";11;
собаки;метис;"972270000345423";"12.07.2012";11;
собаки;метис;"972270000165297";"21.11.2010";11;
собаки;метис;"981020009193112";"29.10.2016";11;
собаки;метис;"981020009173568";"01.04.2012";11;
собаки;метис;"981020009197364";"01.02.2016";11;
собаки;метис;"643094100410017";"11.2016";11;
собаки;метис;"972270000113860";"11.2016";11;
собаки;метис;"643094100436220";"01.02.2016";11;
собаки;метис;"643110800029250";"25.05.2013";11;
собаки;метис;"643095300122016";"29.03.2017";11;
собаки;метис;"643110800029091";"24.10.2016";11;
собаки;метис;"972270000188705";"14.03.2014";11;
собаки;метис;"972270000242011";"29.10.2016";11;
собаки;метис;"643090000082701";"07.03.2013";11;
собаки;метис;"972270000116459";"29.10.2016";11;
собаки;метис;"972270000305460";"22.10.2015";11;
собаки;метис;"972270000171517";"11.2016";11;
собаки;метис;"643094100436235";"11.2016";11;
собаки;метис;"975270000113540";"11.2016";11;
собаки;метис;"972270000306384";"14.10.2017";11;
собаки;метис;"972270000345250";"16.10.2017";11;
собаки;метис;"643090000002759";"18.10.2017";11;
собаки;метис;"643094100436211";"11.2016";11;
собаки;метис;"643110800029263";"23.10.2017";11;
собаки;метис;"643110900045974";"23.10.2017";11;
собаки;метис;"972270000179054";"25.10.2017";11;
собаки;метис;"972270000170181";"25.10.2017";11;
собаки;метис;"972000010008721";"25.10.2017";11;
собаки;метис;"972270000307743";"26.10.2017";11;
собаки;метис;"643090000204000";"26.10.2017";11;
собаки;метис;"972000000846230";"26.10.2017";11;
собаки;метис;"972270000168091";"26.10.2017";11;
собаки;метис;"972000000872019";"29.10.2017";11;
собаки;метис;"643094100410090";"29.10.2017";11;
собаки;метис;"972270000119698";"29.10.2017";11;
собаки;метис;"643090000082795";"31.10.2017";11;
собаки;метис;"643094100436218";"01.11.2017";11;
собаки;метис;"643110800029092";"01.11.2017";11;
собаки;метис;"643090000082781";"01.11.2017";11;
собаки;метис;"972270000305175";"01.11.2017";11;
собаки;метис;"643110800013981";"01.11.2017";11;
собаки;метис;"643094100436345";"01.11.2017";11;
собаки;метис;"972270000023809";"02.11.2017";11;
собаки;метис;"643094100436341";"02.11.2017";11;
собаки;метис;"972270000179064";"03.11.2017";11;
собаки;метис;"643094100436234";"05.11.2017";11;
собаки;метис;"981020009127016";"05.11.2017";11;
собаки;метис;"643110800029090";"08.11.2017";11;
собаки;метис;"643110800029270";"14.11.2017";11;
собаки;метис;"643095300132517";"15.11.2017";11;
собаки;метис;"643090000225922";"20.11.2017";11;
собаки;метис;"643090000225916";"05.12.2017";11;
собаки;метис;"643090000223335";"05.12.2017";11;
собаки;метис;"972270000024050";"29.09.2016";11;
собаки;метис;"643090000223315";"18.12.2017";11;
собаки;метис;"643090000223314";"18.12.2017";11;
собаки;метис;"643090000225889";"18.12.2017";11;
собаки;метис;"643090000225880";"18.12.2017";11;
собаки;метис;"643090000225893";"18.12.2017";11;
собаки;метис;"643110800029239";"18.12.2017";11;
собаки;метис;"643110800029256";"28.12.2017";11;
собаки;метис;"643110800029240";"28.12.2017";11;
собаки;метис;"643110800029237";"28.12.2017";11;
собаки;метис;"643110800029236";"28.12.2017";11;
собаки;метис;"643090000223320";"17.02.2014";11;
собаки;метис;"643090000223323";"06.01.2018";11;
собаки;метис;"643090000225918";"16.01.2018";11;
собаки;метис;"643090000223291";"29.01.2018";11;
собаки;метис;"643090000223295";"30.01.2018";11;
собаки;метис;"643090000223305";"30.01.2018";11;
собаки;метис;"643090000223293";"12.02.2018";11;
собаки;метис;"643090000223281";"12.02.2018";11;
собаки;метис;"643110800029246";"12.02.2018";11;
собаки;метис;"643090000223300";"27.02.2018";11;
собаки;метис;"643090000223297";"27.02.2018";11;
собаки;метис;"643090000223296";"12.03.2018";11;
собаки;метис;"643090000223267";"13.03.2018";11;
собаки;метис;"643090000223268";"15.03.2018";11;
собаки;метис;"643090000223259";"20.03.2018";11;
собаки;метис;"643090000223262";"20.03.2018";11;
собаки;метис;"643110800029197";"20.03.2018";11;
собаки;метис;"972000000869134";"22.03.2018";11;
собаки;метис;"643093300021469";"22.03.2018";11;
собаки;метис;"643093300021722";"22.03.2018";11;
собаки;метис;"643090000273876";"22.03.2018";11;
собаки;метис;"643110800029194";"22.03.2018";11;
собаки;метис;"643110800029193";"22.03.2018";11;
собаки;метис;"643110800029195";"22.03.2018";11;
собаки;метис;"643090000223246";"22.03.2018";11;
собаки;метис;"643090000223247";"22.03.2018";11;
собаки;метис;"643090000223254";"22.03.2018";11;
собаки;метис;"643090000223241";"22.03.2018";11;
собаки;метис;"643090000159330";"23.03.2018";11;
собаки;метис;"643090000002779";"26.03.2018";11;
собаки;метис;"643094100489581";"28.03.2018";11;
собаки;метис;"643090000223253";"28.03.2018";11;
собаки;метис;"643090000223242";"30.03.2018";11;
собаки;метис;"643110800029071";"30.03.2018";11;
собаки;метис;"981020009234095";"30.03.2018";11;
собаки;метис;"643110800029171";"30.03.2018";11;
собаки;метис;"643090000273886";"30.03.2018";11;
собаки;метис;"643090000273940";"30.03.2018";11;
собаки;метис;"643110800029189";"11.2016";11;
собаки;метис;"643090000307246";;11;
собаки;метис;"643090000307244";"30.03.2018";11;
собаки;метис;"643090000307241";"03.04.2018";11;
собаки;метис;"643090000307271";"04.04.2018";11;
собаки;метис;"643094100489620";"04.04.2018";11;
собаки;метис;"643110800029223";"04.04.2018";11;
собаки;метис;"643110800029163";"04.04.2018";11;
собаки;метис;"643110800029165";"05.04.2018";11;
собаки;метис;"643110800029164";"06.04.2018";11;
собаки;метис;"643110800029161";"19.04.2018";11;
собаки;метис;"643110800029204";"19.04.2018";11;
собаки;метис;"643110800029201";"19.04.2018";11;
собаки;метис;"643110800029148";"20.04.2018";11;
собаки;метис;"643110800029203";"20.04.2018";11;
собаки;метис;"643110800029147";"20.04.2018";11;
собаки;метис;"643110800029160";"20.04.2018";11;
собаки;метис;"643110800029205";"24.04.2018";11;
собаки;метис;"643110800029156";"26.04.2018";11;
собаки;метис;"643110800029158";"26.04.2018";11;
собаки;метис;"643110800029145";"27.04.2018";11;
собаки;метис;"643110800029159";"28.04.2018";11;
собаки;метис;"972000000876761";"28.04.2018";11;
собаки;метис;"643110800029133";"30.04.2018";11;
собаки;метис;"643110800029134";"30.04.2018";11;
собаки;метис;"643110800029127";"07.05.2018";11;
собаки;метис;"643110800029128";"07.05.2018";11;
собаки;метис;"643110800029129";"07.05.2018";11;
собаки;метис;"643110800029130";"16.05.2018";11;
собаки;метис;"643110800029176";"17.05.2018";11;
собаки;метис;"643090000306842";"17.05.2018";11;
собаки;метис;"643090000306843";"18.05.2018";11;
собаки;метис;"643090000306844";"18.05.2018";11;
собаки;метис;"643090000306845";"18.05.2018";11;
собаки;метис;"643110800029123";"18.05.2018";11;
собаки;метис;"643090000306876";"22.05.2018";11;
собаки;метис;"643090000306883";"31.05.2018";11;
собаки;метис;"643090000306846";"04.06.2018";11;
собаки;метис;"643090000306879";"04.06.2018";11;
собаки;метис;"643110800029125";"04.06.2018";11;
собаки;метис;"643110800029112";"04.06.2018";11;
собаки;метис;"643110800029113";"04.06.2018";11;
собаки;метис;"643110800029105";"14.06.2018";11;
собаки;метис;"643110800029180";"14.06.2018";11;
собаки;метис;"643110800029184";"19.06.2018";11;
собаки;метис;"643110800029185";"19.06.2018";11;
собаки;метис;"643090000307310";"19.06.2018";11;
собаки;метис;"972270000297253";"19.06.2018";11;
собаки;метис;"643110800029109";"19.06.2018";11;
собаки;метис;"643110800029104";"19.06.2018";11;
собаки;метис;"643094100486615";"20.06.2018";11;
собаки;метис;"643090000307317";"28.06.2018";11;
собаки;метис;"643090000171630";"29.06.2018";11;
собаки;метис;"643090000171631";"29.06.2018";11;
собаки;метис;"643090000171632";"29.06.2018";11;
собаки;метис;"643110800013950";"06.07.2018";11;
собаки;метис;"643094100489613";"20.07.2018";11;
собаки;метис;"643110800013949";"20.07.2018";11;
собаки;метис;"972270000175663";"23.07.2018";11;
собаки;метис;"643094100489670";"23.07.2018";11;
собаки;метис;"643094100489611";"05.08.2018";11;
собаки;метис;"643110800029034";"06.08.2018";11;
собаки;метис;"643110800029044";"14.08.2018";11;
собаки;метис;"643110800029043";"24.08.2018";11;
собаки;метис;"643110800029040";"26.08.2018";11;
собаки;метис;"643094100489612";"04.09.2018";11;
собаки;метис;"643090000308176";"11.09.2018";11;
собаки;метис;"643110800029033";"12.09.2018";11;
собаки;метис;"643110800029021";"12.09.2018";11;
собаки;метис;"643110800029027";"24.09.2018";11;
собаки;метис;"643110800029032";"28.09.2018";11;
собаки;метис;"643094100489669";"02.10.2018";11;
собаки;метис;"643094100489668";"03.10.2018";11;
собаки;метис;"643110800029011";"09.10.2018";11;
собаки;метис;"643110800029013";"09.10.2018";11;
собаки;метис;"643110800029006";"09.10.2018";11;
собаки;метис;"643110800029014";"11.10.2018";11;
собаки;метис;"643110800029015";"16.10.2018";11;
собаки;метис;"643110800029016";"16.10.2018";11;
собаки;метис;"643110800013945";"17.10.2018";11;
собаки;метис;"643090000001312";"22.10.2018";11;
собаки;метис;"643090000308182";"23.10.2018";11;
собаки;метис;"643090000308151";"01.11.2018";11;
собаки;метис;"643094100489666";"01.11.2018";11;
собаки;метис;"643090000308285";"01.11.2018";11;
собаки;метис;"643110800069225";"01.11.2018";11;
собаки;метис;"643110800069209";"06.11.2018";11;
собаки;метис;"643110800069207";"06.11.2018";11;
собаки;метис;"643094100489663";"06.11.2018";11;
собаки;метис;"643110800069230";"06.11.2018";11;
собаки;метис;"643110800072341";"07.11.2018";11;
собаки;метис;"643110800072349";"07.11.2018";11;
собаки;метис;"643110800069238";"08.11.2018";11;
собаки;метис;"643110800069241";"08.11.2018";11;
собаки;метис;"643110800069246";"10.11.2018";11;
собаки;метис;"643110800069253";"13.11.2018";11;
собаки;метис;"643110800069255";"13.11.2018";11;
собаки;метис;"643110800069261";"13.11.2018";11;
собаки;метис;"643110800069265";"16.11.2018";11;
собаки;метис;"643110800069264";"17.11.2018";11;
собаки;метис;"643110800069270";"17.11.2018";11;
собаки;метис;"643110800069263,643110800069269";"17.11.2018";11;
собаки;метис;"643110800069268,643110800069275";"17.11.2018";11;
собаки;метис;"643110800069272";"17.11.2018";11;
собаки;метис;"643110800069284";"17.11.2018";11;
собаки;метис;"643110800069285";"17.11.2018";11;
собаки;метис;"643110800069281";"18.11.2018";11;
собаки;метис;"643110800069298";"18.11.2018";11;
собаки;метис;"643110800069290";"27.11.2018";11;
собаки;метис;"643110800069412";"27.11.2018";11;
собаки;метис;"643110800069480";"28.11.2018";11;
собаки;метис;"643110800069476";"04.12.2018";11;
собаки;метис;"643110800069419";"18.12.2018";11;
собаки;метис;"643110800069420";"18.12.2018";11;
собаки;метис;"643110800069462";"18.12.2018";11;
собаки;метис;"643110800069477";"18.12.2018";11;
собаки;метис;"643110800069466";"19.12.2018";11;
собаки;метис;"643110800069465";"25.12.2018";11;
собаки;метис;"643110800069414";"25.12.2018";11;
собаки;метис;"643110800069415";"09.01.2019";11;
собаки;метис;"643110800069287";"15.01.2019";11;
собаки;метис;"643110800069288";"17.01.2019";11;
собаки;метис;"643110800069438";"17.01.2019";11;
собаки;метис;"643094100489674";"17.01.2019";11;
собаки;метис;"643094100489673";"17.01.2019";11;
собаки;метис;"643110800069431";"17.01.2019";11;
собаки;метис;"643110800069432";"17.01.2019";11;
собаки;метис;"643110800069433";"17.01.2019";11;
собаки;метис;"643110800069434";"18.01.2019";11;
собаки;метис;"643110800069439";"18.01.2019";11;
собаки;метис;"643110800069442";"18.01.2019";11;
собаки;метис;"643110800069443";"21.01.2019";11;
собаки;метис;"643110800069430";"21.01.2019";11;
собаки;метис;"643110800069454";"22.01.2019";11;
собаки;метис;"643110800069453";"22.01.2019";11;
собаки;метис;"643110800069456";"22.01.2019";11;
собаки;метис;"643110800069468";"22.01.2019";11;
собаки;метис;"643110800069313";"22.01.2019";11;
собаки;метис;"643110800069314";"22.01.2019";11;
собаки;метис;"643110800069315";"22.01.2019";11;
собаки;метис;"643110800069312";"22.01.2019";11;
собаки;метис;"643110800069310";"22.01.2019";11;
собаки;метис;"643110800069316";"22.01.2019";11;
собаки;метис;"643110800069317";"22.01.2019";11;
собаки;метис;"643110800069331";"22.01.2019";11;
собаки;метис;"643110800069318";"22.01.2019";11;
собаки;метис;"643110800106623";"22.01.2019";11;
собаки;метис;"643110800106632";"22.01.2019";11;
собаки;метис;"643110800106631";"29.01.2019";11;
собаки;метис;"643110800106624";"29.01.2019";11;
собаки;метис;"643110800106634";"29.01.2019";11;
собаки;метис;"643110800106621";"29.01.2019";11;
собаки;метис;"643110800106635";"29.01.2019";11;
собаки;метис;"643110800106625";"29.01.2019";11;
собаки;метис;"643110800106626";"04.02.2019";11;
собаки;метис;"643110800069497";"04.02.2019";11;
собаки;метис;"643110800069496";"07.02.2019";11;
собаки;метис;"643110800069309";"18.02.2019";11;
собаки;метис;"643110800106601";"24.02.2019";11;
собаки;метис;"643110800106603";"24.02.2019";11;
собаки;метис;"643110800106630";"25.02.2019";11;
собаки;метис;"643110800106602";"26.02.2019";11;
собаки;метис;"643110800106605";"01.03.2019";11;
собаки;метис;"643110800106604";"13.03.2019";11;
собаки;метис;"643110800069492";"15.03.2019";11;
собаки;метис;"643110800069324";"20.03.2019";11;
собаки;метис;"643110800069500";"22.03.2019";11;
собаки;метис;"643110800106610";"28.03.2019";11;
собаки;метис;"643110800069329";"02.04.2019";11;
собаки;метис;"643110800069330";"03.04.2019";11;
собаки;метис;"643110800069332";"04.04.2019";11;
собаки;метис;"643110800069334";"04.04.2019";11;
собаки;метис;"643110800069335";"05.04.2019";11;
собаки;метис;"643110800106637";"09.04.2019";11;
собаки;метис;"643110800106638";"09.04.2019";11;
собаки;метис;"643110800106641";"10.04.2019";11;
собаки;метис;"643110800106647";"11.04.2019";11;
собаки;метис;"643110800106653";"11.04.2019";11;
собаки;метис;"643110800106649";"13.04.2019";11;
собаки;метис;"643110800106643";"16.04.2019";11;
собаки;метис;"643110800106660";"16.04.2019";11;
собаки;метис;"643110800106663";"16.04.2019";11;
собаки;метис;"643110800106666";"21.04.2019";11;
собаки;метис;"643110800106667";"23.04.2019";11;
собаки;метис;"643110800106668";"23.04.2019";11;
собаки;метис;"643110800106677";"10.05.2018";11;
собаки;метис;"643110800106685";"12.05.2019";11;
собаки;метис;"643110800106682";"12.05.2019";11;
собаки;метис;"643110800106686";"12.05.2019";11;
собаки;метис;"643110800106687";"12.05.2019";11;
собаки;метис;"643110800106688";"24.07.2019";11;
собаки;метис;"643110800106690";"24.07.2019";11;
собаки;метис;"643110800106689";"02.08.2019";11;
собаки;метис;"643110800106691";"02.08.2019";11;
собаки;метис;"643110800106694";"02.08.2019";11;
собаки;метис;"643110800106692";"02.08.2019";11;
собаки;метис;"643110800106693";"11.08.2019";11;
собаки;метис;"643110800106699";"18.08.2019";11;
собаки;метис;"643110800069340";"24.08.2019";11;
собаки;метис;"643110800106700";"06.09.2019";11;
собаки;метис;"643110800069262";"09.09.2019";11;
собаки;метис;"643110800069347";"09.09.2019";11;
собаки;метис;"643110800069348";"09.09.2019";11;
собаки;метис;"643110800115674";"11.09.2019";11;
собаки;метис;"643110800155666";"11.09.2019";11;
собаки;метис;"643110800115680";"30.09.2019";11;
собаки;метис;"643110800106735";"01.10.2019";11;
собаки;метис;"643110800106738";"02.10.2019";11;
собаки;метис;"643110800116967";"24.10.2019";11;
собаки;метис;"643110800116965";"26.10.2019";11;
собаки;метис;"643110800116969";"26.10.2019";11;
собаки;метис;"643110800116974";"26.10.2019";11;
собаки;метис;"643110800115671";"27.10.2019";11;
собаки;метис;"643110800115675";"27.10.2019";11;
собаки;метис;"643110800115661";"27.10.2019";11;
собаки;метис;"643110800115679";"27.10.2019";11;
собаки;метис;"643110800115662";"29.10.2019";11;
собаки;метис;"643110800115670";"29.10.2019";11;
собаки;метис;"643110800106752";"05.11.2019";11;
собаки;метис;"643110800106753";"05.11.2019";11;
собаки;метис;"643110800106754";"05.11.2019";11;
собаки;метис;"643110800106755";"05.11.2019";11;
собаки;метис;"643110800106743";"06.10.2019";11;
собаки;метис;"643110800106751";"06.10.2019";11;
собаки;метис;"643110800106756";"07.11.2019";11;
собаки;метис;"643110800106757";"07.11.2019";11;
собаки;метис;"643110800106758";"07.11.2019";11;
собаки;метис;"643110800106759";"07.11.2019";11;
собаки;метис;"643110800106760";"07.11.2019";11;
собаки;метис;"643110800106762";"07.11.2019";11;
собаки;метис;"643110800106763";"07.11.2019";11;
собаки;метис;"643110800106764";"07.11.2019";11;
собаки;метис;"643110800106765";"07.11.2019";11;
собаки;метис;"643110800116982";"18.11.2019";11;
собаки;метис;"643110800115988";"18.11.2019";11;
собаки;метис;"643110800116986";"18.11.2019";11;
собаки;метис;"643110800116981";"18.11.2019";11;
собаки;метис;"643110800116987";"18.11.2019";11;
собаки;метис;"643110800116984";"18.11.2019";11;
собаки;метис;"643110800115630";"21.11.2019";11;
собаки;метис;"643110800116994";"21.11.2019";11;
собаки;метис;"643110800106736";"21.11.2019";11;
кошки;метис;"643110800013993";"17.11.2018";11;
кошки;метис;"643110800013825";"11.11.2018";11;
кошки;метис;"643110800013845";"18.11.2019";11;
кошки;метис;"643110800004567";"17.11.2019";11;
кошки;метис;"643110800013853";"14.11.2018";11;
кошки;метис;"643110800013894";"19.04.2019";11;
кошки;метис;"643110800004582";"15.04.2019";11;
кошки;метис;"981020009231414";"30.05.2018";11;
кошки;метис;"643110800029228";"03.03.2018";11;
кошки;метис;"643110800004580";"14.03.2017";11;
кошки;метис;"643090000223321";"11.06.2019";11;
кошки;метис;"643110800029217";"21.03.2018";11;
кошки;метис;"643110800013933";"23.06.2016";11;
кошки;метис;"643110800013953";"27.06.2016";11;
кошки;метис;"643094100489662";"08.09.2016";11;
кошки;метис;"643110800069203";"01.04.2018";11;
кошки;метис;"643110800069221";"09.02.2018";11;
кошки;метис;"643110800069224";"13.06.2018";11;
кошки;метис;"643110800069223";"04.05.2018";11;
кошки;метис;"643094100489679";"21.01.2016";11;
кошки;метис;"643110800069233";"26.08.2018";11;
кошки;метис;"643110800069240";"26.08.2019";11;
кошки;метис;"643110800069277";"26.08.2019";11;
кошки;метис;"643110800069276";"14.03.2018";11;
кошки;метис;"643110800069297";"22.03.2018";11;
кошки;метис;"643110800069286";"18.04.2018";11;
кошки;метис;"643110800069403";"03.03.2018";11;
кошки;метис;"643110800069408";"18.04.2018";11;
кошки;метис;"643094100489671";"18.04.2018";11;
кошки;метис;"643110800069446";"03.03.2018";11;
кошки;метис;"643110800069457";"18.04.2018";11;
кошки;метис;"643110800069458";"18.04.2018";11;
кошки;метис;"643110800069459";"03.03.2018";11;
кошки;метис;"643110800069471";"18.04.2018";11;
кошки;метис;"643110800069487";"08.09.2018";11;
кошки;метис;"643110800069484";"07.04.2019";11;
кошки;метис;"643110800069481";"26.07.2019";11;
кошки;метис;"643110800069489";"08.09.2018";11;
кошки;метис;"643110800069483";"16.06.2018";11;
кошки;метис;"643110800069482";"20.10.2018";11;
кошки;метис;"643110800069488";"09.04.2015";11;
кошки;метис;"643094100489660";"03.12.2019";11;
кошки;метис;"643110800069485";"01.04.2018";11;
кошки;метис;"643110800069472";"02.08.2016";11;
кошки;метис;"643110800069473";"05.07.2019";11;
кошки;метис;"643110800069493";"23.10.2016";11;
кошки;метис;"643110800069494";"09.09.2016";11;
кошки;метис;"643110800069455";"17.03.2019";11;
кошки;метис;"643110800069303";"14.11.2018";11;
кошки;метис;"643110800069302";"14.04.2018";11;
кошки;метис;"643110800069322";"03.08.2018";11;
кошки;метис;"643110800069323";"11.07.2018";11;
кошки;метис;"643094800099813";"01.07.2019";11;
кошки;метис;"643094800100148";"12.11.2019";11;
кошки;метис;"643094800099817";"09.09.2016";11;
кошки;метис;"643094800100123";"31.10.2018";11;
кошки;метис;"643110800069319";"07.07.2019";11;
кошки;метис;"643110800106611";"09.09.2016";11;
кошки;метис;"643110800106636";"17.11.2018";11;
кошки;метис;"643110800106639";"11.11.2018";11;
кошки;метис;"643110800106640";"18.11.2019";11;
кошки;метис;"643110800106642";"17.11.2019";11;
кошки;метис;"643110800106646";"14.11.2018";11;
кошки;метис;"643110800106662";"19.04.2019";11;
кошки;метис;"643110800106678";"15.04.2019";11;
кошки;метис;"643110800106683";"03.03.2019";11;
кошки;метис;"643110800106696";"14.03.2017";11;
кошки;метис;"643110800013847";"11.06.2019";11;
кошки;метис;"643110800013878";"21.03.2018";11;
кошки;метис;"643110800069344";"04.05.2018";11;
кошки;метис;"643110800069352";"26.08.2018";11;
кошки;метис;"643110800069353";"26.08.2019";11;
кошки;метис;"643110800069368";"26.08.2019";11;
кошки;метис;"643110800069384";"14.03.2018";11;
кошки;метис;"643110800069381";"22.03.2018";11;
кошки;метис;"643110800069382";"18.04.2018";11;
кошки;метис;"643110800069383";"03.03.2018";11;
кошки;метис;"643110800069376";"18.04.2018";11;
кошки;метис;"643110800069387";"03.12.2019";11;
кошки;метис;"643110800069388";"14.03.2018";11;
кошки;метис;"643110800069395";"11.10.2018";11;
кошки;метис;"643110800069390";"16.06.2018";11;
кошки;метис;"643110800069398";"18.11.2018";11;
кошки;метис;"643110800115625";"16.05.2018";11;
кошки;метис;"643110800115626";"18.04.2018";11;
кошки;метис;"643110800106709";"03.03.2018";11;
кошки;метис;"643110800106710";"14.03.2018";11;
кошки;метис;"643110800106706";"27.01.2018";11;
кошки;метис;"643110800116702";"27.01.2018";11;
кошки;метис;"643110800116707";"16.09.2018";11;
кошки;метис;"643110800116709";"08.11.2019";11;
кошки;метис;"643110800116706";"29.07.2019";11;
кошки;метис;"643110800116718";"03.03.2018";11;
кошки;метис;"643110800106723";"31.08.2019";11;
кошки;метис;"643110800106724";"06.09.2019";11;
кошки;метис;"643110800106725";"06.09.2019";11;
кошки;метис;"643110800106728";"09.09.2019";11;
кошки;метис;"643110800106729";"11.09.2019";11;
кошки;метис;"643110800115676";"01.10.2019";11;
кошки;метис;"643110800106731";"02.10.2019";11;
кошки;метис;"643110800106732";"24.10.2019";11;
кошки;метис;"643110800106740";"26.10.2019";11;
кошки;метис;"643110800116968";"26.10.2019";11;
кошки;метис;"643110800116962";"27.10.2019";11;
кошки;метис;"643110800116719";"28.10.2019";11;
кошки;метис;"643110800106767";"29.10.2019";11;
кошки;метис;"643110800106768";"30.10.2019";11;
кошки;метис;"643110800106769";"06.10.2019";11;
кошки;метис;"643110800106770";"07.11.2019";11;
кошки;метис;"643110800116996";"18.11.2019";11;
кошки;метис;"643110800116997";"21.11.2019";11;
кошки;метис;"643110800116998";"05.11.2019";11;
кошки;метис;"643110800117000";"05.11.2019";11;
кошки;метис;"643110800106781";"06.10.2019";11;
кошки;метис;"643110800106782";"06.10.2019";11;
кошки;метис;"643110800106783";"06.10.2019";11;
кошки;метис;"643110800106784";"06.10.2019";11;
кошки;метис;"643110800106799";"06.10.2019";11;
кошки;метис;"643110800106798";"06.10.2019";11;
кошки;метис;"643110800106796";"06.10.2019";11;
кошки;метис;"643110800106797";"06.10.2019";11;
кошки;метис;"643110800106800";"06.10.2019";11;
кошки;метис;"643110800106741";"01.11.2019";11;
кошки;метис;"643110800106744";"01.11.2019";11;
кошки;метис;"643110800106745";"01.11.2019";11;
кошки;метис;"643110800106746";"01.11.2019";11;
кошки;метис;"643110800106747";"01.11.2019";11;
кошки;метис;"643110800106748";"01.11.2019";11;
кошки;метис;"643110800106749";"01.11.2019";11;
кошки;метис;"643110800106750";"10.11.2019";11;
кошки;метис;"643110800116704";"10.11.2019";11;
кошки;метис;"643110800115668";"10.11.2019";11;
кошки;метис;"643110800115664";"10.11.2019";11;
кошки;метис;"643110800115667";"10.11.2019";11;
кошки;метис;"643110800116991";"10.11.2019";11;
кошки;метис;"643110800116985";"10.11.2019";11;
кошки;метис;"643110800116995";"18.11.2019";11;
кошки;метис;"643110800116990";"18.11.2019";11;
кошки;метис;"643110800106776";"21.11.2019";11;
собаки;Метис;"643094100245169";"01.01.2004";15;f
собаки;Метис;"643094100245862";"01.01.2006";15;f
собаки;Метис;"643094100333251";"01.01.2013";15;f
собаки;Метис;"643093300000558";"01.01.2017";15;m
собаки;Метис;"643094100245082";"01.01.2009";15;f
собаки;Метис;"643094100333257";"01.01.2013";15;m
собаки;Метис;"643094100245148";"01.01.2006";15;m
собаки;Метис;"643094100245854";"01.01.2009";15;f
собаки;Метис;"643094100245801";"01.01.2010";15;f
собаки;Метис;"643094100245996";"01.01.2005";15;m
собаки;Метис;"643094100245952";"01.01.2010";15;m
собаки;метис;"643090000129295";"01.01.2016";2;
собаки;метис;"643094100377212";"01.01.2016";2;
собаки;метис;"643110700022268";"01.01.2016";2;
собаки;метис;"643110700033606";"01.01.2016";2;
собаки;метис;"643110700033616";"01.01.2016";2;
собаки;метис;"643110700033654";"01.01.2016";2;
собаки;метис;"643110700033657";"01.01.2016";2;
собаки;метис;"643110700033674";"01.01.2016";2;
собаки;метис;"941000002607906";"01.01.2016";2;
собаки;метис;"972000000868932";"01.01.2016";2;
собаки;метис;"972000000875930";"01.01.2016";2;
собаки;метис;"900119000524708";"01.01.2016";2;
собаки;метис;"900164000426923";"01.01.2016";2;
собаки;метис;"981020009199001";"01.01.2016";2;
собаки;метис;"981020009206900";"01.01.2016";2;
собаки;метис;"981020009221686";"01.01.2016";2;
собаки;метис;"981020009233703";"01.01.2016";2;
собаки;метис;"643090000269561";"01.01.2016";2;
собаки;метис;"643094100006955";"01.01.2016";2;
собаки;метис;"643094100018008";"01.01.2016";2;
собаки;метис;"643090000269620";"01.01.2018";2;
собаки;метис;"643094100017227";"01.01.2017";2;
собаки;метис;"643094100377211";"01.01.2016";2;
собаки;метис;"643090000223266";"01.01.2016";2;
собаки;метис;"643090000269613";"01.01.2019";2;
собаки;метис;"643110000073480";;7;
собаки;метис;"643094100007696";;7;
собаки;метис;"643110000017791";;7;
собаки;метис;"643110000031056";;7;
собаки;метис;"643094100005179";;7;
собаки;метис;"643110000062344";;7;
собаки;метис;"643110000078227";;7;
собаки;метис;"643094100345755";;7;
собаки;метис;"643094100345753";;7;
собаки;метис;"643110000019332";;7;
собаки;метис;"643110000021660";;7;
собаки;метис;"643094100004054";;7;
собаки;метис;"643094100004921";;7;
собаки;метис;"643094100005219";;7;
собаки;метис;"643110000025795";;7;
собаки;метис;"643110000025837";;7;
собаки;метис;"972270000023870";;7;
собаки;метис;"643110000092575";;7;
собаки;метис;"643094100351285";;7;
собаки;метис;"643110000019623";;7;
собаки;метис;"643094100007511";;7;
собаки;метис;"643090000270241";;7;
собаки;метис;"643094100348438";;7;
собаки;метис;"643110000018959";;7;
собаки;метис;"643110000073485";;7;
собаки;метис;"643090000174366";;7;
собаки;метис;"643090000214000";;7;
собаки;метис;"643090000174811";;7;
собаки;метис;"643094100326669";;7;
собаки;метис;"643094100323459";;7;
собаки;метис;"643090000399757";;7;
собаки;метис;"643090000399758";;7;
собаки;метис;"643090000399743";;7;
собаки;метис;"643090000345721";;7;
собаки;метис;"643090000234141";;7;
собаки;метис;"643090000345722";;7;
собаки;метис;"643090000399745";;7;
собаки;метис;"643090000399749";;7;
собаки;метис;"643090000399750";;7;
собаки;метис;"643090000399752";;7;
собаки;метис;"643090000399746";;7;
собаки;метис;"643090000399755";;7;
собаки;метис;"643090000399459";;7;
собаки;метис;"643090000234147";;7;
собаки;метис;"643090000174215";;7;
собаки;метис;"643090000174211";;7;
собаки;метис;"643110000092463";;7;
собаки;метис;"643110000092475";;7;
собаки;метис;"643110000092468";;7;
собаки;метис;"нечитается";;7;
собаки;метис;"643090000123584";;7;
собаки;метис;"643090000130021";;7;
собаки;метис;"643094100398126";;7;
собаки;метис;"643094100398122";;7;
собаки;метис;"643094100398130";;7;
собаки;метис;"643094100395982";;7;
собаки;метис;"643094100395990";;7;
собаки;метис;"643090000270320";;7;
собаки;метис;"643090000270308";;7;
собаки;метис;"643021160001120";;7;
собаки;метис;"643095300140010";;7;
собаки;метис;"643094100360902";;7;
собаки;метис;"643094100395987";;7;
собаки;метис;"643094100395699";;7;
собаки;метис;"643094100398246";;7;
собаки;метис;"643095300140052";;7;
собаки;метис;"643095300140077";;7;
собаки;метис;"643094100005593";;7;
собаки;метис;"643094100331336";;7;
собаки;метис;"643094100360798";;7;
собаки;метис;"643110000019626";;7;
собаки;метис;"643094100341433";;7;
собаки;метис;"643094100007874";;7;
собаки;метис;"643094100326658";;7;
собаки;метис;"643094100204264";;7;
собаки;метис;"643094100240753";;7;
собаки;метис;"643094100398249";;7;
собаки;метис;"643110000091845";;7;
собаки;метис;"643094100007150";;7;
собаки;метис;"643094100007689";;7;
собаки;метис;"643098100109075";;7;
собаки;метис;"972270000029787";;7;
собаки;метис;"972270000027299";;7;
собаки;метис;"972270000029480";;7;
собаки;метис;"643110000072968";;7;
собаки;метис;"643110000072615";;7;
собаки;метис;"643110000072964";;7;
собаки;метис;"643094100326656";;7;
собаки;метис;"972270000024768";;7;
собаки;метис;"643094100248379";;7;
собаки;метис;"643110000092474";;7;
собаки;метис;"643110000092479";;7;
собаки;метис;"643110000092465";;7;
собаки;метис;"643094100360794";;7;
собаки;метис;"643094100011904";;7;
собаки;метис;"643094100010191";;7;
собаки;метис;"643094100010135";;7;
собаки;метис;"643094100007659";;7;
собаки;метис;"643110000091582";;7;
собаки;метис;"643090000296362";;7;
собаки;метис;"643110000091528";;7;
собаки;метис;"643110000019668";;7;
собаки;метис;"643090000129703";;7;
собаки;метис;"643090000174206";;7;
собаки;метис;"643090000174609";;7;
собаки;метис;"643090000174205";;7;
собаки;метис;"643090000130122";;7;
собаки;метис;"643094100395988";;7;
собаки;метис;"643110000019372";;7;
собаки;метис;"643110000019418";;7;
собаки;метис;"643110000021128";;7;
собаки;метис;"643090000149529";;7;
собаки;метис;"643090000129701";;7;
собаки;метис;"643090000129716";;7;
собаки;метис;"643094100172309";;7;
собаки;метис;"643110000019416";;7;
собаки;метис;"643110000019333";;7;
собаки;метис;"643110000091843";;7;
собаки;метис;"643094100398243";;7;
собаки;метис;"972270000025279";;7;
собаки;метис;"972270000025506";;7;
собаки;метис;"643094100006857";;7;
собаки;метис;"643094100008046";;7;
собаки;метис;"643094100005537";;7;
собаки;метис;"643094100341418";;7;
собаки;метис;"643094100337029";;7;
собаки;метис;"643094100341417";;7;
собаки;метис;"643090000359836";;7;
собаки;метис;"643090000359839";;7;
собаки;метис;"643094100331317";;7;
собаки;метис;"643094100331314";;7;
собаки;метис;"643094100009936";;7;
собаки;метис;"643094100003826";;7;
собаки;метис;"643094100281892";;7;
собаки;метис;"643094100281996";;7;
собаки;метис;"643094100331315";;7;
собаки;метис;"643094100323451";;7;
собаки;метис;"643090000296083";;7;
собаки;метис;"643090000296084";;7;
собаки;метис;"972270000027865";;7;
собаки;метис;"643094100013304";;7;
собаки;метис;"643110000030394";;7;
собаки;метис;"643110000019313";;7;
собаки;метис;"643090000130023";;7;
собаки;метис;"643090000174161";;7;
собаки;метис;"643090000174171";;7;
собаки;метис;"643090000149606";;7;
собаки;метис;"643090000149614";;7;
собаки;метис;"643110000021135";;7;
собаки;метис;"643094100007823";;7;
собаки;метис;"643110000018866";;7;
собаки;метис;"643090000296042";;7;
собаки;метис;"643090000296045";;7;
собаки;метис;"643090000296043";;7;
собаки;метис;"643094100200586";;7;
собаки;метис;"643090000270309";;7;
собаки;метис;"643090000270302";;7;
собаки;метис;"643110000025671";;7;
собаки;метис;"643094100170856";;7;
собаки;метис;"643094100014970";;7;
собаки;метис;"643094100006360";;7;
собаки;метис;"643094100005265";;7;
собаки;метис;"643094100005540";;7;
собаки;метис;"643110000021130";;7;
собаки;метис;"643094100009163";;7;
собаки;метис;"643094100005259";;7;
собаки;метис;"643094100008800";;7;
собаки;метис;"643110000027005";;7;
собаки;метис;"643094100008662";;7;
собаки;метис;"643094100011965";;7;
собаки;метис;"643090000149522";;7;
собаки;метис;"643090000270311";;7;
собаки;метис;"643090000270310";;7;
собаки;метис;"643094100351317";;7;
собаки;метис;"643094100351320";;7;
собаки;метис;"643094100351319";;7;
собаки;метис;"643094100240690";;7;
собаки;метис;"643110000091581";;7;
собаки;метис;"643094100003634";;7;
собаки;метис;"643094100294555";;7;
собаки;метис;"643090000234150";;7;
собаки;метис;"643110000019287";;7;
собаки;метис;"643110000091828";;7;
собаки;метис;"643090000174162";;7;
собаки;метис;"643110000017341";;7;
собаки;метис;"643094100170919";;7;
собаки;метис;"643094100003864";;7;
собаки;метис;"643110000027015";;7;
собаки;метис;"643090000129673";;7;
собаки;метис;"643090000174603";;7;
собаки;метис;"643094100009661";;7;
собаки;метис;"643094100006832";;7;
собаки;метис;"643110000016496";;7;
собаки;метис;"643094100204270";;7;
собаки;метис;"643094100204246";;7;
собаки;метис;"643094100248192";;7;
собаки;метис;"643094100341416";;7;
собаки;метис;"643094100341415";;7;
собаки;метис;"643110000072961";;7;
собаки;метис;"643094100146642";;7;
собаки;метис;"643090000296361";;7;
собаки;метис;"643090000296081";;7;
собаки;метис;"643094100153249";;7;
собаки;метис;"643090000174213";;7;
собаки;метис;"643094100377264";;7;
собаки;метис;"643094100395951";;7;
собаки;метис;"643094100366508";;7;
собаки;метис;"643090000270306";;7;
собаки;метис;"643090000270304";;7;
собаки;метис;"643090000174129";;7;
собаки;метис;"643110000017358";;7;
собаки;метис;"643094100348547";;7;
собаки;метис;"643094100006085";;7;
собаки;метис;"643094100281997";;7;
собаки;метис;"972270000023799";;7;
собаки;метис;"972270000024932";;7;
собаки;метис;"643094100006209";;7;
собаки;метис;"643098100099013";;7;
собаки;метис;"643110000026088";;7;
собаки;метис;"643110000026089";;7;
собаки;метис;"972270000029367";;7;
собаки;метис;"643094100017719";;7;
собаки;метис;"643094100348550";;7;
собаки;метис;"643090000174182";;7;
собаки;метис;"643090000174192";;7;
собаки;метис;"643090000174187";;7;
собаки;метис;"643094100468771";;7;
собаки;метис;"643110000073463";;7;
собаки;метис;"643110000019615";;7;
собаки;метис;"643110000019639";;7;
собаки;метис;"643090000234077";;7;
собаки;метис;"643090000174134";;7;
собаки;метис;"643094100345754";;7;
собаки;метис;"643110000026171";;7;
собаки;метис;"643110000019297";;7;
собаки;метис;"643094100005078";;7;
собаки;метис;"643094100395700";;7;
собаки;метис;"643094100341435";;7;
собаки;метис;"643094100281973";;7;
собаки;метис;"643110000016497";;7;
собаки;метис;"643094100326641";;7;
собаки;метис;"643094100326655";;7;
собаки;метис;"643094100326650";;7;
собаки;метис;"643094100326657";;7;
собаки;метис;"643090000213985";;7;
собаки;метис;"643021160000851";;7;
собаки;метис;"643094100366376";;7;
собаки;метис;"643094100360847";;7;
собаки;метис;"643094100360848";;7;
собаки;метис;"643110000025787";;7;
собаки;метис;"643110000091837";;7;
собаки;метис;"643110000026083";;7;
собаки;метис;"643110000019895";;7;
собаки;метис;"643110000091594";;7;
собаки;метис;"643094100006448";;7;
собаки;метис;"643110000025888";;7;
собаки;метис;"643110000026082";;7;
собаки;метис;"643110000026175";;7;
собаки;метис;"643094100356185";;7;
собаки;метис;"972270000362190";;7;
собаки;метис;"972270000339004";;7;
собаки;метис;"643021160001123";;7;
собаки;метис;"643110000073769";;7;
собаки;метис;"643110000072892";;7;
собаки;метис;"643110000017118";;7;
собаки;метис;"643094100248049";;7;
собаки;метис;"643094100248101";;7;
собаки;метис;"643110000026168";;7;
собаки;метис;"643094100005517";;7;
собаки;метис;"643094100004161";;7;
собаки;метис;"643110000026170";;7;
собаки;метис;"643090000174198";;7;
собаки;метис;"643090000174185";;7;
собаки;метис;"643090000174186";;7;
собаки;метис;"643090000345724";;7;
собаки;метис;"643094100332553";;7;
собаки;метис;"643094100332549";;7;
собаки;метис;"643094100332560";;7;
собаки;метис;"643094100345759";;7;
собаки;метис;"643094100345756";;7;
собаки;метис;"643094100276660";;7;
собаки;метис;"643094100008765";;7;
собаки;метис;"643110000021137";;7;
собаки;метис;"643110000019529";;7;
собаки;метис;"643094100377170";;7;
собаки;метис;"643094100377167";;7;
собаки;метис;"643095300140198";;7;
собаки;метис;"643095300140246";;7;
собаки;метис;"643094100331319";;7;
собаки;метис;"643110000091589";;7;
собаки;метис;"643094100006459";;7;
собаки;метис;"643094100331285";;7;
собаки;метис;"643090000174136";;7;
собаки;метис;"643090000167065";;7;
собаки;метис;"643110000019349";;7;
собаки;метис;"972270000339603";;7;
собаки;метис;"643094100294545";;7;
собаки;метис;"643094100011958";;7;
собаки;метис;"643094100398247";;7;
собаки;метис;"643021160000887";;7;
собаки;метис;"643094100351298";;7;
собаки;метис;"643095300140021";;7;
собаки;метис;"643090000174167";;7;
собаки;метис;"643094100395954";;7;
собаки;метис;"643090000149534";;7;
собаки;метис;"643090000174217";;7;
собаки;метис;"643090000174218";;7;
собаки;метис;"643090000213919";;7;
собаки;метис;"643090000174175";;7;
собаки;метис;"643110000019663";;7;
собаки;метис;"643094100377243";;7;
собаки;метис;"643094100366519";;7;
собаки;метис;"643094100351295";;7;
собаки;метис;"643094100366510";;7;
собаки;метис;"643094100366378";;7;
собаки;метис;"643094100366379";;7;
собаки;метис;"643110000092466";;7;
собаки;метис;"643110000072933";;7;
собаки;метис;"643110000019619";;7;
собаки;метис;"643094100248053";;7;
собаки;метис;"643094100248398";;7;
собаки;метис;"643094100248051";;7;
собаки;метис;"643090000174133";;7;
собаки;метис;"643090000174135";;7;
собаки;метис;"643090000174140";;7;
собаки;метис;"643090000174137";;7;
собаки;метис;"643090000345729";;7;
собаки;метис;"643090000345728";;7;
собаки;метис;"643094100306987";;7;
собаки;метис;"643094100008337";;7;
собаки;метис;"643090000270252";;7;
собаки;метис;"643090000270260";;7;
собаки;метис;"643110000019246";;7;
собаки;метис;"643090000174172";;7;
собаки;метис;"643094100306990";;7;
собаки;метис;"643094100306988";;7;
собаки;метис;"643094100201281";;7;
собаки;метис;"643110000019272";;7;
собаки;метис;"972270000027147";;7;
собаки;метис;"643090000129662";;7;
собаки;метис;"643090000130034";;7;
собаки;метис;"643110000091571";;7;
собаки;метис;"643110000092569";;7;
собаки;метис;"643110000031181";;7;
собаки;метис;"643090000270481";;7;
собаки;метис;"643090000270486";;7;
собаки;метис;"643090000174377";;7;
собаки;метис;"643094100398128";;7;
собаки;метис;"972270000337681";;7;
собаки;метис;"643110000019697";;7;
собаки;метис;"643094100004707";;7;
собаки;метис;"972270000023862";;7;
собаки;метис;"643095300140034";;7;
собаки;метис;"643095300140030";;7;
собаки;метис;"643095300140027";;7;
собаки;метис;"643094100436423";;7;
собаки;метис;"643094100281977";;7;
собаки;метис;"972270000023544";;7;
собаки;метис;"972270000027391";;7;
собаки;метис;"643094100011312";;7;
собаки;метис;"643110000026388";;7;
собаки;метис;"643110000026167";;7;
собаки;метис;"972270000029726";;7;
собаки;метис;"672270000029166";;7;
собаки;метис;"643110000073481";;7;
собаки;метис;"643090000149539";;7;
собаки;метис;"643090000149528";;7;
собаки;метис;"643021160000867";;7;
собаки;метис;"643021160000881";;7;
собаки;метис;"643094100337001";;7;
собаки;метис;"643094100337018";;7;
собаки;метис;"643094100172316";;7;
собаки;метис;"643094100351316";;7;
собаки;метис;"643094100276750";;7;
собаки;метис;"972270000027407";;7;
собаки;метис;"643094100345758";;7;
собаки;метис;"643094100351282";;7;
собаки;метис;"643094100352660";;7;
собаки;метис;"643094100377166";;7;
собаки;метис;"643095300140009";;7;
собаки;метис;"643094100005785";;7;
собаки;метис;"643094100378261";;7;
собаки;метис;"643094100294550";;7;
собаки;метис;"643094100294471";;7;
собаки;метис;"643090000213986";;7;
собаки;метис;"643090000213910";;7;
собаки;метис;"643110000019334";;7;
собаки;метис;"643110000019025";;7;
собаки;метис;"643110000017106";;7;
собаки;метис;"972270000337006";;7;
собаки;метис;"643110000072612";;7;
собаки;метис;"643110000019282";;7;
собаки;метис;"643110000017363";;7;
собаки;метис;"643110000017785";;7;
собаки;метис;"643094100377263";;7;
собаки;метис;"643094100377265";;7;
собаки;метис;"643094100377261";;7;
собаки;метис;"643094100377293";;7;
собаки;метис;"643094100270629";;7;
собаки;метис;"643094100281849";;7;
собаки;метис;"643094100281966";;7;
собаки;метис;"643110000072927";;7;
собаки;метис;"643094100009001";;7;
собаки;метис;"643110000073773";;7;
собаки;метис;"643110000016487";;7;
собаки;метис;"972270000020176";;7;
собаки;метис;"643094100341434";;7;
собаки;метис;"972270000027291";;7;
собаки;метис;"643110000031188";;7;
собаки;метис;"643094100294475";;7;
собаки;метис;"643094100004615";;7;
собаки;метис;"643110000025862";;7;
собаки;метис;"643094100351312";;7;
собаки;метис;"643094100351311";;7;
собаки;метис;"643094100351288";;7;
собаки;метис;"643094100281961";;7;
собаки;метис;"643094100281969";;7;
собаки;метис;"972270000027819";;7;
собаки;метис;"643094100009313";;7;
собаки;метис;"643090000270313";;7;
собаки;метис;"643090000234157";;7;
собаки;метис;"972270000333038";;7;
собаки;метис;"643110000017116";;7;
собаки;метис;"643110000017364";;7;
собаки;метис;"643094100323467";;7;
собаки;метис;"643090000399756";;7;
собаки;метис;"643090000345731";;7;
собаки;метис;"643094100366518";;7;
собаки;метис;"643094100281982";;7;
собаки;метис;"985170002311717";;7;
собаки;метис;"643090000399751";;7;
собаки;метис;"643090000399760";;7;
собаки;метис;"643090000399754";;7;
собаки;метис;"643090000399744";;7;
собаки;метис;"643110000073477";;7;
собаки;метис;"643110000019563";;7;
собаки;метис;"643090000399742";;7;
собаки;метис;"643090000399748";;7;
собаки;метис;"643090000399759";;7;
собаки;метис;"643090000130039";;7;
собаки;метис;"643090000130028";;7;
собаки;метис;"643090000129713";;7;
собаки;метис;"643090000345726";;7;
собаки;метис;"643090000270482";;7;
собаки;метис;"643090000270816";;7;
собаки;метис;"643094100397225";;7;
собаки;метис;"643094100397219";;7;
собаки;метис;"643094100263626";;7;
собаки;метис;"643094100294533";;7;
собаки;метис;"643094100347245";;7;
собаки;метис;"643110000019261";;7;
собаки;метис;"643110000019268";;7;
собаки;метис;"643094100008011";;7;
собаки;метис;"972270000027623";;7;
собаки;метис;"643110000092562";;7;
собаки;метис;"643094100009021";;7;
собаки;метис;"643094100005506";;7;
собаки;метис;"643094100004968";;7;
собаки;метис;"643094100270607";;7;
собаки;метис;"643094100010159";;7;
собаки;метис;"643094100276618";;7;
собаки;метис;"643090000174196";;7;
собаки;метис;"643090000174183";;7;
собаки;метис;"643090000174184";;7;
собаки;метис;"643090000129772";;7;
собаки;метис;"643090000270314";;7;
собаки;метис;"643090000270316";;7;
собаки;метис;"643090000149616";;7;
собаки;метис;"643090000150155";;7;
собаки;метис;"643110000017458";;7;
собаки;метис;"643110000017456";;7;
собаки;метис;"643110000017460";;7;
собаки;метис;"643110000031192";;7;
собаки;метис;"643110000018845";;7;
собаки;метис;"643094100150672";;7;
собаки;метис;"643090000457445";;7;
собаки;метис;"643090000457449";;7;
собаки;метис;"643090000457450";;7;
собаки;метис;"972270000023558";;7;
собаки;метис;"643110000018843";;7;
собаки;метис;"972270000029001";;7;
собаки;метис;"643110000073767";;7;
собаки;метис;"972270000023097";;7;
собаки;метис;"643094100004028";;7;
собаки;метис;"643110000072811";;7;
собаки;метис;"643110000073552";;7;
собаки;метис;"643094100005423";;7;
собаки;метис;"643110000017787";;7;
собаки;метис;"643110000072936";;7;
собаки;метис;"972270000024151";;7;
собаки;метис;"972270000023300";;7;
собаки;метис;"643094100006111";;7;
собаки;метис;"643094100272013";;7;
собаки;метис;"643094100272006";;7;
собаки;метис;"643094100270749";;7;
собаки;метис;"643094100352652";;7;
собаки;метис;"643094100347243";;7;
собаки;метис;"643094100010883";;7;
собаки;метис;"643110000017043";;7;
собаки;метис;"643094100306899";;7;
собаки;метис;"643094100306927";;7;
собаки;метис;"643090000270305";;7;
собаки;метис;"643090000270307";;7;
собаки;метис;"643090000270807";;7;
собаки;метис;"643090000129661";;7;
собаки;метис;"643090000130027";;7;
собаки;метис;"643090000130026";;7;
собаки;метис;"972270000029056";;7;
собаки;метис;"972270000027304";;7;
собаки;метис;"643094100294536";;7;
собаки;метис;"643094100347246";;7;
собаки;метис;"643110000019633";;7;
собаки;метис;"643094100281999";;7;
собаки;метис;"643094100008636";;7;
собаки;метис;"643110000092570";;7;
собаки;метис;"643094100347370";;7;
собаки;метис;"643094100366506";;7;
собаки;метис;"972270000027691";;7;
собаки;метис;"643094100395698";;7;
собаки;метис;"643094100395986";;7;
собаки;метис;"643110000017450";;7;
собаки;метис;"643110000072898";;7;
собаки;метис;"643090000174138";;7;
собаки;метис;"643090000174126";;7;
собаки;метис;"643090000174128";;7;
собаки;метис;"643090000399741";;7;
собаки;метис;"643094100395694";;7;
собаки;метис;"643094100395696";;7;
собаки;метис;"643094100398335";;7;
собаки;метис;"643090000130003";;7;
собаки;метис;"643090000127245";;7;
собаки;метис;"643090000129068";;7;
собаки;метис;"643090000130001";;7;
собаки;метис;"643090000127243";;7;
собаки;метис;"643090000127168";;7;
собаки;метис;"643094100397238";;7;
собаки;метис;"643110000030338";;7;
собаки;метис;"643110000073003";;7;
собаки;метис;"643110000018849";;7;
собаки;метис;"643110000030331";;7;
собаки;метис;"643110000072810";;7;
собаки;метис;"643094100001653";;7;
собаки;метис;"643094100006315";;7;
собаки;метис;"972270000027216";;7;
собаки;метис;"643094100014900";;7;
собаки;метис;"643110000023105";;7;
собаки;метис;"643110000073109";;7;
собаки;метис;"643094100172350";;7;
собаки;метис;"643110000019675";;7;
собаки;метис;"643094100156823";;7;
собаки;метис;"643110000073005";;7;
собаки;метис;"643110000072928";;7;
собаки;метис;"643110000016486";;7;
собаки;метис;"643110000017104";;7;
собаки;метис;"643094100294477";;7;
собаки;метис;"643094100276676";;7;
собаки;метис;"643090000296342";;7;
собаки;метис;"643090000296050";;7;
собаки;метис;"643090000174362";;7;
собаки;метис;"643090000270242";;7;
собаки;метис;"643094100306995";;7;
собаки;метис;"972270000029123";;7;
собаки;метис;"643090000213904";;7;
собаки;метис;"643090000270244";;7;
собаки;метис;"643090000270248";;7;
собаки;метис;"643094100009424";;7;
собаки;метис;"643110000073507";;7;
собаки;метис;"972270000029548";;7;
собаки;метис;"643090000129707";;7;
собаки;метис;"643090000130036";;7;
собаки;метис;"643090000130025";;7;
собаки;метис;"643094100331337";;7;
собаки;метис;"643098100098379";;7;
собаки;метис;"941000002030109";;7;
собаки;метис;"643094100378216";;7;
собаки;метис;"643094100248343";;7;
собаки;метис;"643094100248338";;7;
собаки;метис;"643094100006707";;7;
собаки;метис;"972270000029813";;7;
собаки;метис;"972270000023982";;7;
собаки;метис;"972270000023617";;7;
собаки;метис;"643094100270613";;7;
собаки;метис;"643094100005426";;7;
собаки;метис;"643094100005695";;7;
собаки;метис;"643094100332554";;7;
собаки;метис;"643090000174169";;7;
собаки;метис;"643090000174369";;7;
собаки;метис;"643094100395952";;7;
собаки;метис;"643094100326680";;7;
собаки;метис;"643090000234148";;7;
собаки;метис;"643090000234145";;7;
собаки;метис;"972270000029704";;7;
собаки;метис;"972270000023913";;7;
собаки;метис;"643110000017702";;7;
собаки;метис;"643094100397220";;7;
собаки;метис;"643094100395953";;7;
собаки;метис;"900119000517795";;7;
собаки;метис;"643110000072884";;7;
собаки;метис;"643110000073471";;7;
собаки;метис;"643110000072815";;7;
собаки;метис;"643110000025785";;7;
собаки;метис;"643110000019270";;7;
собаки;метис;"643110000072886";;7;
собаки;метис;"643110000019271";;7;
собаки;метис;"643110000072978";;7;
собаки;метис;"643090000213906";;7;
собаки;метис;"643094100398125";;7;
собаки;метис;"643094100018153";;7;
собаки;метис;"643090000296047";;7;
собаки;метис;"643090000345735";;7;
собаки;метис;"643090000174164";;7;
собаки;метис;"643110000026095";;7;
собаки;метис;"643110000072788";;7;
собаки;метис;"643090000234159";;7;
собаки;метис;"643110000026140";;7;
собаки;метис;"643094100010941";;7;
собаки;метис;"972270000027523";;7;
собаки;метис;"643090000270488";;7;
собаки;метис;"643110000018981";;7;
собаки;метис;"643110000027100";;7;
собаки;метис;"643110000018965";;7;
собаки;метис;"643090000150143";;7;
собаки;метис;"972270000029218";;7;
собаки;метис;"643090000234144";;7;
собаки;метис;"643090000270250";;7;
собаки;метис;"643110000073008";;7;
собаки;метис;"643094100395695";;7;
собаки;метис;"643094100005337";;7;
собаки;метис;"643090000399442";;7;
собаки;метис;"643110000018848";;7;
собаки;метис;"643094100007801";;7;
собаки;метис;"643094100468775";;7;
собаки;метис;"643110000019351";;7;
собаки;метис;"643090000457455";;7;
собаки;метис;"643090000457454";;7;
собаки;метис;"643090000457453";;7;
собаки;метис;"643090000457452";;7;
собаки;метис;"643110000026099";;7;
собаки;метис;"643110000026164";;7;
собаки;метис;"972270000332452";;7;
собаки;метис;"972270000029374";;7;
собаки;метис;"643090000345723";;7;
собаки;метис;"643090000457444";;7;
собаки;метис;"643090000457443";;7;
собаки;метис;"643090000457442";;7;
собаки;метис;"643090000457441";;7;
собаки;метис;"643094100007901";;7;
собаки;метис;"972270000023541";;7;
собаки;метис;"643110000025874";;7;
собаки;метис;"643110000025873";;7;
собаки;метис;"643110000025985";;7;
собаки;метис;"972270000023224";;7;
собаки;метис;"643110000072973";;7;
собаки;метис;"643110000091847";;7;
собаки;метис;"643110000017659";;7;
собаки;метис;"643094100004349";;7;
собаки;метис;"643110000092561";;7;
собаки;метис;"643094100006496";;7;
собаки;метис;"643094100010219";;7;
собаки;метис;"643110000019311";;7;
собаки;метис;"643094100013401";;7;
собаки;метис;"643094100009887";;7;
собаки;метис;"643110000017102";;7;
собаки;метис;"643110000025782";;7;
собаки;метис;"643094100281946";;7;
собаки;метис;"643110000021656";;7;
собаки;метис;"643094100013322";;7;
собаки;метис;"643110000019259";;7;
собаки;метис;"643110000091848";;7;
собаки;метис;"643110000017374";;7;
собаки;метис;"643110000091584";;7;
собаки;метис;"643110000018879";;7;
собаки;метис;"972270000027974";;7;
собаки;метис;"972270000029783";;7;
собаки;метис;"643094100153395";;7;
собаки;метис;"972270000024303";;7;
собаки;метис;"643110000072940";;7;
собаки;метис;"643110000017718";;7;
собаки;метис;"643110000092464";;7;
собаки;метис;"643110000092467";;7;
собаки;метис;"643090000270484";;7;
собаки;метис;"643094100337078";;7;
собаки;метис;"643094100337076";;7;
собаки;метис;"972270000029666";;7;
собаки;метис;"643110000072899";;7;
собаки;метис;"643094100366466";;7;
собаки;метис;"643094100016618";;7;
собаки;метис;"643110000026398";;7;
собаки;метис;"972270000353322";;7;
собаки;метис;"972270000338837";;7;
собаки;метис;"972270000027553";;7;
собаки;метис;"972270000023408";;7;
собаки;метис;"643094100241907";;7;
собаки;метис;"643094100240657";;7;
собаки;метис;"643094100242778";;7;
собаки;метис;"643094100445845";;7;
собаки;метис;"643090000214025";;7;
собаки;метис;"643090000213912";;7;
собаки;метис;"643094100395991";;7;
собаки;метис;"643094100410916";;7;
собаки;метис;"643090000214033";;7;
собаки;метис;"972270000029537";;7;
собаки;метис;"972270000023735";;7;
собаки;метис;"643094100148789";;7;
собаки;метис;"643034100360766";;7;
собаки;метис;"643090000234179";;7;
собаки;метис;"643094100148798";;7;
собаки;метис;"643094100153387";;7;
собаки;метис;"643094100148779";;7;
собаки;метис;"643094100158169";;7;
собаки;метис;"643094100148733";;7;
собаки;метис;"643090000213916";;7;
собаки;метис;"643094100347241";;7;
собаки;метис;"643094100347250";;7;
собаки;метис;"643094100366469";;7;
собаки;метис;"643094100398336";;7;
собаки;метис;"643094100264761";;7;
собаки;метис;"643094100148726";;7;
собаки;метис;"972270000029125";;7;
собаки;метис;"643094100148776";;7;
собаки;метис;"643094100148792";;7;
собаки;метис;"643094100148788";;7;
собаки;метис;"643090000174236";;7;
собаки;метис;"643090000174152";;7;
собаки;метис;"643094100242670";;7;
собаки;метис;"643094100242652";;7;
собаки;метис;"643090000174109";;7;
собаки;метис;"643090000174106";;7;
собаки;метис;"643094100248012";;7;
собаки;метис;"972270000023831";;7;
собаки;метис;"643110000019023";;7;
собаки;метис;"643110000019565";;7;
собаки;метис;"643094100013994";;7;
собаки;метис;"643090000234178";;7;
собаки;метис;"900166400001663";;7;
собаки;метис;"643094100148752";;7;
собаки;метис;"643094100146819";;7;
собаки;метис;"643094100146818";;7;
собаки;метис;"643094100242658";;7;
собаки;метис;"972270000027409";;7;
собаки;метис;"643094100146862";;7;
собаки;метис;"643090000234171";;7;
собаки;метис;"643094100331305";;7;
собаки;метис;"643094100242770";;7;
собаки;метис;"972270000023466";;7;
собаки;метис;"643094100242768";;7;
собаки;метис;"643090000271125";;7;
собаки;метис;"972270000029077";;7;
собаки;метис;"643090000134166";;7;
собаки;метис;"643090000174363";;7;
собаки;метис;"643094100445847";;7;
собаки;метис;"643090000234177";;7;
собаки;метис;"643094100294535";;7;
собаки;метис;"643094100352659";;7;
собаки;метис;"643090000234180";;7;
собаки;метис;"643094100265006";;7;
собаки;метис;"972270000027592";;7;
собаки;метис;"643094100294528";;7;
собаки;метис;"643094100265002";;7;
собаки;метис;"643094100146915";;7;
собаки;метис;"643094100146882";;7;
собаки;метис;"643094100242787";;7;
собаки;метис;"643094100146938";;7;
собаки;метис;"643090000234175";;7;
собаки;метис;"643110000031186";;7;
собаки;метис;"972270000024767";;7;
собаки;метис;"643094100264754";;7;
собаки;метис;"972270000027313";;7;
собаки;метис;"972270000029109";;7;
собаки;метис;"972270000029784";;7;
собаки;метис;"643094100146906";;7;
собаки;метис;"643094100347242";;7;
собаки;метис;"643090000270028";;7;
собаки;метис;"643094100243850";;7;
собаки;метис;"643094100204278";;7;
собаки;метис;"643094100239403";;7;
собаки;метис;"643110000019330";;7;
собаки;метис;"643094100264730";;7;
собаки;метис;"643094100014791";;7;
собаки;метис;"643094100265200";;7;
собаки;метис;"987170002320053";;7;
собаки;метис;"972270000027572";;7;
собаки;метис;"643090000234165";;7;
собаки;метис;"643094100326661";;7;
собаки;метис;"643094100248327";;7;
собаки;метис;"643094100398267";;7;
собаки;метис;"643094100398268";;7;
собаки;метис;"972270000332799";;7;
собаки;метис;"643094100398270";;7;
собаки;метис;"943090000174231";;7;
собаки;метис;"643090000174111";;7;
собаки;метис;"643090000174222";;7;
собаки;метис;"643090000174223";;7;
собаки;метис;"972270000027841";;7;
собаки;метис;"643094100146859";;7;
собаки;метис;"643094100146872";;7;
собаки;метис;"972270000024358";;7;
собаки;метис;"643090000127176";;7;
собаки;метис;"643090000127161";;7;
собаки;метис;"972270000029699";;7;
собаки;метис;"972270000023628";;7;
собаки;метис;"643094100244891";;7;
собаки;метис;"643110000019569";;7;
собаки;метис;"643094100120216";;7;
собаки;метис;"643090000234170";;7;
собаки;метис;"643090000234163";;7;
собаки;метис;"643094100242636";;7;
собаки;метис;"643094100146898";;7;
собаки;метис;"972270000023808";;7;
собаки;метис;"643090000234162";;7;
собаки;метис;"643094100294525";;7;
собаки;метис;"985170002205469";;7;
собаки;метис;"972270000024544";;7;
собаки;метис;"972270000027969";;7;
собаки;метис;"643094100242638";;7;
собаки;метис;"643090000234167";;7;
собаки;метис;"643094100294529";;7;
собаки;метис;"643094100008030";;7;
собаки;метис;"643090000307790";;7;
собаки;метис;"643094100146879";;7;
собаки;метис;"972270000023603";;7;
собаки;метис;"643094100200470";;7;
собаки;метис;"643094100200484";;7;
собаки;метис;"643094100244271";;7;
собаки;метис;"985170002320910";;7;
собаки;метис;"985170000225108";;7;
собаки;метис;"972000000023161";;7;
собаки;метис;"643094100153248";;7;
собаки;метис;"643094100398269";;7;
собаки;метис;"985170002312307";;7;
собаки;метис;"643090000174145";;7;
собаки;метис;"643090000174157";;7;
собаки;метис;"643110000017897";;7;
собаки;метис;"643090000174149";;7;
собаки;метис;"643090000234174";;7;
собаки;метис;"643110000025664";;7;
собаки;метис;"643110000017373";;7;
собаки;метис;"643094100276799";;7;
собаки;метис;"643094100395996";;7;
собаки;метис;"643090000234161";;7;
собаки;метис;"643094100264718";;7;
собаки;метис;"643094100277395";;7;
собаки;метис;"972270000029862";;7;
собаки;метис;"643110000030321";;7;
собаки;метис;"972270000027492";;7;
собаки;метис;"643094100366515";;7;
собаки;метис;"643094100148548";;7;
собаки;метис;"643110000018996";;7;
собаки;метис;"972270000030878";;7;
собаки;метис;"643094100172391";;7;
собаки;метис;"643110000017355";;7;
собаки;метис;"643094100146630";;7;
собаки;метис;"643094100146613";;7;
собаки;метис;"643090000271104";;7;
собаки;метис;"643090000271105";;7;
собаки;метис;"972270000023804";;7;
собаки;метис;"972270000024785";;7;
собаки;метис;"972270000025660";;7;
собаки;метис;"643094100240713";;7;
собаки;метис;"643090000174110";;7;
собаки;метис;"643090000174120";;7;
собаки;метис;"643090000174118";;7;
собаки;метис;"972270000029551";;7;
собаки;метис;"643094100146631";;7;
собаки;метис;"972270000029781";;7;
собаки;метис;"643090000234164";;7;
собаки;метис;"643094100146649";;7;
собаки;метис;"643090000271102";;7;
собаки;метис;"972270000027440";;7;
собаки;метис;"972270000027479";;7;
собаки;метис;"643094100146623";;7;
собаки;метис;"643094100146641";;7;
собаки;метис;"972270000029330";;7;
собаки;метис;"643094100146637";;7;
собаки;метис;"643094100146616";;7;
собаки;метис;"643094100146618";;7;
собаки;метис;"972270000029970";;7;
собаки;метис;"643094100146614";;7;
собаки;метис;"972270000023328";;7;
собаки;метис;"972270000024091";;7;
собаки;метис;"972270000029013";;7;
собаки;метис;"972270000023563";;7;
собаки;метис;"643090000235292";;7;
собаки;метис;"643090000235286";;7;
собаки;метис;"643090000234352";;7;
собаки;метис;"643090000174151";;7;
собаки;метис;"643090000234354";;7;
собаки;метис;"643090000234357";;7;
собаки;метис;"643094100276863";;7;
собаки;метис;"643094100276840";;7;
собаки;метис;"643094100360761";;7;
собаки;метис;"643094100326676";;7;
собаки;метис;"643094100276774";;7;
собаки;метис;"643094100326702";;7;
собаки;метис;"643094100326678";;7;
собаки;метис;"643064100146634";;7;
собаки;метис;"643094100153196";;7;
собаки;метис;"643094100153259";;7;
собаки;метис;"972270000027036";;7;
собаки;метис;"643110000018968";;7;
собаки;метис;"643094100251378";;7;
собаки;метис;"643094100200568";;7;
собаки;метис;"643094100251374";;7;
собаки;метис;"643021160000892";;7;
собаки;метис;"643090000234353";;7;
собаки;метис;"643021160000874";;7;
собаки;метис;"643090000129771";;7;
собаки;метис;"643110000026086";;7;
собаки;метис;"643090000234346";;7;
собаки;метис;"643110000025794";;7;
собаки;метис;"972270000023180";;7;
собаки;метис;"643110000026087";;7;
собаки;метис;"643090000174142";;7;
собаки;метис;"643090000174143";;7;
собаки;метис;"643090000174154";;7;
собаки;метис;"643090000174146";;7;
собаки;метис;"643090000234344";;7;
собаки;метис;"643094100204232";;7;
собаки;метис;"972270000030471";;7;
собаки;метис;"643090000234355";;7;
собаки;метис;"972270000029938";;7;
собаки;метис;"643094100204282";;7;
собаки;метис;"643110000018982";;7;
собаки;метис;"643094100172202";;7;
собаки;метис;"643094100148787";;7;
собаки;метис;"643094100172216";;7;
собаки;метис;"643094100172224";;7;
собаки;метис;"643094100204268";;7;
собаки;метис;"643094100242763";;7;
собаки;метис;"643110000031195";;7;
собаки;метис;"643094100240800";;7;
собаки;метис;"643094100204209";;7;
собаки;метис;"643094100200712";;7;
собаки;метис;"643094100251373";;7;
собаки;метис;"643094100251372";;7;
собаки;метис;"643094100277308";;7;
собаки;метис;"643094100360908";;7;
собаки;метис;"643090000234342";;7;
собаки;метис;"643090000234349";;7;
собаки;метис;"643090000270333";;7;
собаки;метис;"972270000023377";;7;
собаки;метис;"972270000023506";;7;
собаки;метис;"643094100172236";;7;
собаки;метис;"643094100241367";;7;
собаки;метис;"972270000029651";;7;
собаки;метис;"643094100172528";;7;
собаки;метис;"643094100172437";;7;
собаки;метис;"972270000024078";;7;
собаки;метис;"643110000019573";;7;
собаки;метис;"643094100172270";;7;
собаки;метис;"643110000025789";;7;
собаки;метис;"643094100172259";;7;
собаки;метис;"643094100251369";;7;
собаки;метис;"643094100172313";;7;
собаки;метис;"643090000234351";;7;
собаки;метис;"941000002051699";;7;
собаки;метис;"643094100172256";;7;
собаки;метис;"643090000174141";;7;
собаки;метис;"643094100331333";;7;
собаки;метис;"643094100240749";;7;
собаки;метис;"643021160000848";;7;
собаки;метис;"643094100249666";;7;
собаки;метис;"643090000271129";;7;
собаки;метис;"643090000271103";;7;
собаки;метис;"643090000270339";;7;
собаки;метис;"643094100243880";;7;
собаки;метис;"643094100242779";;7;
собаки;метис;"643094100240754";;7;
собаки;метис;"643094100240653";;7;
собаки;метис;"643090000234350";;7;
собаки;метис;"643094100172233";;7;
собаки;метис;"643094100204283";;7;
собаки;метис;"643090000174107";;7;
собаки;метис;"643090000174144";;7;
собаки;метис;"643094100204348";;7;
собаки;метис;"643094100240775";;7;
собаки;метис;"643094100200598";;7;
собаки;метис;"643094100242786";;7;
собаки;метис;"643090000234348";;7;
собаки;метис;"643094100248024";;7;
собаки;метис;"643090000213902";;7;
собаки;метис;"643090000174372";;7;
собаки;метис;"643110000019629";;7;
собаки;метис;"972270000024672";;7;
собаки;метис;"643110000018948";;7;
собаки;метис;"643094100240680";;7;
собаки;метис;"643094100395994";;7;
собаки;метис;"643094100410914";;7;
собаки;метис;"643094100263617";;7;
собаки;метис;"643090000174116";;7;
собаки;метис;"643090000174105";;7;
собаки;метис;"643090000174619";;7;
собаки;метис;"643094100265147";;7;
собаки;метис;"972270000027403";;7;
собаки;метис;"643094100200730";;7;
собаки;метис;"643094100242615";;7;
собаки;метис;"643094100242628";;7;
собаки;метис;"643094100397211";;7;
собаки;метис;"643094100244237";;7;
собаки;метис;"643090000373340";;7;
собаки;метис;"643090000234360";;7;
собаки;метис;"643090000167078";;7;
собаки;метис;"643090000167073";;7;
собаки;метис;"643090000174147";;7;
собаки;метис;"643090000174158";;7;
собаки;метис;"643094100249785";;7;
собаки;метис;"643094100200605";;7;
собаки;метис;"643094100248092";;7;
собаки;метис;"643090000130002";;7;
собаки;метис;"972270000082170";;7;
собаки;метис;"643094100200414";;7;
собаки;метис;"643094100249771";;7;
собаки;метис;"643094100204344";;7;
собаки;метис;"643094100204208";;7;
собаки;метис;"643094100204230";;7;
собаки;метис;"643094100172400";;7;
собаки;метис;"972270000023479";;7;
собаки;метис;"643110000030381";;7;
собаки;метис;"643090000234345";;7;
собаки;метис;"643094100347363";;7;
собаки;метис;"643094100410915";;7;
собаки;метис;"643090000234347";;7;
собаки;метис;"643094100172279";;7;
собаки;метис;"643094100200577";;7;
собаки;метис;"643094100172337";;7;
собаки;метис;"643110000030838";;7;
собаки;метис;"643110000018807";;7;
собаки;метис;"643110000019126";;7;
собаки;метис;"643090000235284";;7;
собаки;метис;"972270000027575";;7;
собаки;метис;"643094100240731";;7;
собаки;метис;"643090000271107";;7;
собаки;метис;"643094100249723";;7;
собаки;метис;"643094100276823";;7;
собаки;метис;"643110000031196";;7;
собаки;метис;"643094100148402";;7;
собаки;метис;"643021160000872";;7;
собаки;метис;"643094100172265";;7;
собаки;метис;"972270000029372";;7;
собаки;метис;"643094100172338";;7;
собаки;метис;"643110000031183";;7;
собаки;метис;"643090000174112";;7;
собаки;метис;"643090000174620";;7;
собаки;метис;"643090000174148";;7;
собаки;метис;"972270000078166";;7;
собаки;метис;"643094100172296";;7;
собаки;метис;"643094100172271";;7;
собаки;метис;"972270000029224";;7;
собаки;метис;"643110000018951";;7;
собаки;метис;"643110000030582";;7;
собаки;метис;"643094100172368";;7;
собаки;метис;"643094100172359";;7;
собаки;метис;"643094100172263";;7;
собаки;метис;"643094100248153";;7;
собаки;метис;"643090000235293";;7;
собаки;метис;"643090000214034";;7;
собаки;метис;"643090000174374";;7;
собаки;метис;"643090000174379";;7;
собаки;метис;"643090000174368";;7;
собаки;метис;"643094100248013";;7;
собаки;метис;"643094100172398";;7;
собаки;метис;"643090000235295";;7;
собаки;метис;"972270000029111";;7;
собаки;метис;"643110000030328";;7;
собаки;метис;"643094100172340";;7;
собаки;метис;"972270000027260";;7;
собаки;метис;"972270000027244";;7;
собаки;метис;"972270000336434";;7;
собаки;метис;"643094100204293";;7;
собаки;метис;"643090000129702";;7;
собаки;метис;"643090000127171";;7;
собаки;метис;"643110000019128";;7;
собаки;метис;"643094100172275";;7;
собаки;метис;"643090000235294";;7;
собаки;метис;"643090000235299";;7;
собаки;метис;"643090000214039";;7;
собаки;метис;"643094100248336";;7;
собаки;метис;"643110000019022";;7;
собаки;метис;"643090000235297";;7;
собаки;метис;"643094100172327";;7;
собаки;метис;"643094100172304";;7;
собаки;метис;"643094100172356";;7;
собаки;метис;"643094100172323";;7;
собаки;метис;"643090000214036";;7;
собаки;метис;"643090000214035";;7;
собаки;метис;"643094100395999";;7;
собаки;метис;"643090000270327";;7;
собаки;метис;"643090000270665";;7;
собаки;метис;"972270000339458";;7;
собаки;метис;"643090000129100";;7;
собаки;метис;"643090000127254";;7;
собаки;метис;"643090000174225";;7;
собаки;метис;"643090000174245";;7;
собаки;метис;"643094100016071";;7;
собаки;метис;"643090000174371";;7;
собаки;метис;"643090000235283";;7;
собаки;метис;"643094100360909";;7;
собаки;метис;"972270000023682";;7;
собаки;метис;"643094100172303";;7;
собаки;метис;"643094100240703";;7;
собаки;метис;"643094100398177";;7;
собаки;метис;"643090000235285";;7;
собаки;метис;"972270000327000";;7;
собаки;метис;"643094100248373";;7;
собаки;метис;"643090000174150";;7;
собаки;метис;"643094100219340";;7;
собаки;метис;"643090000129763";;7;
собаки;метис;"972270000023783";;7;
собаки;метис;"941000002039133";;7;
собаки;метис;"643094100294522";;7;
собаки;метис;"643110000073486";;7;
собаки;метис;"972270000023138";;7;
собаки;метис;"643094100172454";;7;
собаки;метис;"643090000234078";;7;
собаки;метис;"643090000234070";;7;
собаки;метис;"643094100294524";;7;
собаки;метис;"972270000027277";;7;
собаки;метис;"643090000312657";;7;
собаки;метис;"972270000027001";;7;
собаки;метис;"972270000023525";;7;
собаки;метис;"643090000234066";;7;
собаки;метис;"972270000024316";;7;
собаки;метис;"643094100172516";;7;
собаки;метис;"643110000018953";;7;
собаки;метис;"972270000029935";;7;
собаки;метис;"643094100172210";;7;
собаки;метис;"643090000234076";;7;
собаки;метис;"643110000018947";;7;
собаки;метис;"643094100248037";;7;
собаки;метис;"643094100172513";;7;
собаки;метис;"643094100488133";;7;
собаки;метис;"643110000019254";;7;
собаки;метис;"643094100377247";;7;
собаки;метис;"643094100611539";;7;
собаки;метис;"643094100172268";;7;
собаки;метис;"643094100172302";;7;
собаки;метис;"643094100204394";;7;
собаки;метис;"643090000234063";;7;
собаки;метис;"643094100146640";;7;
собаки;метис;"643090000234341";;7;
собаки;метис;"643094100148567";;7;
собаки;метис;"643090000129708";;7;
собаки;метис;"643094100251773";;7;
собаки;метис;"643090000271108";;7;
собаки;метис;"643090000271117";;7;
собаки;метис;"972270000076142";;7;
собаки;метис;"972270000091388";;7;
собаки;метис;"643090000174159";;7;
собаки;метис;"643094100248028";;7;
собаки;метис;"643094100153374";;7;
собаки;метис;"643094100172243";;7;
собаки;метис;"643094100118660";;7;
собаки;метис;"643094100352655";;7;
собаки;метис;"972270000032752";;7;
собаки;метис;"643098100033658";;7;
собаки;метис;"643094100148791";;7;
собаки;метис;"972270000023733";;7;
собаки;метис;"643094100242642";;7;
собаки;метис;"643094100243914";;3;
собаки;метис;"643094100243844";;3;
собаки;метис;"643095300149423";;3;
собаки;метис;"643094100243875";;3;
собаки;метис;"643094100241560";;3;
собаки;метис;"643094100338027";;3;
собаки;метис;"643095300143859";;3;
собаки;метис;"643094100240868";;3;
собаки;метис;"643094100240979";;3;
собаки;метис;"643094100243823";;3;
собаки;метис;"643094100245086";;3;
собаки;метис;"643094100245056";;3;
собаки;метис;"643094100333279";;3;
собаки;метис;"643094100243848";;3;
собаки;метис;"643093300002910";;3;
собаки;метис;"643090000350594";;3;
собаки;метис;"643094100338014";;3;
собаки;метис;"643094100338015";;3;
собаки;метис;"643094100243805";;3;
собаки;метис;"643094100338016";;3;
собаки;метис;"643094100243810";;3;
собаки;метис;"643094100333280";;3;
собаки;метис;"643095300149526";;3;
собаки;метис;"643093300002934";;3;
собаки;метис;"643095300149498";;3;
собаки;метис;"643095300149504";;3;
собаки;метис;"643095300138215";;3;
собаки;метис;"643095300149613";;3;
собаки;метис;"643095300149473";;3;
собаки;метис;"643095300149415";;3;
собаки;метис;"643090000262921";;3;
собаки;метис;"643095300149457";;3;
собаки;метис;"643094100241748";;3;
собаки;метис;"643094100240986";;3;
собаки;метис;"643094100244180";;3;
собаки;метис;"643090000351020";;3;
собаки;метис;"643094100244151";;3;
собаки;метис;"643095300138407";;3;
собаки;метис;"643095300149416";;3;
собаки;метис;"643095300149594";;3;
собаки;метис;"643094100240956";;3;
собаки;метис;"643094100240993";;3;
собаки;метис;"643090000262923";;3;
собаки;метис;"643094100240978";;3;
собаки;метис;"643090000373545";;3;
собаки;метис;"643094100241410";;3;
собаки;метис;"643090000351029";;3;
собаки;метис;"643095300149964";;3;
собаки;метис;"643093300002901";;3;
собаки;метис;"643093300002993";;3;
собаки;метис;"643095300149402";;3;
собаки;метис;"643094100244030";;3;
собаки;метис;"643095300149414";;3;
собаки;метис;"643094100338020";;3;
собаки;метис;"643094100338019";;3;
собаки;метис;"985170002320239";;3;
собаки;метис;"643093300002976";;3;
собаки;метис;"643094100243852";;3;
собаки;метис;"643095300149524";;3;
собаки;метис;"643095300138224";;3;
собаки;метис;"643090000432730";;7;
собаки;метис;"643090000432729";;7;
собаки;метис;"643090000296055";;7;
собаки;метис;"643090000457485";;7;
собаки;метис;"643090000296056";;7;
собаки;метис;"643090000464615";;7;
собаки;метис;"643090000296052";;7;
собаки;метис;"643090000464595";;7;
собаки;метис;"643090000296074";;7;
собаки;метис;"643090000296064";;7;
собаки;метис;"643090000296072";;7;
собаки;метис;"643090000664332";;7;
собаки;метис;"643094100576418";;1;
собаки;метис;"643094100579336";;1;
собаки;метис;"643094100059836";;1;
собаки;метис;"643094100696832";;1;
собаки;метис;"643094100576416";;1;
собаки;метис;"643090000399476";;1;
собаки;метис;"643094100596954";;1;
собаки;метис;"643094100579280";;1;
собаки;метис;"643094100576338";;18;
собаки;метис;"643094100579278";;18;
собаки;метис;"643094100576339";;18;
собаки;метис;"643094100579277";;18;
собаки;метис;"643094100579274";;18;
собаки;метис;"643094100579340";;18;
собаки;метис;"643094100579279";;18;
собаки;метис;"643094100579337";;18;
собаки;метис;"643094100579332";;18;
собаки;метис;"643094100579331";;18;
собаки;Метис;"643093400026071";"01.01.2016";15;m
собаки;Метис;"972270000285314";"01.01.2011";15;m
собаки;Метис;"643110700014453";"01.01.2014";15;f
собаки;Метис;"643094100245809";"01.01.2010";15;f
собаки;Метис;"643093400026004";"01.01.2014";15;m
собаки;Метис;"643094100245826";"01.01.2003";15;m
собаки;Метис;"643094100320442";"01.01.2013";15;f
собаки;Метис;"643094100245935";"01.01.2011";15;f
собаки;Метис;"643094100331697";"01.01.2012";15;m
собаки;Метис;"643094100245885";"01.01.2010";15;f
собаки;Метис;"643095300138405";"01.01.2015";15;f
собаки;Метис;"643094100245985";"01.01.2010";15;f
собаки;Метис;"643094100236027";"01.01.2009";15;m
собаки;Метис;"643094100320450";"01.01.2013";15;m
собаки;Метис;"643094100245984";"01.01.2010";15;f
собаки;Метис;"941000001999814";"01.01.2008";15;f
собаки;Метис;"643094100245005";"01.01.2010";15;f
собаки;Метис;"643094100245895";"01.01.2006";15;m
собаки;Метис;"643094100245183";"01.01.2005";15;f
собаки;Метис;"643094100245065";"01.01.2009";15;f
собаки;Метис;"643094100245961";"01.01.2007";15;m
собаки;Метис;"643095300138406";"01.01.2014";15;f
собаки;Метис;"643094100245190";"01.01.2008";15;f
собаки;Метис;"643094100245965";"01.01.2006";15;m
собаки;Метис;"643094100377366";"01.01.2014";15;m
собаки;Метис;"643094100245934";"01.01.2012";15;m
собаки;Метис;"643095300144558";"01.01.2013";15;m
собаки;Метис;"643094100243517";"01.01.2005";15;f
собаки;Метис;"643094100245820";"01.01.2003";15;f
собаки;Метис;"643094100245990";"01.01.2010";15;f
собаки;Метис;"643094100245857";"01.01.2007";15;f
собаки;Метис;"643094100245159";"01.01.2013";15;f
собаки;Метис;"643094100245886";"01.01.2006";15;f
собаки;Метис;"643095300138443";"01.01.2014";15;f
собаки;Метис;"643094100243572";"01.01.2010";15;f
собаки;Метис;"643094100248148";"01.01.2013";15;f
собаки;Метис;"643095300138372";"01.01.2014";15;f
собаки;Метис;"643094100245960";"01.01.2005";15;m
собаки;Метис;"643094100318146";"01.01.2013";15;m
собаки;Метис;"643094100318145";"01.01.2013";15;f
собаки;Метис;"643094100318142";"01.01.2013";15;f
Каст.;Метис;"643094100245926";"01.01.2012";15;
Стер.;Метис;"643094100318144";"01.01.2013";15;
собаки;Метис;"643094100245120";"01.01.2002";15;m
собаки;Метис;"643094100245073";"01.01.2004";15;f
собаки;Метис;"643093400026003";"01.01.2016";15;f
собаки;Метис;"643094100245902";"01.01.2006";15;f
собаки;Метис;"643094100243515";"01.01.2004";15;f
собаки;Метис;"643094100318141";"01.01.2013";15;f
собаки;Метис;"643094100318150";"01.01.2013";15;m
собаки;Метис;"643094100425787";"01.01.2014";15;f
собаки;Метис;"643094100245911";"01.01.2005";15;f
собаки;Метис;"643094100245170";"01.01.2007";15;f
собаки;Метис;"643094100245180";"01.01.2009";15;f
собаки;Метис;"643094100318147";"01.01.2012";15;f
собаки;Метис;"643094100331693";"01.01.2012";15;m
собаки;Метис;"643094100333236";"01.01.2014";15;f
собаки;Метис;"643094100243588";"01.01.2007";15;m
собаки;Метис;"643094100245833";"01.01.2003";15;m
собаки;Метис;"643093400026048";"01.01.2015";15;f
собаки;Метис;"643094100333233";"01.01.2010";15;m
собаки;Метис;"643094100245867";"01.01.2005";15;f
собаки;Метис;"643093400026108";"01.01.2015";15;m
собаки;Метис;"643094100333232";"01.01.2013";15;f
собаки;Метис;"643094100333234";"01.01.2013";15;m
собаки;Метис;"643094100333231";"01.01.2012";15;m
собаки;Метис;"643094100245882";"01.01.2009";15;f
собаки;Метис;"643094100245903";"01.01.2007";15;f
собаки;Метис;"643094100245118";"01.01.2011";15;f
собаки;Метис;"643093400026080";"01.01.2016";15;m
собаки;Метис;"643094100245851";"01.01.2005";15;m
собаки;Метис;"643094100245912";"01.01.2006";15;f
собаки;Метис;"643094100245883";"01.01.2010";15;m
собаки;Метис;"643093400026105";"01.01.2011";15;f
собаки;Метис;"643094100245181";"01.01.2007";15;f
собаки;Метис;"643094100245873";"01.01.2010";15;f
собаки;Метис;"643093400026005";"01.01.2016";15;f
собаки;Метис;"643093400025878";"01.01.2007";15;f
собаки;Метис;"643094100245894";"01.01.2003";15;m
собаки;Метис;"643094100245994";"01.01.2003";15;m
собаки;Метис;"643094100245189";"01.01.2009";15;f
собаки;Метис;"643094100245836";"01.01.2010";15;m
собаки;Метис;"643094100245864";"01.01.2004";15;f
собаки;Метис;"643094100245182";"01.01.2003";15;m
собаки;Метис;"643094100333240";"01.01.2011";15;m
собаки;Метис;"643094100245804";"01.01.2010";15;f
собаки;Метис;"643094100331721";"01.01.2014";15;f
собаки;Метис;"643094100331726";"01.01.2014";15;f
собаки;Метис;"643093400026072";"01.01.2015";15;f
собаки;Метис;"643094100245936";"01.01.2010";15;f
собаки;Метис;"643094100245821";"01.01.2009";15;f
собаки;Метис;"643094100331722";"01.01.2014";15;m
собаки;Метис;"643094100425790";"01.01.2015";15;m
собаки;Метис;"643094100320447";"01.01.2014";15;f
собаки;Метис;"643094100245829";"01.01.2009";15;m
собаки;Метис;"643094100245889";"01.01.2006";15;f
собаки;Метис;"643094100320445";"01.01.2007";15;m
собаки;Метис;"643094100245850";"01.01.2009";15;m
собаки;Метис;"643094100245905";"01.01.2009";15;f
собаки;Метис;"985170003013179";"01.01.2014";15;f
собаки;Метис;"643094100245939";"01.01.2009";15;m
собаки;Метис;"643094100377369";"01.01.2014";15;m
собаки;Метис;"643094100245101";"01.01.2010";15;m
собаки;Метис;"643095300103512";"01.01.2012";15;f
собаки;Метис;"643095300113947";"01.01.2014";15;m
собаки;Метис;"643094100245055";"01.01.2013";15;m
собаки;Метис;"643094100245918";"01.01.2006";15;f
собаки;Метис;"643094100245838";"01.01.2011";15;m
собаки;Метис;"643094100245175";"01.01.2012";15;f
собаки;Метис;"643094100245927";"01.01.2010";15;m
собаки;Метис;"643094100377370";"01.01.2014";15;f
собаки;Метис;"643095300144559";"01.01.2013";15;f
собаки;Метис;"643094100245928";"01.01.2009";15;m
собаки;Метис;"643094100245814";"01.01.2010";15;m
собаки;Метис;"643094100245103";"01.01.2007";15;m
собаки;Метис;"643094100245018";"01.01.2009";15;f
собаки;Метис;"643094100245944";"01.01.2010";15;m
собаки;Метис;"643094100245932";;15;f
собаки;Метис;"643094100333252";"01.01.2014";15;f
собаки;Метис;"643094100245812";"01.01.2010";15;f
собаки;Метис;"643094100245966";"01.01.2010";15;m
собаки;Метис;"643094100245933";"01.01.2010";15;m
собаки;Метис;"643094100245813";"01.01.2010";15;m
собаки;Метис;"643094100245060";"01.01.2009";15;m
собаки;Метис;"643094100245904";"01.01.2005";15;f
собаки;Метис;"643094100245066";"01.01.2004";15;m
собаки;Метис;"643093400025773";"01.01.2010";15;m
собаки;Метис;"643094100331700";"01.01.2013";15;m
собаки;Метис;"643094100245135";"01.01.2012";15;f
собаки;Метис;"643094100377365";"01.01.2014";15;f
собаки;Метис;"643093400026073";"01.01.2013";15;f
собаки;Метис;"643094100245188";"01.01.2003";15;m
собаки;Метис;"643094100245094";"01.01.2010";15;m
собаки;Метис;"643094100245143";"01.01.2007";15;f
собаки;Метис;"643094100245837";"01.01.2003";15;m
собаки;Метис;"643094100245045";"01.01.2013";15;f
собаки;Метис;"643094100245098";"01.01.2013";15;m
собаки;Метис;"643094100245993";"01.01.2005";15;f
собаки;Метис;"643094100333256";"01.01.2012";15;m
собаки;Метис;"643094100245194";"01.01.2009";15;m
собаки;Метис;"643094100245052";"01.01.2013";15;m
собаки;Метис;"643094100245830";"01.01.2006";15;m
собаки;Метис;"643094100245907";"01.01.2006";15;f
собаки;Метис;"643094100245869";"01.01.2001";15;f
собаки;Метис;"643094100245067";"01.01.2007";15;m
собаки;Метис;"643094100245991";"01.01.2003";15;m
собаки;Метис;"643094100245008";"01.01.2002";15;m
собаки;Метис;"643094100245011";"01.01.2012";15;f
собаки;Метис;"643094100245193";"01.01.2003";15;f
собаки;Метис;"643094100245848";"01.01.2004";15;f
собаки;Метис;"643094100245019";"01.01.2012";15;m
собаки;Метис;"643094100245986";"01.01.2009";15;m
собаки;Метис;"643094100245021";"01.01.2012";15;f
собаки;Метис;"643094100245187";"01.01.2007";15;m
собаки;Метис;"643094100245843";"01.01.2004";15;f
собаки;Метис;"643094100245954";"01.01.2005";15;f
собаки;Метис;"643094100245891";"01.01.2011";15;f
собаки;Метис;"643094100245195";"01.01.2004";15;f
собаки;Метис;"643093400025877";"01.01.2013";15;m
собаки;Метис;"643094100245860";"01.01.2009";15;f
собаки;Метис;"643094100331698";"01.01.2013";15;m
собаки;Метис;"643094100245806";"01.01.2011";15;f
собаки;Метис;"643094100242478";"01.01.2010";15;m
собаки;Метис;"643094100245053";"01.01.2008";15;f
собаки;Метис;"643094100245192";"01.01.2014";15;f
собаки;Метис;"643094100245174";"01.01.2011";15;m
собаки;Метис;"643094100245012";"01.01.2010";15;f
собаки;Метис;"643094100245163";"01.01.2009";15;f
собаки;Метис;"643095300128858";"01.01.2014";15;m
собаки;Метис;"643094100333238";"01.01.2013";15;m
собаки;Метис;"643094100333237";"01.01.2013";15;f
собаки;Метис;"643094100333239";"01.01.2013";15;f
собаки;Метис;"643094100333235";"01.01.2013";15;f
собаки;Метис;"643094100245852";"01.01.2008";15;f
собаки;Метис;"643093400026104";"01.01.2009";15;m
собаки;Метис;"643094100245078";"01.01.2013";15;f
собаки;Метис;"643094100245131";"01.01.2013";15;m
собаки;Метис;"643093400026103";"01.01.2012";15;f
собаки;Метис;"643094100245199";"01.01.2008";15;m
кошки;Метис;"2512";"01.01.2009";15;m
кошки;Метис;"2139";"01.01.2010";15;
кошки;Метис;"6076";"01.01.2013";15;
кошки;Метис;"6193";"01.01.2013";15;
кошки;Метис;"6110";"01.01.2011";15;
кошки;Метис;"5994";"01.01.2007";15;m
кошки;Метис;"5152";"01.01.2012";15;
кошки;Метис;"5989";"01.01.2015";15;
кошки;Метис;"5876";"01.01.2014";15;
кошки;Метис;"5197";"01.01.2010";15;m
кошки;Метис;"5993";"01.01.2010";15;
кошки;Метис;"5878";"01.01.2014";15;
кошки;Метис;"6066";"01.01.2009";15;
кошки;Метис;"5129";"01.01.2012";15;
кошки;Метис;"6096";"01.01.2015";15;
кошки;Метис;"6001";"01.01.2008";15;
кошки;Метис;"5884";"01.01.2015";15;
кошки;Метис;"2697";"01.01.2014";15;m
кошки;Метис;"6050";"01.01.2009";15;m
кошки;Метис;"6067";"01.01.2011";15;m
кошки;Метис;"2598";"01.01.2010";15;m
кошки;Метис;"6731";"01.01.2014";15;m
кошки;Метис;"6049";"01.01.2012";15;m
кошки;Метис;"6074";"01.01.2010";15;m
кошки;Метис;"5046";"01.01.2014";15;m
кошки;Метис;"4535";"01.01.2012";15;m
кошки;Метис;"5167";"01.01.2007";15;m
кошки;Метис;"5880";"01.01.2010";15;m
собаки;метис;"643094800096678";"18.01.2019";10;
собаки;метис;"643094800096675";"18.01.2019";10;
собаки;метис;"643094800096673";"18.01.2019";10;
собаки;метис;"643094800096680";"18.01.2019";10;
собаки;метис;"643094800096671";"31.01.2019";10;
собаки;метис;"643094800096679";"31.01.2019";10;
собаки;метис;"643094800096677";"31.01.2019";10;
собаки;метис;"643094800096672";"31.01.2019";10;
собаки;метис;"643094800096674";"08.02.2019";10;
собаки;метис;"643094800096842";"14.02.2019";10;
собаки;метис;"643094800096849";"14.02.2019";10;
собаки;метис;"643094800096848";"27.02.2019";10;
собаки;метис;"643094800096850";"27.02.2019";10;
собаки;метис;"643094800096845";"27.02.2019";10;
собаки;метис;"643094800096616";"01.03.2019";10;
собаки;метис;"643094800096612";"01.03.2019";10;
собаки;метис;"643094800096619";"01.03.2019";10;
собаки;метис;"643094800096613";"01.03.2019";10;
собаки;метис;"643094800096611";"04.03.2019";10;
собаки;метис;"643094800096844";"04.03.2019";10;
собаки;метис;"643094800096614";"04.03.2019";10;
собаки;метис;"643094800096617";"04.03.2019";10;
собаки;метис;"643094800096615";"04.03.2019";10;
собаки;метис;"643094100382433";"05.03.2019";10;
собаки;метис;"643094800096863";"22.03.2019";10;
собаки;метис;"643094800096620";"22.03.2019";10;
собаки;метис;"643094800096676";"22.03.2019";10;
собаки;метис;"643094800096861";"22.03.2019";10;
собаки;метис;"643094800096843";"22.03.2019";10;
собаки;метис;"643094100608344";"12.04.2019";10;
собаки;метис;"643094100608342";"12.04.2019";10;
собаки;метис;"643094100613818";"12.04.2019";10;
собаки;метис;"643094800096870";"12.04.2019";10;
собаки;метис;"643094100009620";"15.04.2019";10;
собаки;метис;"643110000126442";"15.04.2019";10;
собаки;метис;"643090000058547";"15.04.2019";10;
собаки;метис;"900164000011867";"15.04.2019";10;
собаки;метис;"643090000058546";"15.04.2019";10;
собаки;метис;"643110000036081";"15.04.2019";10;
собаки;метис;"643110000126451";"15.04.2019";10;
собаки;метис;"643110000036072";"15.04.2019";10;
собаки;метис;"643110000012129";"15.04.2019";10;
собаки;метис;"972270000147361";"15.04.2019";10;
собаки;метис;"643110900051065";"15.04.2019";10;
собаки;метис;"643110000066820";"15.04.2019";10;
собаки;метис;"643094100007354";"15.04.2019";10;
собаки;метис;"643010000001424";"15.04.2019";10;
собаки;метис;"643110000067219";"15.04.2019";10;
собаки;метис;"643094100009694";"15.04.2019";10;
собаки;метис;"643090000213452";"15.04.2019";10;
собаки;метис;"643094800096885";"15.04.2019";10;
собаки;метис;"643110800018569";"15.04.2019";10;
собаки;метис;"972000010012063";"15.04.2019";10;
собаки;метис;"900000000000120";"15.04.2019";10;
собаки;метис;"972000000899591";"15.04.2019";10;
собаки;метис;"972270000030263";"15.04.2019";10;
собаки;метис;"972270000029137";"15.04.2019";10;
собаки;метис;"972270000024689";"15.04.2019";10;
собаки;метис;"972270000101911";"15.04.2019";10;
собаки;метис;"643110000066825";"15.04.2019";10;
собаки;метис;"643094100394969";"15.04.2019";10;
собаки;метис;"900164000011887";"15.04.2019";10;
собаки;метис;"643094100003610";"15.04.2019";10;
собаки;метис;"972270000171831";"15.04.2019";10;
собаки;метис;"643110000117384";"15.04.2019";10;
собаки;метис;"941000002046678,649094100015548";"15.04.2019";10;
собаки;метис;"643110000121909";"15.04.2019";10;
собаки;метис;"643094100003800";"15.04.2019";10;
собаки;метис;"643094100017569,941000002524160";"15.04.2019";10;
собаки;метис;"972270000189139";"15.04.2019";10;
собаки;метис;"643094100010337";"15.04.2019";10;
собаки;метис;"643110000067474";"15.04.2019";10;
собаки;метис;"972270000020252";"15.04.2019";10;
собаки;метис;"643094100003073";"15.04.2019";10;
собаки;метис;"643094100004667";"15.04.2019";10;
собаки;метис;"643094100008683";"15.04.2019";10;
собаки;метис;"643110000122035";"15.04.2019";10;
собаки;метис;"643110000126096";"15.04.2019";10;
собаки;метис;"643094100382434";"15.04.2019";10;
собаки;метис;"643094800031789,900000000000388";"15.04.2019";10;
собаки;метис;"972270000162666";"15.04.2019";10;
собаки;метис;"972270000170230";"15.04.2019";10;
собаки;метис;"643090000129196";"15.04.2019";10;
собаки;метис;"643090000129195";"15.04.2019";10;
собаки;метис;"643090000126719";"15.04.2019";10;
собаки;метис;"972270000025559";"15.04.2019";10;
собаки;метис;"643094100015784";"15.04.2019";10;
собаки;метис;"643110000068659";"15.04.2019";10;
собаки;метис;"643110000124787";"15.04.2019";10;
собаки;метис;"643110000066814";"15.04.2019";10;
собаки;метис;"643110000125718";"15.04.2019";10;
собаки;метис;"643094800031824";"15.04.2019";10;
собаки;метис;"643110800019627";"15.04.2019";10;
собаки;метис;"643110800019768";"15.04.2019";10;
собаки;метис;"643094100008679";"15.04.2019";10;
собаки;метис;"643094800031822";"15.04.2019";10;
собаки;метис;"643094100395096";"15.04.2019";10;
собаки;метис;"643094100395154";"15.04.2019";10;
собаки;метис;"643110000119305";"15.04.2019";10;
собаки;метис;"643094100004444";"15.04.2019";10;
собаки;метис;"643094100011708,643094100007371";"15.04.2019";10;
собаки;метис;"643110800019769";"15.04.2019";10;
собаки;метис;"643110800019767";"15.04.2019";10;
собаки;метис;"643110900023333";"15.04.2019";10;
собаки;метис;"643090000128521";"15.04.2019";10;
собаки;метис;"972270000308154";"15.04.2019";10;
собаки;метис;"643094100395152";"15.04.2019";10;
собаки;метис;"643094100397584";"15.04.2019";10;
собаки;метис;"643090000129991";"15.04.2019";10;
собаки;метис;"900000000000315";"15.04.2019";10;
собаки;метис;"643090000058243";"15.04.2019";10;
собаки;метис;"643110000126444";"15.04.2019";10;
собаки;метис;"972270000029233";"15.04.2019";10;
собаки;метис;"972270000024739,900000000000028";"15.04.2019";10;
собаки;метис;"972270000027935";"15.04.2019";10;
собаки;метис;"643090000058280";"15.04.2019";10;
собаки;метис;"643110000067938";"15.04.2019";10;
собаки;метис;"643094100003934";"15.04.2019";10;
собаки;метис;"900000000000264";"15.04.2019";10;
собаки;метис;"643110000067220";"15.04.2019";10;
собаки;метис;"972270000151414";"15.04.2019";10;
собаки;метис;"972270000026193";"15.04.2019";10;
собаки;метис;"900164000423564";"15.04.2019";10;
собаки;метис;"900164000422914";"15.04.2019";10;
собаки;метис;"972270000030230";"15.04.2019";10;
собаки;метис;"643110000066534";"15.04.2019";10;
собаки;метис;"900000000000108";"15.04.2019";10;
собаки;метис;"643110000124800";"15.04.2019";10;
собаки;метис;"643110000067906";"15.04.2019";10;
собаки;метис;"900164000426939";"15.04.2019";10;
собаки;метис;"972270000158863";"15.04.2019";10;
собаки;метис;"972270000189826";"15.04.2019";10;
собаки;метис;"972270000151501";"15.04.2019";10;
собаки;метис;"643110900050615";"15.04.2019";10;
собаки;метис;"900000000000498";"16.04.2019";10;
собаки;метис;"643090000058194";"16.04.2019";10;
собаки;метис;"900000000000398";"16.04.2019";10;
собаки;метис;"643090000126324";"16.04.2019";10;
собаки;метис;"643090000126334";"16.04.2019";10;
собаки;метис;"643090000126332";"16.04.2019";10;
собаки;метис;"900000000000324,643110900051019";"16.04.2019";10;
собаки;метис;"643110000126092";"16.04.2019";10;
собаки;метис;"643110000068651";"16.04.2019";10;
собаки;метис;"643094100394970";"16.04.2019";10;
собаки;метис;"972270000162972";"16.04.2019";10;
собаки;метис;"643094100005677";"16.04.2019";10;
собаки;метис;"643094100007590";"16.04.2019";10;
собаки;метис;"972270000023555";"16.04.2019";10;
собаки;метис;"972270000300062";"16.04.2019";10;
собаки;метис;"972270000023136";"16.04.2019";10;
собаки;метис;"900000000000162";"16.04.2019";10;
собаки;метис;"643110000068675";"16.04.2019";10;
собаки;метис;"900164000011884";"16.04.2019";10;
собаки;метис;"643110800019612";"16.04.2019";10;
собаки;метис;"643110800019651";"16.04.2019";10;
собаки;метис;"643094100005332";"16.04.2019";10;
собаки;метис;"643110000068691";"16.04.2019";10;
собаки;метис;"643090000061386";"16.04.2019";10;
собаки;метис;"972270000179015";"16.04.2019";10;
собаки;метис;"643094100003708";"16.04.2019";10;
собаки;метис;"643090000126901";"16.04.2019";10;
собаки;метис;"643090000126906";"16.04.2019";10;
собаки;метис;"972000000892692";"16.04.2019";10;
собаки;метис;"643110900051014,643094100012422";"16.04.2019";10;
собаки;метис;"643110000067452";"16.04.2019";10;
собаки;метис;"643094100394916";"16.04.2019";10;
собаки;метис;"972000000842365";"16.04.2019";10;
собаки;метис;"972000000878446";"16.04.2019";10;
собаки;метис;"900000000000075";"16.04.2019";10;
собаки;метис;"900164000426901";"16.04.2019";10;
собаки;метис;"900164000426898";"16.04.2019";10;
собаки;метис;"941000001991951";"16.04.2019";10;
собаки;метис;"972270000027714";"16.04.2019";10;
собаки;метис;"972270000024749";"16.04.2019";10;
собаки;метис;"643094100016999";"16.04.2019";10;
собаки;метис;"643094800031826";"16.04.2019";10;
собаки;метис;"643110000067458";"16.04.2019";10;
собаки;метис;"643110800019640";"16.04.2019";10;
собаки;метис;"900164000423809";"16.04.2019";10;
собаки;метис;"643110000067455";"16.04.2019";10;
собаки;метис;"643094800096649";"16.04.2019";10;
собаки;метис;"643110000027492";"16.04.2019";10;
собаки;метис;"643110000027486";"16.04.2019";10;
собаки;метис;"643110800019797";"16.04.2019";10;
собаки;метис;"643094100005826";"16.04.2019";10;
собаки;метис;"972270000159857";"16.04.2019";10;
собаки;метис;"972270000147105";"16.04.2019";10;
собаки;метис;"972270000189322";"16.04.2019";10;
собаки;метис;"972270000023816";"16.04.2019";10;
собаки;метис;"972270000020838";"16.04.2019";10;
собаки;метис;"972270000026599";"16.04.2019";10;
собаки;метис;"643110800019788";"16.04.2019";10;
собаки;метис;"643110800019790";"16.04.2019";10;
собаки;метис;"643110800019789";"16.04.2019";10;
собаки;метис;"643094800096872";"16.04.2019";10;
собаки;метис;"643110000077625";"16.04.2019";10;
собаки;метис;"643110000077619";"16.04.2019";10;
собаки;метис;"972270000030956";"16.04.2019";10;
собаки;метис;"900164000011028";"16.04.2019";10;
собаки;метис;"643110800018566";"16.04.2019";10;
собаки;метис;"643110800018570";"16.04.2019";10;
собаки;метис;"643110800019744";"16.04.2019";10;
собаки;метис;"643094800031825";"16.04.2019";10;
собаки;метис;"643110000067755";"16.04.2019";10;
собаки;метис;"643110900051031";"16.04.2019";10;
собаки;метис;"972270000030119";"16.04.2019";10;
собаки;метис;"643090000126792";"16.04.2019";10;
собаки;метис;"643090000126799";"16.04.2019";10;
собаки;метис;"643094100013125";"16.04.2019";10;
собаки;метис;"900164000011974";"16.04.2019";10;
собаки;метис;"643094800031801";"16.04.2019";10;
собаки;метис;"972270000306060";"16.04.2019";10;
собаки;метис;"972270000024908";"16.04.2019";10;
собаки;метис;"972270000307250";"16.04.2019";10;
собаки;метис;"972270000307355";"16.04.2019";10;
собаки;метис;"972270000307888";"16.04.2019";10;
собаки;метис;"643110800019654";"16.04.2019";10;
собаки;метис;"643110800019653";"16.04.2019";10;
собаки;метис;"643110800019655";"16.04.2019";10;
собаки;метис;"643110000077628";"16.04.2019";10;
собаки;метис;"900164000009261";"16.04.2019";10;
собаки;метис;"643094100017549";"16.04.2019";10;
собаки;метис;"643094100013831";"16.04.2019";10;
собаки;метис;"643110000036213";"16.04.2019";10;
собаки;метис;"972270000030652";"16.04.2019";10;
собаки;метис;"643110000122888";"16.04.2019";10;
собаки;метис;"643110000036141";"16.04.2019";10;
собаки;метис;"643094100394911";"16.04.2019";10;
собаки;метис;"900000000000442";"16.04.2019";10;
собаки;метис;"900000000000269";"16.04.2019";10;
собаки;метис;"643110000122502";"16.04.2019";10;
собаки;метис;"643094100017636";"16.04.2019";10;
собаки;метис;"643094100017009";"16.04.2019";10;
собаки;метис;"643094100018436";"16.04.2019";10;
собаки;метис;"643094100001975";"16.04.2019";10;
собаки;метис;"643094100006875";"16.04.2019";10;
собаки;метис;"643094100018468";"16.04.2019";10;
собаки;метис;"643094100613817";"16.04.2019";10;
собаки;метис;"643094100608345";"16.04.2019";10;
собаки;метис;"643094100608341";"16.04.2019";10;
собаки;метис;"643094100608349";"16.04.2019";10;
собаки;метис;"643094800096711";"17.04.2019";10;
собаки;метис;"643093300017078";"17.04.2019";10;
собаки;метис;"900164000011253";"17.04.2019";10;
собаки;метис;"972270000029277";"17.04.2019";10;
собаки;метис;"972270000027984";"17.04.2019";10;
собаки;метис;"643094800096718";"17.04.2019";10;
собаки;метис;"643110000014546";"17.04.2019";10;
собаки;метис;"941000002525053";"17.04.2019";10;
собаки;метис;"643110900023321";"17.04.2019";10;
собаки;метис;"643110900023335";"17.04.2019";10;
собаки;метис;"643110900023322";"17.04.2019";10;
собаки;метис;"900164000012125";"17.04.2019";10;
собаки;метис;"900164000011292";"17.04.2019";10;
собаки;метис;"643090000058549";"17.04.2019";10;
собаки;метис;"643094800031747";"17.04.2019";10;
собаки;метис;"643094800031745";"17.04.2019";10;
собаки;метис;"643094800031708";"17.04.2019";10;
собаки;метис;"643094800031840";"17.04.2019";10;
собаки;метис;"643094800031695";"17.04.2019";10;
собаки;метис;"643094800031839";"17.04.2019";10;
собаки;метис;"643094100003409";"17.04.2019";10;
собаки;метис;"941000002008640";"17.04.2019";10;
собаки;метис;"643094800096706";"17.04.2019";10;
собаки;метис;"643094800096646";"17.04.2019";10;
собаки;метис;"643094800031838";"17.04.2019";10;
собаки;метис;"643094800031741";"17.04.2019";10;
собаки;метис;"643094800031703";"17.04.2019";10;
собаки;метис;"643094800031688";"17.04.2019";10;
собаки;метис;"643094800031731";"17.04.2019";10;
собаки;метис;"643094800096652";"17.04.2019";10;
собаки;метис;"643098100100440";"17.04.2019";10;
собаки;метис;"643110900023331";"17.04.2019";10;
собаки;метис;"900164000424682";"17.04.2019";10;
собаки;метис;"643090000126916";"17.04.2019";10;
собаки;метис;"643090000126913";"17.04.2019";10;
собаки;метис;"643110000076543";"17.04.2019";10;
собаки;метис;"643110000068315";"17.04.2019";10;
собаки;метис;"972270000012672";"17.04.2019";10;
собаки;метис;"643110000067223";"17.04.2019";10;
собаки;метис;"643094800031736";"17.04.2019";10;
собаки;метис;"972270000025224";"17.04.2019";10;
собаки;метис;"643010000002321";"17.04.2019";10;
собаки;метис;"643110800019642";"17.04.2019";10;
собаки;метис;"643090000058470";"17.04.2019";10;
собаки;метис;"643094800031713";"17.04.2019";10;
собаки;метис;"643094800031828";"17.04.2019";10;
собаки;метис;"900164000012041";"17.04.2019";10;
собаки;метис;"643110000067946";"17.04.2019";10;
собаки;метис;"900164000009263";"17.04.2019";10;
собаки;метис;"643094800031697";"17.04.2019";10;
собаки;метис;"643094800096666";"17.04.2019";10;
собаки;метис;"643090000058276";"17.04.2019";10;
собаки;метис;"643110000027624";"17.04.2019";10;
собаки;метис;"972270000022315";"17.04.2019";10;
собаки;метис;"643110000036205";"17.04.2019";10;
собаки;метис;"643110000068149";"17.04.2019";10;
собаки;метис;"643110000036186";"17.04.2019";10;
собаки;метис;"972270000027306";"17.04.2019";10;
собаки;метис;"972270000020105";"17.04.2019";10;
собаки;метис;"972270000030022";"17.04.2019";10;
собаки;метис;"643094100003943";"17.04.2019";10;
собаки;метис;"900164000012038,6430941000016591";"17.04.2019";10;
собаки;метис;"941000002027993";"17.04.2019";10;
собаки;метис;"643094100003107";"17.04.2019";10;
собаки;метис;"643090000126787";"17.04.2019";10;
собаки;метис;"643110800019685";"17.04.2019";10;
собаки;метис;"900164000011971";"17.04.2019";10;
собаки;метис;"643110000068516,64311000067485";"17.04.2019";10;
собаки;метис;"972270000308881";"17.04.2019";10;
собаки;метис;"643110000036821";"17.04.2019";10;
собаки;метис;"643110000124797";"17.04.2019";10;
собаки;метис;"972000000858344";"17.04.2019";10;
собаки;метис;"643110000013084";"17.04.2019";10;
собаки;метис;"643110000076522";"17.04.2019";10;
собаки;метис;"643090000058277";"17.04.2019";10;
собаки;метис;"643094100002502";"17.04.2019";10;
собаки;метис;"643094100005043";"17.04.2019";10;
собаки;метис;"941000001991154";"17.04.2019";10;
собаки;метис;"643110000018510";"17.04.2019";10;
собаки;метис;"643094100004066";"17.04.2019";10;
собаки;метис;"643110000076525";"17.04.2019";10;
собаки;метис;"900000000000488";"17.04.2019";10;
собаки;метис;"900164000011885";"17.04.2019";10;
собаки;метис;"900000000000404";"17.04.2019";10;
собаки;метис;"643110800019698";"17.04.2019";10;
собаки;метис;"643094100017413";"17.04.2019";10;
собаки;метис;"972270000023510";"17.04.2019";10;
собаки;метис;"972270000027763";"17.04.2019";10;
собаки;метис;"643110000125583";"17.04.2019";10;
собаки;метис;"643110000035972";"17.04.2019";10;
собаки;метис;"643090000058197";"17.04.2019";10;
собаки;метис;"972270000025259";"17.04.2019";10;
собаки;метис;"643110000122799";"17.04.2019";10;
собаки;метис;"900164000011468";"24.04.2019";10;
собаки;метис;"643110000077601";"24.04.2019";10;
собаки;метис;"643110000124788";"24.04.2019";10;
собаки;метис;"941000002500016";"24.04.2019";10;
собаки;метис;"643090000058262";"24.04.2019";10;
собаки;метис;"643094100004207";"24.04.2019";10;
собаки;метис;"643110900051064";"24.04.2019";10;
собаки;метис;"643110000123626";"24.04.2019";10;
собаки;метис;"643098100095767";"24.04.2019";10;
собаки;метис;"900164000011266";"24.04.2019";10;
собаки;метис;"643090000058141";"24.04.2019";10;
собаки;метис;"643110000142307";"24.04.2019";10;
собаки;метис;"643094100017084";"24.04.2019";10;
собаки;метис;"900164000012093";"24.04.2019";10;
собаки;метис;"972270000030146";"24.04.2019";10;
собаки;метис;"900164000010278";"24.04.2019";10;
собаки;метис;"941000002533591";"24.04.2019";10;
собаки;метис;"643110000067764";"24.04.2019";10;
собаки;метис;"900164000011699";"24.04.2019";10;
собаки;метис;"972000000847785";"24.04.2019";10;
собаки;метис;"643090000058261";"24.04.2019";10;
собаки;метис;"643094100008741";"24.04.2019";10;
собаки;метис;"643094100001617";"24.04.2019";10;
собаки;метис;"900164000011850";"24.04.2019";10;
собаки;метис;"972270000322198";"24.04.2019";10;
собаки;метис;"643110900050618";"24.04.2019";10;
собаки;метис;"643110900051060";"24.04.2019";10;
собаки;метис;"941000002528902";"24.04.2019";10;
собаки;метис;"643110800019730";"24.04.2019";10;
собаки;метис;"643094100008899";"24.04.2019";10;
собаки;метис;"972270000030964";"24.04.2019";10;
собаки;метис;"972270000020704";"24.04.2019";10;
собаки;метис;"972270000024937";"24.04.2019";10;
собаки;метис;"643110000077492";"24.04.2019";10;
собаки;метис;"643110000067925";"24.04.2019";10;
собаки;метис;"643110000126093";"24.04.2019";10;
собаки;метис;"643090000129984";"24.04.2019";10;
собаки;метис;"643110000125704";"24.04.2019";10;
собаки;метис;"643094100004321";"24.04.2019";10;
собаки;метис;"972270000029885";"24.04.2019";10;
собаки;метис;"643094100003456,643094100008456";"24.04.2019";10;
собаки;метис;"643094800031694";"24.04.2019";10;
собаки;метис;"972270000171444";"24.04.2019";10;
собаки;метис;"643110000123631";"24.04.2019";10;
собаки;метис;"643094100003360";"24.04.2019";10;
собаки;метис;"972270000322546";"24.04.2019";10;
собаки;метис;"972270000313794";"24.04.2019";10;
собаки;метис;"643090000061476";"24.04.2019";10;
собаки;метис;"972270000175130";"24.04.2019";10;
собаки;метис;"643110000067497";"24.04.2019";10;
собаки;метис;"643094100013344";"24.04.2019";10;
собаки;метис;"941000002002762";"24.04.2019";10;
собаки;метис;"972270000170043";"24.04.2019";10;
собаки;метис;"972270000307207";"24.04.2019";10;
собаки;метис;"643110000068665";"24.04.2019";10;
собаки;метис;"972270000307459";"24.04.2019";10;
собаки;метис;"643094100017463";"24.04.2019";10;
собаки;метис;"643094100018426";"24.04.2019";10;
собаки;метис;"643094800096669";"24.04.2019";10;
собаки;метис;"643094800031809";"24.04.2019";10;
собаки;метис;"643094800031808";"24.04.2019";10;
собаки;метис;"941000002502850";"24.04.2019";10;
собаки;метис;"643090000058552";"24.04.2019";10;
собаки;метис;"972270000168203";"24.04.2019";10;
собаки;метис;"900164000426352";"24.04.2019";10;
собаки;метис;"900164000426134";"24.04.2019";10;
собаки;метис;"643094100007090";"24.04.2019";10;
собаки;метис;"643110000077618";"24.04.2019";10;
собаки;метис;"972270000162689";"24.04.2019";10;
собаки;метис;"643110800019638";"24.04.2019";10;
собаки;метис;"972000000872585";"24.04.2019";10;
собаки;метис;"643110000077790";"24.04.2019";10;
собаки;метис;"643094100394864";"24.04.2019";10;
собаки;метис;"900164000011273";"24.04.2019";10;
собаки;метис;"900164000011264";"24.04.2019";10;
собаки;метис;"643110000077254";"24.04.2019";10;
собаки;метис;"972270000170864";"24.04.2019";10;
собаки;метис;"900000000000175";"24.04.2019";10;
собаки;метис;"643110000068471";"24.04.2019";10;
собаки;метис;"900164000426736";"24.04.2019";10;
собаки;метис;"643094100004587";"24.04.2019";10;
собаки;метис;"643090000060987";"24.04.2019";10;
собаки;метис;"643090000060717";"24.04.2019";10;
собаки;метис;"972270000162799";"24.04.2019";10;
собаки;метис;"643110800019710";"24.04.2019";10;
собаки;метис;"643094100395185";"24.04.2019";10;
собаки;метис;"643090000061612";"24.04.2019";10;
собаки;метис;"643090000061601";"24.04.2019";10;
собаки;метис;"643090000061759";"24.04.2019";10;
собаки;метис;"643090000058251";"24.04.2019";10;
собаки;метис;"643090000126325";"24.04.2019";10;
собаки;метис;"643090000061753";"24.04.2019";10;
собаки;метис;"643110900051082";"24.04.2019";10;
собаки;метис;"643090000060713";"24.04.2019";10;
собаки;метис;"972270000030943";"24.04.2019";10;
собаки;метис;"972270000029738";"24.04.2019";10;
собаки;метис;"972270000164081";"24.04.2019";10;
собаки;метис;"643090000129994";"25.04.2019";10;
собаки;метис;"972270000147848";"25.04.2019";10;
собаки;метис;"643094100397587";"25.04.2019";10;
собаки;метис;"643110800019738";"25.04.2019";10;
собаки;метис;"643090000126711";"25.04.2019";10;
собаки;метис;"643110800019632";"25.04.2019";10;
собаки;метис;"900000000000196";"25.04.2019";10;
собаки;метис;"643094800031698";"25.04.2019";10;
собаки;метис;"643094800031696";"25.04.2019";10;
собаки;метис;"900164000424671";"25.04.2019";10;
собаки;метис;"900164000424656";"25.04.2019";10;
собаки;метис;"972270000175167";"25.04.2019";10;
собаки;метис;"972270000175504";"25.04.2019";10;
собаки;метис;"643094100001515";"25.04.2019";10;
собаки;метис;"643110000066525";"25.04.2019";10;
собаки;метис;"643094100003935";"25.04.2019";10;
собаки;метис;"972270000023411";"25.04.2019";10;
собаки;метис;"972270000171043";"25.04.2019";10;
собаки;метис;"900164000426234";"25.04.2019";10;
собаки;метис;"900164000426233";"25.04.2019";10;
собаки;метис;"972270000188095";"25.04.2019";10;
собаки;метис;"643094800031712";"25.04.2019";10;
собаки;метис;"643094100012512";"25.04.2019";10;
собаки;метис;"643090000126797";"25.04.2019";10;
собаки;метис;"972270000164401";"25.04.2019";10;
собаки;метис;"643110900051086";"25.04.2019";10;
собаки;метис;"643094100018091";"25.04.2019";10;
собаки;метис;"643110000067467";"25.04.2019";10;
собаки;метис;"900164000426944";"25.04.2019";10;
собаки;метис;"643094100394968";"25.04.2019";10;
собаки;метис;"972270000030478";"25.04.2019";10;
собаки;метис;"643094800096846";"25.04.2019";10;
собаки;метис;"941000002503553";"25.04.2019";10;
собаки;метис;"643094100001756";"25.04.2019";10;
собаки;метис;"643094100004852";"25.04.2019";10;
собаки;метис;"643094800031705";"25.04.2019";10;
собаки;метис;"643094800031734";"25.04.2019";10;
собаки;метис;"643094800031735";"25.04.2019";10;
собаки;метис;"643094100009633";"25.04.2019";10;
собаки;метис;"643094100018463";"25.04.2019";10;
собаки;метис;"643094100018491";"25.04.2019";10;
собаки;метис;"643094100017688";"25.04.2019";10;
собаки;метис;"643098100101420";"25.04.2019";10;
собаки;метис;"643094800031833";"25.04.2019";10;
собаки;метис;"643094800031836";"25.04.2019";10;
собаки;метис;"643094800031837";"25.04.2019";10;
собаки;метис;"900164000423795";"25.04.2019";10;
собаки;метис;"643094100017982";"25.04.2019";10;
собаки;метис;"643094100006464";"25.04.2019";10;
собаки;метис;"900164000009268";"25.04.2019";10;
собаки;метис;"643110000077616";"25.04.2019";10;
собаки;метис;"900000000000499";"25.04.2019";10;
собаки;метис;"972270000160941";"25.04.2019";10;
собаки;метис;"972270000188923";"25.04.2019";10;
собаки;метис;"643110000068453";"25.04.2019";10;
собаки;метис;"643110000068652";"25.04.2019";10;
собаки;метис;"643110000068317";"25.04.2019";10;
собаки;метис;"972270000027762";"25.04.2019";10;
собаки;метис;"941000002520716";"25.04.2019";10;
собаки;метис;"643090000058279";"25.04.2019";10;
собаки;метис;"643110000126447";"25.04.2019";10;
собаки;метис;"643094100001642";"25.04.2019";10;
собаки;метис;"972270000027571,64311000077670";"25.04.2019";10;
собаки;метис;"643110000028011";"25.04.2019";10;
собаки;метис;"643110000027466";"25.04.2019";10;
собаки;метис;"643110000076523";"25.04.2019";10;
собаки;метис;"643090000213553";"25.04.2019";10;
собаки;метис;"643094100006847";"25.04.2019";10;
собаки;метис;"643094100009821";"25.04.2019";10;
собаки;метис;"643094800031699";"25.04.2019";10;
собаки;метис;"643110000068526";"25.04.2019";10;
собаки;метис;"643090000058148";"25.04.2019";10;
собаки;метис;"643110000107032";"25.04.2019";10;
собаки;метис;"972270000170939";"25.04.2019";10;
собаки;метис;"643094100395075";"25.04.2019";10;
собаки;метис;"643094100395079";"25.04.2019";10;
собаки;метис;"643094100395076";"25.04.2019";10;
собаки;метис;"643090000126321";"25.04.2019";10;
собаки;метис;"900164000423574";"25.04.2019";10;
собаки;метис;"643110000123854,6430941000055507";"25.04.2019";10;
собаки;метис;"972270000020923";"25.04.2019";10;
собаки;метис;"643110000068106";"25.04.2019";10;
собаки;метис;"643090000061750";"25.04.2019";10;
собаки;метис;"643090000183445";"25.04.2019";10;
собаки;метис;"643090000183446";"25.04.2019";10;
собаки;метис;"643090000183444";"25.04.2019";10;
собаки;метис;"643094100382440";"25.04.2019";10;
собаки;метис;"643094800031793";"25.04.2019";10;
собаки;метис;"643110800019674";"25.04.2019";10;
собаки;метис;"643110800019675";"25.04.2019";10;
собаки;метис;"643090000058248";"25.04.2019";10;
собаки;метис;"900164000426712";"25.04.2019";10;
собаки;метис;"972270000158263";"25.04.2019";10;
собаки;метис;"643094100397586";"25.04.2019";10;
собаки;метис;"972270000024208";"25.04.2019";10;
собаки;метис;"643110000067244";"25.04.2019";10;
собаки;метис;"643094100009849";"25.04.2019";10;
собаки;метис;"900164000426731";"25.04.2019";10;
собаки;метис;"900164000426745";"25.04.2019";10;
собаки;метис;"643094800031810";"25.04.2019";10;
собаки;метис;"643094800096642";"25.04.2019";10;
собаки;метис;"643094800096879";"25.04.2019";10;
собаки;метис;"643094800096883";"25.04.2019";10;
собаки;метис;"972270000164872";"25.04.2019";10;
собаки;метис;"972000000876144";"25.04.2019";10;
собаки;метис;"643110000142301";"25.04.2019";10;
собаки;метис;"972000000869201";"25.04.2019";10;
собаки;метис;"643090000061603";"25.04.2019";10;
собаки;метис;"643094800096643";"25.04.2019";10;
собаки;метис;"643094800096880";"25.04.2019";10;
собаки;метис;"643110800019691";"25.04.2019";10;
собаки;метис;"643110900050616";"25.04.2019";10;
собаки;метис;"643094800031689";"25.04.2019";10;
собаки;метис;"900164000011230";"25.04.2019";10;
собаки;метис;"643094100007984";"25.04.2019";10;
собаки;метис;"643094800096648";"25.04.2019";10;
собаки;метис;"643094800031819";"25.04.2019";10;
собаки;метис;"643090000058270";"25.04.2019";10;
собаки;метис;"643090000126437";"25.04.2019";10;
собаки;метис;"643110900051080";"25.04.2019";10;
собаки;метис;"643090000126800";"25.04.2019";10;
собаки;метис;"643094100003750";"25.04.2019";10;
собаки;метис;"643110800019626";"25.04.2019";10;
собаки;метис;"643094800031684";"25.04.2019";10;
собаки;метис;"643094800096641";"25.04.2019";10;
собаки;метис;"643094800031686";"25.04.2019";10;
собаки;метис;"643090000126501";"25.04.2019";10;
собаки;метис;"643090000126503";"25.04.2019";10;
собаки;метис;"643094800031743";"25.04.2019";10;
собаки;метис;"643094800031742";"25.04.2019";10;
собаки;метис;"643094800031687";"25.04.2019";10;
собаки;метис;"643094800096756";"25.04.2019";10;
собаки;метис;"643094800096757";"25.04.2019";10;
собаки;метис;"643110000051009";"25.04.2019";10;
собаки;метис;"643094100395186";"25.04.2019";10;
собаки;метис;"643090000213560";"25.04.2019";10;
собаки;метис;"643094800031818";"25.04.2019";10;
собаки;метис;"643094800096645";"25.04.2019";10;
собаки;метис;"643094800096665";"25.04.2019";10;
собаки;метис;"643110900051068";"25.04.2019";10;
собаки;метис;"643094100395074";"25.04.2019";10;
собаки;метис;"643110900051087";"25.04.2019";10;
собаки;метис;"643110900051024";"25.04.2019";10;
собаки;метис;"643094100394966";"25.04.2019";10;
собаки;метис;"900000000000396";"25.04.2019";10;
собаки;метис;"643094100397581";"25.04.2019";10;
собаки;метис;"643094100004137";"25.04.2019";10;
собаки;метис;"900000000000170";"25.04.2019";10;
собаки;метис;"643094100608350";"25.04.2019";10;
собаки;метис;"643094100608330";"25.04.2019";10;
собаки;метис;"643094100608343";"25.04.2019";10;
собаки;метис;"643094100608346";"25.04.2019";10;
собаки;метис;"643094100608347";"25.04.2019";10;
собаки;метис;"643094100613811";"25.04.2019";10;
собаки;метис;"972270000030937";"27.04.2019";10;
собаки;метис;"972270000306223";"27.04.2019";10;
собаки;метис;"941000000746529";"27.04.2019";10;
собаки;метис;"643094100009158";"27.04.2019";10;
собаки;метис;"972270000306243";"27.04.2019";10;
собаки;метис;"972270000314854";"27.04.2019";10;
собаки;метис;"643090000061337";"27.04.2019";10;
собаки;метис;"643090000061324";"27.04.2019";10;
собаки;метис;"643090000061326";"27.04.2019";10;
собаки;метис;"643094100002967";"27.04.2019";10;
собаки;метис;"972270000025476";"27.04.2019";10;
собаки;метис;"643110000117397";"27.04.2019";10;
собаки;метис;"972270000162467";"27.04.2019";10;
собаки;метис;"972270000162542";"27.04.2019";10;
собаки;метис;"972270000162883";"27.04.2019";10;
собаки;метис;"643090000061602";"27.04.2019";10;
собаки;метис;"643090000061859";"27.04.2019";10;
собаки;метис;"643094100395181";"27.04.2019";10;
собаки;метис;"643094100394870";"27.04.2019";10;
собаки;метис;"643090000126789";"27.04.2019";10;
собаки;метис;"941000002508515";"27.04.2019";10;
собаки;метис;"972270000312959";"27.04.2019";10;
собаки;метис;"941000002523488";"27.04.2019";10;
собаки;метис;"643094800096705";"27.04.2019";10;
собаки;метис;"643094100003482";"27.04.2019";10;
собаки;метис;"900164000012130";"27.04.2019";10;
собаки;метис;"643090000126786";"27.04.2019";10;
собаки;метис;"643094800031706";"27.04.2019";10;
собаки;метис;"643094100015363";"27.04.2019";10;
собаки;метис;"643090000213446";"27.04.2019";10;
собаки;метис;"643090000213441";"27.04.2019";10;
собаки;метис;"900164000426430";"27.04.2019";10;
собаки;метис;"643094800031768";"27.04.2019";10;
собаки;метис;"900164000426411";"27.04.2019";10;
собаки;метис;"643110000067472";"27.04.2019";10;
собаки;метис;"900164000011845";"27.04.2019";10;
собаки;метис;"900164000426425";"27.04.2019";10;
собаки;метис;"643110900023030";"27.04.2019";10;
собаки;метис;"643110900023338";"27.04.2019";10;
собаки;метис;"900164000425831";"27.04.2019";10;
собаки;метис;"972270000323733";"27.04.2019";10;
собаки;метис;"643110000123842";"27.04.2019";10;
собаки;метис;"900164000425899";"27.04.2019";10;
собаки;метис;"900164000425443";"27.04.2019";10;
собаки;метис;"643090000126323";"27.04.2019";10;
собаки;метис;"972270000024025";"27.04.2019";10;
собаки;метис;"643110000018604";"27.04.2019";10;
собаки;метис;"643094100018113";"27.04.2019";10;
собаки;метис;"643094800096657";"27.04.2019";10;
собаки;метис;"643094800096877";"27.04.2019";10;
собаки;метис;"643110800019667";"27.04.2019";10;
собаки;метис;"643090000061748";"27.04.2019";10;
собаки;метис;"643094100395182";"27.04.2019";10;
собаки;метис;"643094100017490";"27.04.2019";10;
собаки;метис;"643094100008653";"27.04.2019";10;
собаки;метис;"643090000058150";"27.04.2019";10;
собаки;метис;"643110000077666";"27.04.2019";10;
собаки;метис;"643090000126435";"27.04.2019";10;
собаки;метис;"643090000126343";"27.04.2019";10;
собаки;метис;"643110000067461";"27.04.2019";10;
собаки;метис;"643110000067217";"27.04.2019";10;
собаки;метис;"972270000020533";"27.04.2019";10;
собаки;метис;"643110000067454";"27.04.2019";10;
собаки;метис;"972270000023114";"27.04.2019";10;
собаки;метис;"643090000129198";"27.04.2019";10;
собаки;метис;"900164000011876";"27.04.2019";10;
собаки;метис;"941000002593403";"27.04.2019";10;
собаки;метис;"643010000002303";"27.04.2019";10;
собаки;метис;"900164000426418";"27.04.2019";10;
собаки;метис;"643110000068662";"27.04.2019";10;
собаки;метис;"643094100395160";"27.04.2019";10;
собаки;метис;"643110000068521";"27.04.2019";10;
собаки;метис;"972270000160134";"27.04.2019";10;
собаки;метис;"643094100013947";"27.04.2019";10;
собаки;метис;"643094100006465";"27.04.2019";10;
собаки;метис;"972270000020035";"27.04.2019";10;
собаки;метис;"643094100004868";"27.04.2019";10;
собаки;метис;"643010000002364";"27.04.2019";10;
собаки;метис;"900164000011570";"27.04.2019";10;
собаки;метис;"643010000002302";"27.04.2019";10;
собаки;метис;"900164000011267,643094100007828";"27.04.2019";10;
собаки;метис;"643094100016965,643094100014676";"27.04.2019";10;
собаки;метис;"643094100003669";"27.04.2019";10;
собаки;метис;"972270000023610";"27.04.2019";10;
собаки;метис;"900164000011858";"27.04.2019";10;
собаки;метис;"643110000027914";"27.04.2019";10;
собаки;метис;"643094100001944";"27.04.2019";10;
собаки;метис;"900164000011342";"27.04.2019";10;
собаки;метис;"643094800031823";"27.04.2019";10;
собаки;метис;"941000001996519";"27.04.2019";10;
собаки;метис;"643094100014839";"27.04.2019";10;
собаки;метис;"972000000869678";"27.04.2019";10;
собаки;метис;"643110800019787";"29.04.2019";10;
собаки;метис;"643110800019616";"29.04.2019";10;
собаки;метис;"643090000126423";"29.04.2019";10;
собаки;метис;"643090000126715";"29.04.2019";10;
собаки;метис;"643110000067215";"29.04.2019";10;
собаки;метис;"643090000058263";"29.04.2019";10;
собаки;метис;"643110000076566,972270000023908";"29.04.2019";10;
собаки;метис;"900164000426739";"29.04.2019";10;
собаки;метис;"643110000027274";"29.04.2019";10;
собаки;метис;"900000000000200";"29.04.2019";10;
собаки;метис;"643010000001599";"29.04.2019";10;
собаки;метис;"900164000011990";"29.04.2019";10;
собаки;метис;"643094100003663";"29.04.2019";10;
собаки;метис;"972270000106866";"29.04.2019";10;
собаки;метис;"643110000066508";"29.04.2019";10;
собаки;метис;"972270000029955";"29.04.2019";10;
собаки;метис;"643094800031752";"29.04.2019";10;
собаки;метис;"900164000011696";"29.04.2019";10;
собаки;метис;"972270000322194";"29.04.2019";10;
собаки;метис;"643110000076700";"29.04.2019";10;
собаки;метис;"643090000058268";"29.04.2019";10;
собаки;метис;"643094800031751";"29.04.2019";10;
собаки;метис;"643110800019737";"29.04.2019";10;
собаки;метис;"900164000011624";"29.04.2019";10;
собаки;метис;"900000000000133";"29.04.2019";10;
собаки;метис;"643094100014066";"29.04.2019";10;
собаки;метис;"900164000010276,643094100013722";"29.04.2019";10;
собаки;метис;"643094100013505";"29.04.2019";10;
собаки;метис;"643094100016411,900164000011283";"29.04.2019";10;
собаки;метис;"900164000011613";"29.04.2019";10;
собаки;метис;"643094100002669";"29.04.2019";10;
собаки;метис;"972270000299128";"29.04.2019";10;
собаки;метис;"972270000308210";"29.04.2019";10;
собаки;метис;"972270000299061";"29.04.2019";10;
собаки;метис;"643094800096651";"29.04.2019";10;
собаки;метис;"643094800096682";"29.04.2019";10;
собаки;метис;"972270000025803";"29.04.2019";10;
собаки;метис;"941000002504516";"29.04.2019";10;
собаки;метис;"643110800019753";"29.04.2019";10;
собаки;метис;"643110800019754";"29.04.2019";10;
собаки;метис;"643110800019751";"29.04.2019";10;
собаки;метис;"643094100012499";"29.04.2019";10;
собаки;метис;"643090000126351";"29.04.2019";10;
собаки;метис;"643094100011880";"29.04.2019";10;
собаки;метис;"643094100010350";"29.04.2019";10;
собаки;метис;"643110000125715";"29.04.2019";10;
собаки;метис;"643110000077256";"29.04.2019";10;
собаки;метис;"643110000067477";"29.04.2019";10;
собаки;метис;"900164000011595";"29.04.2019";10;
собаки;метис;"643090000058160";"29.04.2019";10;
собаки;метис;"643094100017159";"29.04.2019";10;
собаки;метис;"643094100008904";"29.04.2019";10;
собаки;метис;"643094100014013";"29.04.2019";10;
собаки;метис;"643094100011519";"29.04.2019";10;
собаки;метис;"900164000012047";"29.04.2019";10;
собаки;метис;"643110000067232";"29.04.2019";10;
собаки;метис;"900000000000291,900000000000095";"29.04.2019";10;
собаки;метис;"643094100018488";"29.04.2019";10;
собаки;метис;"941000002596821";"29.04.2019";10;
собаки;метис;"643094800096656";"29.04.2019";10;
собаки;метис;"643094800031716";"29.04.2019";10;
собаки;метис;"643094800096847";"29.04.2019";10;
собаки;метис;"643094100608324";"29.04.2019";10;
собаки;метис;"643094100608326";"29.04.2019";10;
собаки;метис;"643094800096609";"29.04.2019";10;
собаки;метис;"643094100608348";"29.04.2019";10;
собаки;метис;"643094100613816";"29.04.2019";10;
собаки;метис;"643094800096865";"29.04.2019";10;
собаки;метис;"643090000099892";"30.04.2019";10;
собаки;метис;"643094100394964";"30.04.2019";10;
собаки;метис;"643110000014541";"30.04.2019";10;
собаки;метис;"643094100395080";"30.04.2019";10;
собаки;метис;"643090000058158";"30.04.2019";10;
собаки;метис;"972270000174655";"30.04.2019";10;
собаки;метис;"643090000058244";"30.04.2019";10;
собаки;метис;"643090000058245";"30.04.2019";10;
собаки;метис;"643090000126352";"30.04.2019";10;
собаки;метис;"972270000023607,900164000011976";"30.04.2019";10;
собаки;метис;"900164000011861";"30.04.2019";10;
собаки;метис;"972270000023565";"30.04.2019";10;
собаки;метис;"643094800096770";"30.04.2019";10;
собаки;метис;"643094800096764";"30.04.2019";10;
собаки;метис;"643094100395095";"30.04.2019";10;
собаки;метис;"643090000060702";"30.04.2019";10;
собаки;метис;"941000002603507";"30.04.2019";10;
собаки;метис;"972270000029985";"30.04.2019";10;
собаки;метис;"900164000011710";"30.04.2019";10;
собаки;метис;"972000010012548";"30.04.2019";10;
собаки;метис;"643110000011753";"30.04.2019";10;
собаки;метис;"643110000032578";"30.04.2019";10;
собаки;метис;"643094800096752";"30.04.2019";10;
собаки;метис;"972270000030269";"30.04.2019";10;
собаки;метис;"900164000011890";"30.04.2019";10;
собаки;метис;"643094100394912";"30.04.2019";10;
собаки;метис;"643094100017840";"30.04.2019";10;
собаки;метис;"643090000058275";"30.04.2019";10;
собаки;метис;"643090000061000";"30.04.2019";10;
собаки;метис;"900164000424689";"30.04.2019";10;
собаки;метис;"900164000424684";"30.04.2019";10;
собаки;метис;"643110000125541";"30.04.2019";10;
собаки;метис;"643090000058256";"30.04.2019";10;
собаки;метис;"643090000213454";"30.04.2019";10;
собаки;метис;"643110000027628";"30.04.2019";10;
собаки;метис;"643094100004772";"30.04.2019";10;
собаки;метис;"900164000426147";"30.04.2019";10;
собаки;метис;"643090000058241";"30.04.2019";10;
собаки;метис;"643094100394865";"30.04.2019";10;
собаки;метис;"643094100017606";"30.04.2019";10;
собаки;метис;"900164000426135";"30.04.2019";10;
собаки;метис;"972270000188504";"30.04.2019";10;
собаки;метис;"972270000162345";"30.04.2019";10;
собаки;метис;"643090000058168";"30.04.2019";10;
собаки;метис;"643110000142930";"30.04.2019";10;
собаки;метис;"643010000001503";"30.04.2019";10;
собаки;метис;"972270000313921";"30.04.2019";10;
собаки;метис;"972270000314294";"30.04.2019";10;
собаки;метис;"643090000099882";"30.04.2019";10;
собаки;метис;"643090000127675";"30.04.2019";10;
собаки;метис;"643090000126331";"30.04.2019";10;
собаки;метис;"900164000012126";"30.04.2019";10;
собаки;метис;"643094100005362";"30.04.2019";10;
собаки;метис;"643094100004989";"30.04.2019";10;
собаки;метис;"643094100009392";"30.04.2019";10;
собаки;метис;"643094100008143";"30.04.2019";10;
собаки;метис;"941000002018146";"30.04.2019";10;
собаки;метис;"643110000027482";"30.04.2019";10;
собаки;метис;"900164000426937";"30.04.2019";10;
собаки;метис;"643094800031681";"30.04.2019";10;
собаки;метис;"972270000026899";"30.04.2019";10;
собаки;метис;"643090000058250";"30.04.2019";10;
собаки;метис;"972270000023084";"30.04.2019";10;
собаки;метис;"972000000885104";"30.04.2019";10;
собаки;метис;"900164000010396";"30.04.2019";10;
собаки;метис;"643110000013997";"30.04.2019";10;
собаки;метис;"972270000020388";"30.04.2019";10;
собаки;метис;"643090000213547";"30.04.2019";10;
собаки;метис;"972270000165266";"30.04.2019";10;
собаки;метис;"643094100007406";"30.04.2019";10;
собаки;метис;"900164000011607";"30.04.2019";10;
собаки;метис;"643094100012960,900164000011608";"30.04.2019";10;
собаки;метис;"643094800031814";"30.04.2019";10;
собаки;метис;"643094100017174";"30.04.2019";10;
собаки;метис;"972270000029093";"30.04.2019";10;
собаки;метис;"643090000058195";"30.04.2019";10;
собаки;метис;"643090000060998";"30.04.2019";10;
собаки;метис;"643090000126360";"30.04.2019";10;
собаки;метис;"643090000126356";"30.04.2019";10;
собаки;метис;"972270000308413";"30.04.2019";10;
собаки;метис;"643094800096658";"30.04.2019";10;
собаки;метис;"643094800096650";"30.04.2019";10;
собаки;метис;"643094800096759";"30.04.2019";10;
собаки;метис;"643110000077784";"30.04.2019";10;
собаки;метис;"643094100013118";"30.04.2019";10;
собаки;метис;"972270000030047";"30.04.2019";10;
собаки;метис;"972270000029312";"30.04.2019";10;
собаки;метис;"972270000020188";"30.04.2019";10;
собаки;метис;"972270000027272";"30.04.2019";10;
собаки;метис;"643110000076667,643094100010636";"30.04.2019";10;
собаки;метис;"643110000027633";"30.04.2019";10;
собаки;метис;"972270000024579";"30.04.2019";10;
собаки;метис;"643094800031805";"30.04.2019";10;
собаки;метис;"972270000171529";"30.04.2019";10;
собаки;метис;"643110000027808";"30.04.2019";10;
собаки;метис;"972270000004210";"30.04.2019";10;
собаки;метис;"972270000030467";"30.04.2019";10;
собаки;метис;"643010000002483,941000002524843";"30.04.2019";10;
собаки;метис;"643090000129985";"30.04.2019";10;
собаки;метис;"900164000010272";"30.04.2019";10;
собаки;метис;"643094100003332";"01.05.2019";10;
собаки;метис;"643090000126606";"01.05.2019";10;
собаки;метис;"643110800018575";"01.05.2019";10;
собаки;метис;"643094800031795";"01.05.2019";10;
собаки;метис;"643090000126534";"01.05.2019";10;
собаки;метис;"941000002518364";"01.05.2019";10;
собаки;метис;"643094800096716";"01.05.2019";10;
собаки;метис;"643094800096670";"01.05.2019";10;
собаки;метис;"643094800096668";"01.05.2019";10;
собаки;метис;"900164000011302";"01.05.2019";10;
собаки;метис;"643094100395077";"01.05.2019";10;
собаки;метис;"643110000036793";"01.05.2019";10;
собаки;метис;"643110000036305";"01.05.2019";10;
собаки;метис;"900164000012118";"01.05.2019";10;
собаки;метис;"643094100014476";"01.05.2019";10;
собаки;метис;"972270000313666";"01.05.2019";10;
собаки;метис;"972270000027880";"01.05.2019";10;
собаки;метис;"643110000125550";"01.05.2019";10;
собаки;метис;"643110000068116";"01.05.2019";10;
собаки;метис;"972270000179211";"01.05.2019";10;
собаки;метис;"643094100005620";"01.05.2019";10;
собаки;метис;"972270000164119";"01.05.2019";10;
собаки;метис;"972270000170382";"01.05.2019";10;
собаки;метис;"643094100002583";"01.05.2019";10;
собаки;метис;"972270000323370";"01.05.2019";10;
собаки;метис;"643094100012940";"01.05.2019";10;
собаки;метис;"643094100009896";"01.05.2019";10;
собаки;метис;"972270000099707";"01.05.2019";10;
собаки;метис;"900164000011879";"01.05.2019";10;
собаки;метис;"972270000020065,643094100001699";"01.05.2019";10;
собаки;метис;"972270000106739";"01.05.2019";10;
собаки;метис;"972270000027206";"01.05.2019";10;
собаки;метис;"643110000077252";"01.05.2019";10;
собаки;метис;"900164000012129";"01.05.2019";10;
собаки;метис;"643110800019601";"01.05.2019";10;
собаки;метис;"972270000174844";"01.05.2019";10;
собаки;метис;"643110000068512";"01.05.2019";10;
собаки;метис;"643090000061609";"01.05.2019";10;
собаки;метис;"643090000126908";"01.05.2019";10;
собаки;метис;"972270000020368";"01.05.2019";10;
собаки;метис;"643110900023327";"01.05.2019";10;
собаки;метис;"643090000061743";"01.05.2019";10;
собаки;метис;"643094800031740";"01.05.2019";10;
собаки;метис;"643110000027738";"01.05.2019";10;
собаки;метис;"643094100382438";"01.05.2019";10;
собаки;метис;"643090000061473";"01.05.2019";10;
собаки;метис;"643090000061751";"01.05.2019";10;
собаки;метис;"643090000126537";"01.05.2019";10;
собаки;метис;"643090000058541";"01.05.2019";10;
собаки;метис;"643090000058267";"01.05.2019";10;
собаки;метис;"643090000058548";"01.05.2019";10;
собаки;метис;"643090000058255";"01.05.2019";10;
собаки;метис;"643090000058278";"01.05.2019";10;
собаки;метис;"643090000060999";"01.05.2019";10;
собаки;метис;"643090000060719";"01.05.2019";10;
собаки;метис;"643090000061610";"01.05.2019";10;
собаки;метис;"643090000061606";"01.05.2019";10;
собаки;метис;"643094100382436";"01.05.2019";10;
собаки;метис;"643090000126533";"01.05.2019";10;
собаки;метис;"643094100394869";"01.05.2019";10;
собаки;метис;"643090000061620";"01.05.2019";10;
собаки;метис;"643090000060983";"01.05.2019";10;
собаки;метис;"643090000061843";"01.05.2019";10;
собаки;метис;"643090000126902";"01.05.2019";10;
собаки;метис;"643090000183447";"01.05.2019";10;
собаки;метис;"900000000000119";"01.05.2019";10;
собаки;метис;"643094100009179";"01.05.2019";10;
собаки;метис;"643094800031767,900164000011285";"01.05.2019";10;
собаки;метис;"972270000030169";"01.05.2019";10;
собаки;метис;"643094800096753";"01.05.2019";10;
собаки;метис;"643110900051071";"01.05.2019";10;
собаки;метис;"643090000129998";"01.05.2019";10;
собаки;метис;"972270000315554";"01.05.2019";10;
собаки;метис;"972270000314885";"01.05.2019";10;
собаки;метис;"643110000067781";"01.05.2019";10;
собаки;метис;"643110000066509";"01.05.2019";10;
собаки;метис;"643110000068147";"01.05.2019";10;
собаки;метис;"972270000298303";"01.05.2019";10;
собаки;метис;"972270000306671";"01.05.2019";10;
собаки;метис;"643110000036124,972270000314924";"01.05.2019";10;
собаки;метис;"900164000011599";"01.05.2019";10;
собаки;метис;"900164000426241";"01.05.2019";10;
собаки;метис;"900164000426237";"01.05.2019";10;
собаки;метис;"900164000011277";"01.05.2019";10;
собаки;метис;"643110000119261";"02.05.2019";10;
собаки;метис;"643094800031811";"02.05.2019";10;
собаки;метис;"643094100013185";"02.05.2019";10;
собаки;метис;"941000002501896";"02.05.2019";10;
собаки;метис;"643094800031812";"02.05.2019";10;
собаки;метис;"643110000068539,643094100013319";"02.05.2019";10;
собаки;метис;"643110000068642";"02.05.2019";10;
собаки;метис;"972270000029039";"02.05.2019";10;
собаки;метис;"643094100012504";"02.05.2019";10;
собаки;метис;"643094100005921";"02.05.2019";10;
собаки;метис;"941000002609007";"02.05.2019";10;
собаки;метис;"900164000011582";"02.05.2019";10;
собаки;метис;"643110000076505";"02.05.2019";10;
собаки;метис;"643110000068312";"02.05.2019";10;
собаки;метис;"643110800019662";"02.05.2019";10;
собаки;метис;"643110800019644";"02.05.2019";10;
собаки;метис;"643110800019633";"02.05.2019";10;
собаки;метис;"643110800019630";"02.05.2019";10;
собаки;метис;"643110000077667,972270000323909";"02.05.2019";10;
собаки;метис;"643110000077661";"02.05.2019";10;
собаки;метис;"900164000011868";"02.05.2019";10;
собаки;метис;"941000002592268";"02.05.2019";10;
собаки;метис;"941000001993936";"02.05.2019";10;
собаки;метис;"900164000011455";"02.05.2019";10;
собаки;метис;"900164000011586";"02.05.2019";10;
собаки;метис;"900164000011578";"02.05.2019";10;
собаки;метис;"643110000068304";"02.05.2019";10;
собаки;метис;"643094800096864";"02.05.2019";10;
собаки;метис;"900164000011851";"02.05.2019";10;
собаки;метис;"941000002000791";"02.05.2019";10;
собаки;метис;"643090000099881";"02.05.2019";10;
собаки;метис;"643094100394866";"02.05.2019";10;
собаки;метис;"972270000027422";"02.05.2019";10;
собаки;метис;"972270000023689";"02.05.2019";10;
собаки;метис;"643094100017929";"02.05.2019";10;
собаки;метис;"643094100001884";"02.05.2019";10;
собаки;метис;"643094100008117";"02.05.2019";10;
собаки;метис;"643110000068613";"02.05.2019";10;
собаки;метис;"643094100002222";"02.05.2019";10;
собаки;метис;"643094100004423";"02.05.2019";10;
собаки;метис;"972270000298229";"02.05.2019";10;
собаки;метис;"972270000306383";"02.05.2019";10;
собаки;метис;"900164000426137";"02.05.2019";10;
собаки;метис;"900164000426133";"02.05.2019";10;
собаки;метис;"972270000170304";"02.05.2019";10;
собаки;метис;"972270000170110";"02.05.2019";10;
собаки;метис;"972270000170121";"02.05.2019";10;
собаки;метис;"643110000067239";"02.05.2019";10;
собаки;метис;"643110000077655";"02.05.2019";10;
собаки;метис;"643094800031820";"02.05.2019";10;
собаки;метис;"643094100008700";"02.05.2019";10;
собаки;метис;"643110800019709";"02.05.2019";10;
собаки;метис;"643094100005255";"02.05.2019";10;
собаки;метис;"900164000011347";"02.05.2019";10;
собаки;метис;"643094100002192";"02.05.2019";10;
собаки;метис;"643094100005016,643094100013000";"02.05.2019";10;
собаки;метис;"643110800019746";"02.05.2019";10;
собаки;метис;"643094800031800";"02.05.2019";10;
собаки;метис;"643094800031761";"02.05.2019";10;
собаки;метис;"972270000024898";"02.05.2019";10;
собаки;метис;"643110000068432";"02.05.2019";10;
собаки;метис;"643110900051041";"02.05.2019";10;
собаки;метис;"643110900051077";"02.05.2019";10;
собаки;метис;"643110900051047";"02.05.2019";10;
собаки;метис;"643090000099898";"02.05.2019";10;
собаки;метис;"643110000068542,643110000069173";"02.05.2019";10;
собаки;метис;"643090000061618";"02.05.2019";10;
собаки;метис;"643090000058257";"02.05.2019";10;
собаки;метис;"643094100010456";"02.05.2019";10;
собаки;метис;"643110000068518";"02.05.2019";10;
собаки;метис;"972270000323737";"02.05.2019";10;
собаки;метис;"643110000121901";"02.05.2019";10;
собаки;метис;"643090000060991";"02.05.2019";10;
собаки;метис;"643094100008784";"02.05.2019";10;
собаки;метис;"643110000014312";"02.05.2019";10;
собаки;метис;"643110900051081";"02.05.2019";10;
собаки;метис;"643110000066818";"02.05.2019";10;
собаки;метис;"643094800031769";"02.05.2019";10;
собаки;метис;"643094100012544";"02.05.2019";10;
собаки;метис;"900164000011344";"02.05.2019";10;
собаки;метис;"972270000020695";"02.05.2019";10;
собаки;метис;"643094100012753";"02.05.2019";10;
собаки;метис;"643110000067233";"02.05.2019";10;
собаки;метис;"643110000077251";"02.05.2019";10;
собаки;метис;"643090000129981";"02.05.2019";10;
собаки;метис;"643110000067022";"02.05.2019";10;
собаки;метис;"643090000129983";"02.05.2019";10;
собаки;метис;"643110900051025";"02.05.2019";10;
собаки;метис;"643110900051059";"02.05.2019";10;
собаки;метис;"900164000011977";"02.05.2019";10;
собаки;метис;"643110000068620";"02.05.2019";10;
собаки;метис;"643094100005656";"02.05.2019";10;
собаки;метис;"643110900051062";"02.05.2019";10;
собаки;метис;"900164000011262";"02.05.2019";10;
собаки;метис;"643110800019762";"02.05.2019";10;
собаки;метис;"643094100004737";"02.05.2019";10;
собаки;метис;"643094800031707";"02.05.2019";10;
собаки;метис;"643094800096769";"02.05.2019";10;
собаки;метис;"643098100089774";"02.05.2019";10;
собаки;метис;"643110000027813";"02.05.2019";10;
собаки;метис;"643110000014057";"02.05.2019";10;
собаки;метис;"643110000027210";"02.05.2019";10;
собаки;метис;"972270000174260";"02.05.2019";10;
собаки;метис;"643094800031753";"04.05.2019";10;
собаки;метис;"972270000188159";"04.05.2019";10;
собаки;метис;"972270000171180";"04.05.2019";10;
собаки;метис;"941000002605368";"04.05.2019";10;
собаки;метис;"643090000060988";"04.05.2019";10;
собаки;метис;"643090000060985";"04.05.2019";10;
собаки;метис;"643010000002354";"04.05.2019";10;
собаки;метис;"643094100018355";"04.05.2019";10;
собаки;метис;"972270000188782";"04.05.2019";10;
собаки;метис;"972000010012502";"04.05.2019";10;
собаки;метис;"972270000322950";"04.05.2019";10;
собаки;метис;"643090000099780";"04.05.2019";10;
собаки;метис;"643110000107025";"04.05.2019";10;
собаки;метис;"972270000322678";"04.05.2019";10;
собаки;метис;"972270000024645";"04.05.2019";10;
собаки;метис;"643110000121474";"04.05.2019";10;
собаки;метис;"643110000122884";"04.05.2019";10;
собаки;метис;"643094100394863";"04.05.2019";10;
собаки;метис;"643110000067929";"04.05.2019";10;
собаки;метис;"643090000126322";"04.05.2019";10;
собаки;метис;"643010000002381";"04.05.2019";10;
собаки;метис;"643090000126617";"04.05.2019";10;
собаки;метис;"643110000014315";"04.05.2019";10;
собаки;метис;"941000002502572";"04.05.2019";10;
собаки;метис;"643110000014544";"04.05.2019";10;
собаки;метис;"941000002535084";"04.05.2019";10;
собаки;метис;"643110000107023";"04.05.2019";10;
собаки;метис;"643110000077604";"04.05.2019";10;
собаки;метис;"643094800031775,972270000307354";"04.05.2019";10;
собаки;метис;"643094800031792";"04.05.2019";10;
собаки;метис;"643090000058154";"04.05.2019";10;
собаки;метис;"643094100015232";"04.05.2019";10;
собаки;метис;"643094100005773";"04.05.2019";10;
собаки;метис;"643110000027631";"04.05.2019";10;
собаки;метис;"643090000058151,972270000148605";"04.05.2019";10;
собаки;метис;"643094100018339";"04.05.2019";10;
собаки;метис;"643094800096866";"04.05.2019";10;
собаки;метис;"900164000011308";"04.05.2019";10;
собаки;метис;"643094100013098,643110900051052";"04.05.2019";10;
собаки;метис;"972270000313941";"04.05.2019";10;
собаки;метис;"643110000031618";"04.05.2019";10;
собаки;метис;"643094100005842";"04.05.2019";10;
собаки;метис;"643094100008892";"04.05.2019";10;
собаки;метис;"972270000020247,972270000020347";"04.05.2019";10;
собаки;метис;"643094800096686";"04.05.2019";10;
собаки;метис;"643094800096689";"04.05.2019";10;
собаки;метис;"643110000067789";"04.05.2019";10;
собаки;метис;"643110000125547";"04.05.2019";10;
собаки;метис;"643110800019615";"04.05.2019";10;
собаки;метис;"643094800031813";"04.05.2019";10;
собаки;метис;"643110000077626";"04.05.2019";10;
собаки;метис;"643094100004992";"04.05.2019";10;
собаки;метис;"643094800096871";"04.05.2019";10;
собаки;метис;"643094100394917";"04.05.2019";10;
собаки;метис;"972000000893278";"04.05.2019";10;
собаки;метис;"643110000126454";"04.05.2019";10;
собаки;метис;"643094100002052";"04.05.2019";10;
собаки;метис;"972270000174264";"04.05.2019";10;
собаки;метис;"900164000011972";"04.05.2019";10;
собаки;метис;"643094100395098";"04.05.2019";10;
собаки;метис;"643090000129199";"04.05.2019";10;
собаки;метис;"900164000011334,643110900051051";"04.05.2019";10;
собаки;метис;"900000000000426,643110900051078";"04.05.2019";10;
собаки;метис;"643090000099890";"04.05.2019";10;
собаки;метис;"643090000183456";"04.05.2019";10;
собаки;метис;"643110800019793";"04.05.2019";10;
собаки;метис;"643090000128537";"04.05.2019";10;
собаки;метис;"972270000030575";"04.05.2019";10;
собаки;метис;"643094100018454";"04.05.2019";10;
собаки;метис;"643090000060989";"04.05.2019";10;
собаки;метис;"900164000011873";"04.05.2019";10;
собаки;метис;"643090000061850";"04.05.2019";10;
собаки;метис;"643090000129996";"04.05.2019";10;
собаки;метис;"643090000127455";"04.05.2019";10;
собаки;метис;"643090000129197";"04.05.2019";10;
собаки;метис;"643090000058249";"04.05.2019";10;
собаки;метис;"900164000425832";"04.05.2019";10;
собаки;метис;"972270000030079";"04.05.2019";10;
собаки;метис;"900164000009859";"04.05.2019";10;
собаки;метис;"643090000058555";"04.05.2019";10;
собаки;метис;"643090000058550";"04.05.2019";10;
собаки;метис;"643090000058556";"04.05.2019";10;
собаки;метис;"643090000058553";"04.05.2019";10;
собаки;метис;"972270000168600";"04.05.2019";10;
собаки;метис;"972270000314284";"04.05.2019";10;
собаки;метис;"972270000323076";"04.05.2019";10;
собаки;метис;"643090000061399";"04.05.2019";10;
собаки;метис;"643094100394887";"04.05.2019";10;
собаки;метис;"643090000061387";"04.05.2019";10;
собаки;метис;"643110000027463";"04.05.2019";10;
собаки;метис;"643094100004518";"04.05.2019";10;
собаки;метис;"900000000000085";"04.05.2019";10;
собаки;метис;"643094800096768";"04.05.2019";10;
собаки;метис;"972270000322853";"04.05.2019";10;
собаки;метис;"643110900051070,972270000306216";"04.05.2019";10;
собаки;метис;"643094100016942";"04.05.2019";10;
собаки;метис;"643094800031804";"04.05.2019";10;
собаки;метис;"900164000426247";"04.05.2019";10;
собаки;метис;"900164000426245";"04.05.2019";10;
собаки;метис;"643110000011760";"04.05.2019";10;
собаки;метис;"643110000117390";"04.05.2019";10;
собаки;метис;"643090000183442";"04.05.2019";10;
собаки;метис;"643090000213542";"04.05.2019";10;
собаки;метис;"643094800031763";"04.05.2019";10;
собаки;метис;"643094800031759";"04.05.2019";10;
собаки;метис;"643094800031783";"04.05.2019";10;
собаки;метис;"643094800031773";"04.05.2019";10;
собаки;метис;"643094800096758";"04.05.2019";10;
собаки;метис;"643094800096755";"04.05.2019";10;
собаки;метис;"900164000010277";"04.05.2019";10;
собаки;метис;"900000000000376";"04.05.2019";10;
собаки;метис;"643098100109014,643098100164852";"04.05.2019";10;
собаки;метис;"900164000426875";"04.05.2019";10;
собаки;метис;"900164000425468";"04.05.2019";10;
собаки;метис;"972270000148337";"04.05.2019";10;
собаки;метис;"643094800096751";"04.05.2019";10;
собаки;метис;"643110900051016";"04.05.2019";10;
собаки;метис;"643094100394882";"04.05.2019";10;
собаки;метис;"643094800096712";"04.05.2019";10;
собаки;метис;"643094800096701";"04.05.2019";10;
собаки;метис;"643094800031758";"04.05.2019";10;
собаки;метис;"643094800031776";"04.05.2019";10;
собаки;метис;"643094800096873";"04.05.2019";10;
собаки;метис;"643110900051044";"04.05.2019";10;
собаки;метис;"643110800018574";"04.05.2019";10;
собаки;метис;"972270000189101";"04.05.2019";10;
собаки;метис;"900164000011228";"04.05.2019";10;
собаки;метис;"643094100394967";"04.05.2019";10;
собаки;метис;"643110000066830";"04.05.2019";10;
собаки;метис;"643094100013180";"04.05.2019";10;
собаки;метис;"643090000126230";"04.05.2019";10;
собаки;метис;"643110800019771";"04.05.2019";10;
собаки;метис;"900164000423421";"04.05.2019";10;
собаки;метис;"643110800019700";"04.05.2019";10;
собаки;метис;"972270000020782";"04.05.2019";10;
собаки;метис;"972270000025359";"04.05.2019";10;
собаки;метис;"643094100016656";"04.05.2019";10;
собаки;метис;"643094100016773";"04.05.2019";10;
собаки;метис;"643090000213549";"04.05.2019";10;
собаки;метис;"643090000213554";"04.05.2019";10;
собаки;метис;"643090000213552";"04.05.2019";10;
собаки;метис;"643090000213556";"04.05.2019";10;
собаки;метис;"643090000213557";"04.05.2019";10;
собаки;метис;"643110000123622";"04.05.2019";10;
собаки;метис;"972270000024764";"04.05.2019";10;
собаки;метис;"900164000427121";"04.05.2019";10;
собаки;метис;"900000000000195";"04.05.2019";10;
собаки;метис;"972270000027357";"04.05.2019";10;
собаки;метис;"643090000058143";"04.05.2019";10;
собаки;метис;"643090000060997";"04.05.2019";10;
собаки;метис;"643090000060708";"04.05.2019";10;
собаки;метис;"643094100010693";"04.05.2019";10;
собаки;метис;"643094100010622";"04.05.2019";10;
собаки;метис;"643094100005182";"04.05.2019";10;
собаки;метис;"941000002606222";"04.05.2019";10;
собаки;метис;"643110000068333";"04.05.2019";10;
собаки;метис;"643094800031746";"04.05.2019";10;
собаки;метис;"643094800096644";"04.05.2019";10;
собаки;метис;"643094800096867";"04.05.2019";10;
собаки;метис;"643094100012572";"04.05.2019";10;
собаки;метис;"643094800031756";"04.05.2019";10;
собаки;метис;"643094800031755";"04.05.2019";10;
собаки;метис;"643110000117381";"05.05.2019";10;
собаки;метис;"643094100395188";"05.05.2019";10;
собаки;метис;"643090000213555";"05.05.2019";10;
собаки;метис;"643090000183441";"05.05.2019";10;
собаки;метис;"643090000213546";"05.05.2019";10;
собаки;метис;"643110000077468";"05.05.2019";10;
собаки;метис;"900164000012112";"05.05.2019";10;
собаки;метис;"972270000323595";"05.05.2019";10;
собаки;метис;"900164000011886";"05.05.2019";10;
собаки;метис;"972270000027973";"05.05.2019";10;
собаки;метис;"972270000024337";"05.05.2019";10;
собаки;метис;"643094800031702";"05.05.2019";10;
собаки;метис;"643094800031701";"05.05.2019";10;
собаки;метис;"643094800031821";"05.05.2019";10;
собаки;метис;"643094800031790";"05.05.2019";10;
собаки;метис;"900164000009854";"05.05.2019";10;
собаки;метис;"643094100016947";"05.05.2019";10;
собаки;метис;"900164000010404,900164000011866";"05.05.2019";10;
собаки;метис;"643094100013025";"05.05.2019";10;
собаки;метис;"941000002539308";"05.05.2019";10;
собаки;метис;"643110800019714";"05.05.2019";10;
собаки;метис;"900164000426611";"05.05.2019";10;
собаки;метис;"972270000315618";"05.05.2019";10;
собаки;метис;"972270000308575";"05.05.2019";10;
собаки;метис;"941000002027041";"05.05.2019";10;
собаки;метис;"972270000312446";"05.05.2019";10;
собаки;метис;"643090000061463";"05.05.2019";10;
собаки;метис;"972270000101739";"05.05.2019";10;
собаки;метис;"643094100011599";"05.05.2019";10;
собаки;метис;"900164000012123";"05.05.2019";10;
собаки;метис;"643094100013273";"05.05.2019";10;
собаки;метис;"643110000068646";"05.05.2019";10;
собаки;метис;"972270000306717";"05.05.2019";10;
собаки;метис;"643110800019687";"05.05.2019";10;
собаки;метис;"643110800019686";"05.05.2019";10;
собаки;метис;"643110800019671";"05.05.2019";10;
собаки;метис;"643110800019679";"05.05.2019";10;
собаки;метис;"643110000067930";"05.05.2019";10;
собаки;метис;"643110900051045";"05.05.2019";10;
собаки;метис;"972270000306614";"05.05.2019";10;
собаки;метис;"643094100009885";"05.05.2019";10;
собаки;метис;"643110000068459";"05.05.2019";10;
собаки;метис;"643094800031788";"05.05.2019";10;
собаки;метис;"900000000000432";"05.05.2019";10;
собаки;метис;"900164000010696";"05.05.2019";10;
собаки;метис;"643110000124799,900000000000440";"05.05.2019";10;
собаки;метис;"900000000000237";"05.05.2019";10;
собаки;метис;"900164000011016";"05.05.2019";10;
собаки;метис;"643110800019628";"05.05.2019";10;
собаки;метис;"643110000066545";"05.05.2019";10;
собаки;метис;"643094100018283";"05.05.2019";10;
собаки;метис;"643090000061466";"05.05.2019";10;
собаки;метис;"643094100009614";"05.05.2019";10;
собаки;метис;"643110000123637";"05.05.2019";10;
собаки;метис;"972270000027946";"05.05.2019";10;
собаки;метис;"643090000183458";"05.05.2019";10;
собаки;метис;"643090000183443";"05.05.2019";10;
собаки;метис;"643094100005949";"05.05.2019";10;
собаки;метис;"643110000027629";"05.05.2019";10;
собаки;метис;"643110900051091";"05.05.2019";10;
собаки;метис;"643090000213558";"05.05.2019";10;
собаки;метис;"900164000011872";"05.05.2019";10;
собаки;метис;"643090000129993";"05.05.2019";10;
собаки;метис;"643094800031766";"05.05.2019";10;
собаки;метис;"643090000061615";"05.05.2019";10;
собаки;метис;"643090000130132";"05.05.2019";10;
собаки;метис;"972270000323950";"05.05.2019";10;
собаки;метис;"643110000068115";"05.05.2019";10;
собаки;метис;"643094100394962";"05.05.2019";10;
собаки;метис;"643110000068135";"05.05.2019";10;
собаки;метис;"643110900051075,643110000068120";"05.05.2019";10;
собаки;метис;"643110900051066";"05.05.2019";10;
собаки;метис;"643094100394961";"05.05.2019";10;
собаки;метис;"941000002042993";"05.05.2019";10;
собаки;метис;"643110000068134";"05.05.2019";10;
собаки;метис;"643110800019645";"05.05.2019";10;
собаки;метис;"941000002601886";"05.05.2019";10;
собаки;метис;"643094100003444";"05.05.2019";10;
собаки;метис;"972270000020171";"05.05.2019";10;
собаки;метис;"643110000068530";"05.05.2019";10;
собаки;метис;"972270000030003";"05.05.2019";10;
собаки;метис;"972270000312937";"05.05.2019";10;
собаки;метис;"643090000058478";"05.05.2019";10;
собаки;метис;"643090000061817";"05.05.2019";10;
собаки;метис;"643090000061340";"05.05.2019";10;
собаки;метис;"900164000009861";"05.05.2019";10;
собаки;метис;"643110000076547,643110000076694";"05.05.2019";10;
собаки;метис;"900164000009172";"05.05.2019";10;
собаки;метис;"643110000077692";"05.05.2019";10;
собаки;метис;"972000000897647";"05.05.2019";10;
собаки;метис;"643110000125589";"05.05.2019";10;
собаки;метис;"643110000077268";"05.05.2019";10;
собаки;метис;"643110000068481";"05.05.2019";10;
собаки;метис;"643094800031690";"05.05.2019";10;
собаки;метис;"900164000423056";"05.05.2019";10;
собаки;метис;"643094800031817";"05.05.2019";10;
собаки;метис;"643110000125555";"05.05.2019";10;
собаки;метис;"643110800019652";"05.05.2019";10;
собаки;метис;"972270000307736";"05.05.2019";10;
собаки;метис;"643110800019699";"05.05.2019";10;
собаки;метис;"643010000002348";"05.05.2019";10;
собаки;метис;"643110000068610";"05.05.2019";10;
собаки;метис;"643110000125557";"05.05.2019";10;
собаки;метис;"643090000061758";"05.05.2019";10;
собаки;метис;"643094800096715";"05.05.2019";10;
собаки;метис;"643094100016612";"05.05.2019";10;
собаки;метис;"643098100076905";"05.05.2019";10;
собаки;метис;"972270000023542";"05.05.2019";10;
собаки;метис;"972270000020302";"06.05.2019";10;
собаки;метис;"643110000027465";"06.05.2019";10;
собаки;метис;"643094100013548";"06.05.2019";10;
собаки;метис;"643094100014235";"06.05.2019";10;
собаки;метис;"972270000158415";"06.05.2019";10;
собаки;метис;"643110800019743";"06.05.2019";10;
собаки;метис;"643110800019631";"06.05.2019";10;
собаки;метис;"643094800096660";"06.05.2019";10;
собаки;метис;"941000001329476";"06.05.2019";10;
собаки;метис;"643094100395100";"06.05.2019";10;
собаки;метис;"972270000307437";"06.05.2019";10;
собаки;метис;"972270000024833";"06.05.2019";10;
собаки;метис;"643094800096708";"06.05.2019";10;
собаки;метис;"900000000000227";"06.05.2019";10;
собаки;метис;"643094800096767";"06.05.2019";10;
собаки;метис;"643094800096761";"06.05.2019";10;
собаки;метис;"643110000125559";"06.05.2019";10;
собаки;метис;"643090000126706";"06.05.2019";10;
собаки;метис;"643090000126714";"06.05.2019";10;
собаки;метис;"643090000058472";"06.05.2019";10;
собаки;метис;"643090000061474";"06.05.2019";10;
собаки;метис;"900164000426976";"06.05.2019";10;
собаки;метис;"643094800031797";"06.05.2019";10;
собаки;метис;"643094100017984";"06.05.2019";10;
собаки;метис;"643110000117383";"06.05.2019";10;
собаки;метис;"643110000068122";"06.05.2019";10;
собаки;метис;"643110000067775";"06.05.2019";10;
собаки;метис;"643094800096765";"06.05.2019";10;
собаки;метис;"972270000024196";"06.05.2019";10;
собаки;метис;"900164000011844";"06.05.2019";10;
собаки;метис;"643094800096766";"06.05.2019";10;
собаки;метис;"643094800096667";"06.05.2019";10;
собаки;метис;"643094800096663";"06.05.2019";10;
собаки;метис;"972270000306124";"06.05.2019";10;
собаки;метис;"972270000030036";"06.05.2019";10;
собаки;метис;"643094100009302";"06.05.2019";10;
собаки;метис;"643094100005740";"06.05.2019";10;
собаки;метис;"643090000126790";"06.05.2019";10;
собаки;метис;"643090000183455";"06.05.2019";10;
собаки;метис;"643090000183454";"06.05.2019";10;
собаки;метис;"643098100093264";"06.05.2019";10;
собаки;метис;"643098100093323";"06.05.2019";10;
собаки;метис;"643094100395094,643090000058794";"06.05.2019";10;
собаки;метис;"643110000068624";"06.05.2019";10;
собаки;метис;"972270000323806";"06.05.2019";10;
собаки;метис;"900164000425834";"06.05.2019";10;
собаки;метис;"643110000068670";"06.05.2019";10;
собаки;метис;"643110000034464";"06.05.2019";10;
собаки;метис;"643110000067758";"06.05.2019";10;
собаки;метис;"643094100003664";"06.05.2019";10;
собаки;метис;"643094100014930";"06.05.2019";10;
собаки;метис;"643094100012652";"06.05.2019";10;
собаки;метис;"972270000323825";"06.05.2019";10;
собаки;метис;"643094100056177";"06.05.2019";10;
собаки;метис;"972270000174549";"06.05.2019";10;
собаки;метис;"972270000030218";"06.05.2019";10;
собаки;метис;"972000000885637";"06.05.2019";10;
собаки;метис;"941000002540714";"06.05.2019";10;
собаки;метис;"900164000010275";"06.05.2019";10;
собаки;метис;"643110000068680";"06.05.2019";10;
собаки;метис;"972270000179177";"06.05.2019";10;
собаки;метис;"972270000165096";"06.05.2019";10;
собаки;метис;"972270000306648";"06.05.2019";10;
собаки;метис;"972270000323577";"06.05.2019";10;
собаки;метис;"643094100015089";"06.05.2019";10;
собаки;метис;"972270000323207";"06.05.2019";10;
собаки;метис;"643094100382437";"06.05.2019";10;
собаки;метис;"643110800019602";"06.05.2019";10;
собаки;метис;"972270000020982";"06.05.2019";10;
собаки;метис;"643110000067498";"06.05.2019";10;
собаки;метис;"643090000099900";"06.05.2019";10;
собаки;метис;"643090000213544";"06.05.2019";10;
собаки;метис;"972000010012874";"06.05.2019";10;
собаки;метис;"643094800096704";"06.05.2019";10;
собаки;метис;"900164000011871";"06.05.2019";10;
собаки;метис;"972270000170990";"06.05.2019";10;
собаки;метис;"643094100008938";"06.05.2019";10;
собаки;метис;"643110000014257";"06.05.2019";10;
собаки;метис;"972270000188024";"06.05.2019";10;
собаки;метис;"643094800031692";"06.05.2019";10;
собаки;метис;"643110900023024";"06.05.2019";10;
собаки;метис;"643110900023035";"06.05.2019";10;
собаки;метис;"643110900051067,643090000058152";"06.05.2019";10;
собаки;метис;"643093300017087";"06.05.2019";10;
собаки;метис;"643110000068143";"06.05.2019";10;
собаки;метис;"643094100001615";"06.05.2019";10;
собаки;метис;"643090000058466";"06.05.2019";10;
собаки;метис;"643110900051036";"06.05.2019";10;
собаки;метис;"643110900023326";"06.05.2019";10;
собаки;метис;"643094800096687";"06.05.2019";10;
собаки;метис;"643094800096690";"06.05.2019";10;
собаки;метис;"643110900023026";"06.05.2019";10;
собаки;метис;"643090000058465";"06.05.2019";10;
собаки;метис;"643110000068443";"06.05.2019";10;
собаки;метис;"643090000127447";"06.05.2019";10;
собаки;метис;"643094100395153";"06.05.2019";10;
собаки;метис;"643094100395151";"06.05.2019";10;
собаки;метис;"643110000068124";"06.05.2019";10;
собаки;метис;"643110000012138";"06.05.2019";10;
собаки;метис;"643094800031834";"06.05.2019";10;
собаки;метис;"643094100395091";"06.05.2019";10;
собаки;метис;"643094100394890";"06.05.2019";10;
собаки;метис;"643094100395092";"06.05.2019";10;
собаки;метис;"643094100009336";"06.05.2019";10;
собаки;метис;"643110800019664";"06.05.2019";10;
собаки;метис;"900164000425763";"06.05.2019";10;
собаки;метис;"900164000011694";"06.05.2019";10;
собаки;метис;"900164000425848";"06.05.2019";10;
собаки;метис;"643110000122894";"06.05.2019";10;
собаки;метис;"900164000011280";"06.05.2019";10;
собаки;метис;"972000000525884";"06.05.2019";10;
собаки;метис;"643110000068123";"06.05.2019";10;
собаки;метис;"643110000036597";"06.05.2019";10;
собаки;метис;"972000000878462";"06.05.2019";10;
собаки;метис;"643110000014241";"06.05.2019";10;
собаки;метис;"900164000011340";"06.05.2019";10;
собаки;метис;"972270000165326";"06.05.2019";10;
собаки;метис;"643110800019621";"06.05.2019";10;
собаки;метис;"643110900051037";"06.05.2019";10;
собаки;метис;"643090000183449";"06.05.2019";10;
собаки;метис;"643090000058259";"06.05.2019";10;
собаки;метис;"643094800096603";"06.05.2019";10;
собаки;метис;"643094800096610";"06.05.2019";10;
собаки;метис;"643094100613815";"06.05.2019";10;
собаки;метис;"643110800019666";"07.05.2019";10;
собаки;метис;"643110800019696";"07.05.2019";10;
собаки;метис;"972270000024111";"07.05.2019";10;
собаки;метис;"643094100013148";"07.05.2019";10;
собаки;метис;"643094800031779";"07.05.2019";10;
собаки;метис;"643094800031777";"07.05.2019";10;
собаки;метис;"941000002501451";"07.05.2019";10;
собаки;метис;"643094100013212";"07.05.2019";10;
собаки;метис;"643090000099894";"07.05.2019";10;
собаки;метис;"643090000129995";"07.05.2019";10;
собаки;метис;"643090000099886";"07.05.2019";10;
собаки;метис;"643110900051084";"07.05.2019";10;
собаки;метис;"643110000068142";"07.05.2019";10;
собаки;метис;"972270000030333";"07.05.2019";10;
собаки;метис;"643094800031785";"07.05.2019";10;
собаки;метис;"972270000020096";"07.05.2019";10;
собаки;метис;"643110900051054";"07.05.2019";10;
собаки;метис;"643110000117398";"07.05.2019";10;
собаки;метис;"643094100382435";"07.05.2019";10;
собаки;метис;"643094100008648";"07.05.2019";10;
собаки;метис;"900164000011846";"07.05.2019";10;
собаки;метис;"643110000077630";"07.05.2019";10;
собаки;метис;"900164000011336";"07.05.2019";10;
собаки;метис;"643098100091845";"07.05.2019";10;
собаки;метис;"643090000126751";"07.05.2019";10;
собаки;метис;"643090000126720";"07.05.2019";10;
собаки;метис;"643090000126704";"07.05.2019";10;
собаки;метис;"900164000012117";"07.05.2019";10;
собаки;метис;"643090000213550";"07.05.2019";10;
собаки;метис;"643090000213541";"07.05.2019";10;
собаки;метис;"643094100005746";"07.05.2019";10;
собаки;метис;"643094100006002";"07.05.2019";10;
собаки;метис;"972270000030058";"07.05.2019";10;
собаки;метис;"643094100397582";"07.05.2019";10;
собаки;метис;"643094100395157";"07.05.2019";10;
собаки;метис;"900164000011132";"07.05.2019";10;
собаки;метис;"643090000061470";"07.05.2019";10;
собаки;метис;"643090000213559";"07.05.2019";10;
собаки;метис;"643090000213447";"07.05.2019";10;
собаки;метис;"972270000029026";"07.05.2019";10;
собаки;метис;"643094100005728";"07.05.2019";10;
собаки;метис;"643094100008616";"07.05.2019";10;
собаки;метис;"643110800019647";"07.05.2019";10;
собаки;метис;"643110800019648";"07.05.2019";10;
собаки;метис;"643110000014675";"07.05.2019";10;
собаки;метис;"900000000000448";"07.05.2019";10;
собаки;метис;"643090000213545";"07.05.2019";10;
собаки;метис;"643094100013893";"07.05.2019";10;
собаки;метис;"900164000011616";"07.05.2019";10;
собаки;метис;"643094100009131";"07.05.2019";10;
собаки;метис;"643094100014966";"07.05.2019";10;
собаки;метис;"972270000027080";"07.05.2019";10;
собаки;метис;"643110000076541";"07.05.2019";10;
собаки;метис;"643094100017595";"07.05.2019";10;
собаки;метис;"972270000026285";"07.05.2019";10;
собаки;метис;"972270000027415";"07.05.2019";10;
собаки;метис;"643110900051006";"07.05.2019";10;
собаки;метис;"900164000011693";"07.05.2019";10;
собаки;метис;"972270000171211";"07.05.2019";10;
собаки;метис;"900164000011018";"07.05.2019";10;
собаки;метис;"643110000117388";"07.05.2019";10;
собаки;метис;"643110900051032";"07.05.2019";10;
собаки;метис;"972270000307837";"07.05.2019";10;
собаки;метис;"972270000322886";"07.05.2019";10;
собаки;метис;"643094100001606";"07.05.2019";10;
собаки;метис;"643094100016601";"07.05.2019";10;
собаки;метис;"643110000027638";"07.05.2019";10;
собаки;метис;"643110000126458";"07.05.2019";10;
собаки;метис;"900164000010692";"07.05.2019";10;
собаки;метис;"643110000036917";"07.05.2019";10;
собаки;метис;"972270000314219";"07.05.2019";10;
собаки;метис;"972270000314778";"07.05.2019";10;
собаки;метис;"972270000315110";"07.05.2019";10;
собаки;метис;"643110000013351";"07.05.2019";10;
собаки;метис;"643094800096719";"07.05.2019";10;
собаки;метис;"941000001315131";"07.05.2019";10;
собаки;метис;"900164000011706";"07.05.2019";10;
собаки;метис;"643094100394884";"07.05.2019";10;
собаки;метис;"643090000126436";"07.05.2019";10;
собаки;метис;"643090000130000";"07.05.2019";10;
собаки;метис;"643090000130131";"07.05.2019";10;
собаки;метис;"643090000127448";"07.05.2019";10;
собаки;метис;"643110800019681";"07.05.2019";10;
собаки;метис;"643094800031714";"07.05.2019";10;
собаки;метис;"941000002599414";"07.05.2019";10;
собаки;метис;"643090000183457";"07.05.2019";10;
собаки;метис;"643094800031711";"07.05.2019";10;
собаки;метис;"643094100395093";"07.05.2019";10;
собаки;метис;"643110800018577";"07.05.2019";10;
собаки;метис;"643090000126920";"07.05.2019";10;
собаки;метис;"900164000423839";"07.05.2019";10;
собаки;метис;"900164004238458";"07.05.2019";10;
собаки;метис;"643094800096890";"07.05.2019";10;
собаки;метис;"643094800096869";"07.05.2019";10;
собаки;метис;"972270000020290";"07.05.2019";10;
собаки;метис;"972270000007913";"07.05.2019";10;
собаки;метис;"643110000142303";"07.05.2019";10;
собаки;метис;"643094100013046";"07.05.2019";10;
собаки;метис;"643094100005970";"07.05.2019";10;
собаки;метис;"643110800019766";"07.05.2019";10;
собаки;метис;"900164000011983";"07.05.2019";10;
собаки;метис;"972270000031103";"07.05.2019";10;
собаки;метис;"643110000027268";"07.05.2019";10;
собаки;метис;"972270000020888,643094100008819";"07.05.2019";10;
собаки;метис;"643094100006114";"07.05.2019";10;
собаки;метис;"900164000011988";"07.05.2019";10;
собаки;метис;"972270000026534";"07.05.2019";10;
собаки;метис;"643094800031832";"07.05.2019";10;
собаки;метис;"643110000076518";"07.05.2019";10;
собаки;метис;"900164000011878";"07.05.2019";10;
собаки;метис;"643094800096703";"07.05.2019";10;
собаки;метис;"643094800096762";"07.05.2019";10;
собаки;метис;"643094800031764";"07.05.2019";10;
собаки;метис;"643094800031762";"07.05.2019";10;
собаки;метис;"643093300017088";"07.05.2019";10;
собаки;метис;"643090000060715";"07.05.2019";10;
собаки;метис;"643110900051049";"07.05.2019";10;
собаки;метис;"643094800096647";"07.05.2019";10;
собаки;метис;"941000002540591";"07.05.2019";10;
собаки;метис;"972270000185335";"08.05.2019";10;
собаки;метис;"643090000058198";"08.05.2019";10;
собаки;метис;"643094100002589";"08.05.2019";10;
собаки;метис;"643090000058462";"08.05.2019";10;
собаки;метис;"972270000307724";"08.05.2019";10;
собаки;метис;"643110000068146";"08.05.2019";10;
собаки;метис;"643090000126904";"08.05.2019";10;
собаки;метис;"643090000129194";"08.05.2019";10;
собаки;метис;"972000010012480";"08.05.2019";10;
собаки;метис;"643090000060716";"08.05.2019";10;
собаки;метис;"972000000878788";"08.05.2019";10;
собаки;метис;"972270000024671";"08.05.2019";10;
собаки;метис;"900164000011691";"08.05.2019";10;
собаки;метис;"643090000060993";"08.05.2019";10;
собаки;метис;"643110800019649";"08.05.2019";10;
собаки;метис;"643094800031683";"08.05.2019";10;
собаки;метис;"643090000061608";"08.05.2019";10;
собаки;метис;"900164000426243";"08.05.2019";10;
собаки;метис;"643110800019650";"08.05.2019";10;
собаки;метис;"643090000126327";"08.05.2019";10;
собаки;метис;"643094100002547";"08.05.2019";10;
собаки;метис;"643094100011540";"08.05.2019";10;
собаки;метис;"643110000068463";"08.05.2019";10;
собаки;метис;"900164000011854";"08.05.2019";10;
собаки;метис;"972270000024581";"08.05.2019";10;
собаки;метис;"643110000142319";"08.05.2019";10;
собаки;метис;"643090000183448";"08.05.2019";10;
собаки;метис;"643090000213450";"08.05.2019";10;
собаки;метис;"643090000213451";"08.05.2019";10;
собаки;метис;"643090000213548";"08.05.2019";10;
собаки;метис;"643110800019688";"08.05.2019";10;
собаки;метис;"643110800019678";"08.05.2019";10;
собаки;метис;"643110800019785";"08.05.2019";10;
собаки;метис;"643110800019778";"08.05.2019";10;
собаки;метис;"643094800096713";"08.05.2019";10;
собаки;метис;"643094800096714";"08.05.2019";10;
собаки;метис;"643094800096717";"08.05.2019";10;
собаки;метис;"643094800096618";"08.05.2019";10;
собаки;метис;"643094800096868";"08.05.2019";10;
собаки;метис;"643094800031827";"08.05.2019";10;
собаки;метис;"900164000423563";"08.05.2019";10;
собаки;метис;"972270000030030";"08.05.2019";10;
собаки;метис;"900000000000232";"08.05.2019";10;
собаки;метис;"643094800031732";"08.05.2019";10;
собаки;метис;"643094800031704";"08.05.2019";10;
собаки;метис;"643094800031685";"08.05.2019";10;
собаки;метис;"643094800096653";"08.05.2019";10;
собаки;метис;"643110800018564";"08.05.2019";10;
собаки;метис;"643090000126905";"08.05.2019";10;
собаки;метис;"643090000126910";"08.05.2019";10;
собаки;метис;"900000000000284";"08.05.2019";10;
собаки;метис;"972270000027003";"08.05.2019";10;
собаки;метис;"643094800096862";"08.05.2019";10;
собаки;метис;"643094800031718";"08.05.2019";10;
собаки;метис;"643093300017082";"08.05.2019";10;
собаки;метис;"972270000029237";"08.05.2019";10;
собаки;метис;"643094800031737";"08.05.2019";10;
собаки;метис;"643094800031738";"08.05.2019";10;
собаки;метис;"972270000113669";"08.05.2019";10;
собаки;метис;"900164000010706";"08.05.2019";10;
собаки;метис;"972270000030062";"08.05.2019";10;
собаки;метис;"643110000124781";"08.05.2019";10;
собаки;метис;"643094800096662";"08.05.2019";10;
собаки;метис;"941000000755657";"08.05.2019";10;
собаки;метис;"900164000011350";"08.05.2019";10;
собаки;метис;"643090000127450";"08.05.2019";10;
собаки;метис;"900164000011026";"08.05.2019";10;
собаки;метис;"900164000011627";"08.05.2019";10;
собаки;метис;"643110000125712";"08.05.2019";10;
собаки;метис;"643094100016912";"08.05.2019";10;
собаки;метис;"643110000142302";"08.05.2019";10;
собаки;метис;"643094100005764";"08.05.2019";10;
собаки;метис;"643090000061617";"08.05.2019";10;
собаки;метис;"643110800019673";"08.05.2019";10;
собаки;метис;"643094100613812";"08.05.2019";10;
собаки;метис;"643094100613814";"15.05.2019";10;
собаки;метис;"643094100613813";"15.05.2019";10;
собаки;метис;"643094100608321";"17.05.2019";10;
собаки;метис;"643094100608328";"30.05.2019";10;
собаки;метис;"643094100608329";"30.05.2019";10;
собаки;метис;"643094100608325";"30.05.2019";10;
собаки;метис;"643094100608391";"31.05.2019";10;
собаки;метис;"643094100608395";"04.06.2019";10;
собаки;метис;"643094100608392";"04.06.2019";10;
собаки;метис;"643094100608399";"04.06.2019";10;
собаки;метис;"643094100608400";"06.6.2019";10;
собаки;метис;"643094100608323";"06.6.2019";10;
собаки;метис;"643094100608394";"18.06.2019";10;
собаки;метис;"643094100613838";"18.06.2019";10;
собаки;метис;"643094800096602";"18.06.2019";10;
собаки;метис;"643094100613820";"19.06.2019.";10;
собаки;метис;"643094100613836";"19.06.2019.";10;
собаки;метис;"643094100613835";"19.06.2019.";10;
собаки;метис;"653094800096602";"19.06.2019.";10;
собаки;метис;"643094100613840";"21.06.2019.";10;
собаки;метис;"643094100613837";"21.06.2019.";10;
собаки;метис;"643094100613839";"21.06.2019.";10;
собаки;метис;"643094100608398";"21.06.2019";10;
собаки;метис;"643094100608327";"25.06.2019.";10;
собаки;метис;"643094100613809";"25.06.2019.";10;
собаки;метис;"643094100608555";"01.07.2019";10;
собаки;метис;"643094100608486";"08.07.2019";10;
собаки;метис;"653094800096601";"15.07.2019";10;
собаки;метис;"653094800096608";"15.07.2019";10;
собаки;метис;"643094100608551";"15.07.2019";10;
собаки;метис;"643094100608396";"18.07.2019";10;
собаки;метис;"643094100608560";"08.08.2019";10;
собаки;метис;"643094800096605";"08.08.2019";10;
собаки;метис;"643094100608545";"12.08.2019";10;
собаки;метис;"643094100608543";"12.08.2019";10;
собаки;метис;"643094100608541";"13.08.2019";10;
собаки;метис;"643094100608549";"13.08.2019";10;
собаки;метис;"643094100608542";"13.08.2019";10;
собаки;метис;"643094100608490";"14.08.2019";10;
собаки;метис;"643094800096604";"14.08.2019";10;
собаки;метис;"643094100608558";"14.08.2019";10;
собаки;метис;"643094100608550";"14.08.2019";10;
собаки;метис;"643094100608480";"14.08.2019";10;
собаки;метис;"643094100608487";"15.08.2019";10;
собаки;метис;"643094100608553";"15.08.2019";10;
собаки;метис;"643094100613806";"15.08.2019";10;
собаки;метис;"643094100608552";"15.08.2019";10;
собаки;метис;"643094100608488";"15.08.2019";10;
собаки;метис;"643094100608544";"15.08.2019";10;
собаки;метис;"643094100608554";"15.08.2019";10;
собаки;метис;"643094100613807";"15.08.2019";10;
собаки;метис;"643094100608322";"16.08.2019";10;
собаки;метис;"643094100608557";"16.08.2019";10;
собаки;метис;"643094100608397";"16.08.2019";10;
собаки;метис;"643094100613808";"16.08.2019";10;
собаки;метис;"643094100608547";"16.08.2019";10;
собаки;метис;"643094100608556";"16.08.2019";10;
собаки;метис;"643094100608563";"06.09.2019";10;
собаки;метис;"643094100608565";"06.09.2019";10;
собаки;метис;"643094100608584";"06.09.2019";10;
собаки;метис;"643094100608570";"06.09.2019";10;
собаки;метис;"643094100608568";"06.09.2019";10;
собаки;метис;"643094100608562";"06.09.2019";10;
собаки;метис;"643094100608598";"09.09.2019";10;
собаки;метис;"64309100608546";"09.09.2019";10;
собаки;метис;"643094100608600";"10.09.2019";10;
собаки;метис;"643094100608591";"10.09.2019";10;
собаки;метис;"643094100608594";"10.09.2019";10;
собаки;метис;"643094100608566";"10.09.2019";10;
собаки;метис;"643094100608592";"10.09.2019";10;
собаки;метис;"643094100608595";"10.09.2019";10;
собаки;метис;"643094100608564";"11.09.2019";10;
собаки;метис;"643094100608559";"11.09.2019";10;
собаки;метис;"643094100608599";"11.09.2019";10;
собаки;метис;"643094100608596";"11.09.2019";10;
собаки;метис;"643094100608597";"11.09.2019";10;
собаки;метис;"643094100608593";"11.09.2019";10;
собаки;метис;"643094100608569";"11.09.2019";10;
собаки;метис;"643094100608583";"11.09.2019";10;
собаки;метис;"643094100608561";"11.09.2019";10;
собаки;метис;"643094100608567";"11.09.2019";10;
собаки;метис;"643094100608393";"11.09.2019";10;
собаки;метис;"643094100608482";"11.09.2019";10;
собаки;метис;"643094800096607";"11.09.2019";10;
собаки;метис;"643094100608585";"11.09.2019";10;
собаки;метис;"643094100608485";"12.09.2019";10;
собаки;метис;"643094100608481";"12.09.2019";10;
собаки;метис;"643094800096606";"12.09.2019";10;
собаки;метис;"643094100608484";"12.09.2019";10;
собаки;метис;"643094100608548";"12.09.2019";10;
собаки;метис;"643094100608483";"16.09.2019";10;
собаки;метис;"643094100608506";"16.09.2019";10;
собаки;метис;"643094100608505";"16.09.2019";10;
собаки;метис;"643094100608590";"24.09.2019";10;
собаки;метис;"643094100608587";"03.10.2019";10;
собаки;метис;"643094100608589";"03.10.2019";10;
собаки;метис;"643094100608509";"03.10.2019";10;
собаки;метис;"643094100608508";"03.10.2019";10;
собаки;метис;"643094100608510";"25.10.2019";10;
собаки;метис;"643094100608582";"25.10.2019";10;
собаки;метис;"643094100608588";"25.10.2019";10;
собаки;метис;"643094100608502";"29.10.2019";10;
собаки;метис;"643094100608501";"29.10.2019";10;
собаки;метис;"643094100608402";"05.11.2019";10;
собаки;метис;"643094100608403";"05.11.2019";10;
собаки;метис;"643094100608404";"05.11.2019";10;
собаки;метис;"643094100608405";"05.11.2019";10;
собаки;метис;"643094100608406";"05.11.2019";10;
собаки;метис;"643094100608503";"06.11.2019";10;
собаки;метис;"643094100608507";"06.11.2019";10;
собаки;метис;"643094100608586";"06.11.2019";10;
собаки;метис;"643094100608504";"06.11.2019";10;
собаки;метис;"643094100608581";"06.11.2019";10;
собаки;метис;"643094100608408";"06.11.2019";10;
собаки;метис;"941000002017548";"01.09.2010";12;
собаки;метис;"643098100122297";"01.09.2010";12;
собаки;метис;"968000003991851";"01.09.2010";12;
собаки;метис;"972270000027604";"16.09.2010";12;
собаки;метис;"972270000030495";"16.09.2010";12;
собаки;метис;"972270000029634";"16.09.2010";12;
собаки;метис;"972270000020684";"16.09.2010";12;
собаки;метис;"643094100000924";"16.09.2010";12;
собаки;метис;"643094100076488";"17.09.2010";12;
собаки;метис;"643094100076529";"17.09.2010";12;
собаки;метис;"643094100001119";"20.09.2010";12;
собаки;метис;"643098100122096";"22.09.2010";12;
собаки;метис;"643094100107431";"22.09.2010";12;
собаки;метис;"643094100107415";"23.09.2010";12;
собаки;метис;"643094100087447";"23.09.2010";12;
собаки;метис;"643094100104471";"23.09.2010";12;
собаки;метис;"643094100096141";"23.09.2010";12;
собаки;метис;"643094100096127";"23.09.2010";12;
собаки;метис;"643094100096189";"23.09.2010";12;
собаки;метис;"643094100107753";"23.09.2010";12;
собаки;метис;"643094100001394";"25.09.2010";12;
собаки;метис;"972270000030325";"25.09.2010";12;
собаки;метис;"972270000020802";"26.09.2010";12;
собаки;метис;"972270000030865";"26.09.2010";12;
собаки;метис;"972270000030790";"26.09.2010";12;
собаки;метис;"972270000023993";"26.09.2010";12;
собаки;метис;"972270000020681";"26.09.2010";12;
собаки;метис;"972270000024322";"26.09.2010";12;
собаки;метис;"972270000020519";"26.09.2010";12;
собаки;метис;"941000001532729";"26.09.2010";12;
собаки;метис;"972270000020048";"26.09.2010";12;
собаки;метис;"972270000030452";"29.09.2010";12;
собаки;метис;"643094100000412";"26.09.2010";12;
собаки;метис;"972270000030697";"26.09.2010";12;
собаки;метис;"972270000030602";"27.09.2010";12;
собаки;метис;"972270000030115";"27.09.2010";12;
собаки;метис;"972270000026765";"27.09.2010";12;
собаки;метис;"972270000020771";"28.09.2010";12;
собаки;метис;"972270000020625";"28.09.2010";12;
собаки;метис;"972270000024290";"29.09.2010";12;
собаки;метис;"972270000020985";"29.09.2010";12;
собаки;метис;"972270000024482";"29.09.2010";12;
собаки;метис;"972270000023100";"29.10.2010";12;
собаки;метис;"972270000025692";"30.09.2010";12;
собаки;метис;"972270000024015";"30.09.2010";12;
собаки;метис;"972270000023594";"01.10.2010";12;
собаки;метис;"972270000023657";"01.10.2010";12;
собаки;метис;"972270000029493";"01.10.2010";12;
собаки;метис;"972270000025204";"01.10.2010";12;
собаки;метис;"972270000020791";"01.10.2010";12;
собаки;метис;"972270000020418";"01.10.2010";12;
собаки;метис;"972270000025490";"02.10.2010";12;
собаки;метис;"972270000030990";"02.10.2010";12;
собаки;метис;"972270000027223";"02.10.2010";12;
собаки;метис;"643094100001261";"02.10.2010";12;
собаки;метис;"972270000025941";"02.10.2010";12;
собаки;метис;"972000010018230";"02.10.2010";12;
собаки;метис;"972270000025032";"03.10.2010";12;
собаки;метис;"972270000025631";"10.10.2010";12;
собаки;метис;"972270000030997";"10.10.2010";12;
собаки;метис;"972270000020050";"03.09.2010";12;
собаки;метис;"972270000030786";"04.10.2010";12;
собаки;метис;"972270000020438";"04.10.2010";12;
собаки;метис;"972270000025296";"04.10.2010";12;
собаки;метис;"972270000027231";"04.10.2010";12;
собаки;метис;"972270000030974";"04.10.2010";12;
собаки;метис;"643098100128799";"04.10.2010";12;
собаки;метис;"972270000025733";"04.10.2010";12;
собаки;метис;"972270000020179";"05.10.2010";12;
собаки;метис;"972270000030193";"05.10.2010";12;
собаки;метис;"972270000024978";"05.10.2010";12;
собаки;метис;"972270000024917";"06.10.2010";12;
собаки;метис;"643098100122083";"06.10.2010";12;
собаки;метис;"972270000030952";"06.10.2010";12;
собаки;метис;"972270000030749";"06.10.2010";12;
собаки;метис;"643094100096128";"09.10.2010";12;
собаки;метис;"643094100087461";"09.10.2010";12;
собаки;метис;"643094100087435";"09.10.2010";12;
собаки;метис;"643094100096144";"13.10.2010";12;
собаки;метис;"643094100086051";"02.11.2010";12;
собаки;метис;"643094100087472";"02.11.2010";12;
собаки;метис;"643094100086030";"02.11.2010";12;
собаки;метис;"643094100086047";"02.11.2010";12;
собаки;метис;"643094100086054";"02.11.2010";12;
собаки;метис;"643094100087499";"10.11.2010";12;
собаки;метис;"643094100076489";"10.11.2010";12;
собаки;метис;"643098100122868";"10.11.2010";12;
собаки;метис;"643094100107438";"10.11.2010";12;
собаки;метис;"643094100107408";"10.11.2010";12;
собаки;метис;"643094100107401";"16.12.2010";12;
собаки;метис;"643094100076454";"20.12.2010";12;
собаки;метис;"643094100107738";"20.12.2010";12;
собаки;метис;"643094100107421";"20.12.2010";12;
собаки;метис;"643094100086028";"25.01.2011";12;
собаки;метис;"643094100096149";"01.02.2011";12;
собаки;метис;"643110000068447";"03.02.2011";12;
собаки;метис;"643110000068441";"03.02.2011";12;
собаки;метис;"643110000068444";"03.02.2011";12;
собаки;метис;"643110000068439";"03.02.2011";12;
собаки;метис;"643098100126795";"13.02.2011";12;
собаки;метис;"643094100076460";"15.02.2011";12;
собаки;метис;"643094100104490";"21.02.2011";12;
собаки;метис;"643094100107472";"21.02.2011";12;
собаки;метис;"643110000068064";"21.02.2011";12;
собаки;метис;"643110000068454";"21.02.2011";12;
собаки;метис;"643094100107447";"21.02.2011";12;
собаки;метис;"643110000068076";"21.02.2011";12;
собаки;метис;"643110000068078";"21.02.2011";12;
собаки;метис;"643110000068480";"21.02.2011";12;
собаки;метис;"643110000068062";"21.02.2011";12;
собаки;метис;"643110000068086";"21.02.2011";12;
собаки;метис;"643110000068095";"21.02.2011";12;
собаки;метис;"643110000068498";"21.02.2011";12;
собаки;метис;"643110000068492";"21.02.2011";12;
собаки;метис;"643094100104564";"21.02.2011";12;
собаки;метис;"643094100012283";"21.02.2011";12;
собаки;метис;"643110000068070";"21.02.2011";12;
собаки;метис;"643110000077469";"24.02.2011";12;
собаки;метис;"643110000068479";"24.02.2011";12;
собаки;метис;"643110000068462";"24.02.2011";12;
собаки;метис;"643098100121987";"26.02.2011";12;
собаки;метис;"643098100081473";"02.03.2011";12;
собаки;метис;"643098100085277";"02.03.2011";12;
собаки;метис;"643098100081622";"02.03.2011";12;
собаки;метис;"643098100082751";"02.03.2011";12;
собаки;метис;"643098100071583";"02.03.2011";12;
собаки;метис;"643098100084795";"02.03.2011";12;
собаки;метис;"643110000077638";"08.03.2011";12;
собаки;метис;"643110000077644";"08.03.2011";12;
собаки;метис;"643094100107474";"10.03.2011";12;
собаки;метис;"643094100107443";"10.03.2011";12;
собаки;метис;"643094100104467";"10.03.2011";12;
собаки;метис;"643110000077645";"10.03.2011";12;
собаки;метис;"643094100107445";"10.03.2011";12;
собаки;метис;"643110000077637";"10.03.2011";12;
собаки;метис;"643110000077643";"11.03.2011";12;
собаки;метис;"643094100104481";"11.03.2011";12;
собаки;метис;"643098100079169";"12.03.2011";12;
собаки;метис;"643098100073855";"12.03.2011";12;
собаки;метис;"643098100073596";"12.03.2011";12;
собаки;метис;"643098100085751";"12.03.2011";12;
собаки;метис;"643098100084013";"12.03.2011";12;
собаки;метис;"643094100010747";"17.03.2011";12;
собаки;метис;"643094100084294";"17.03.2011";12;
собаки;метис;"643094100076120";"17.03.2011";12;
собаки;метис;"643094100008542";"17.03.2011";12;
собаки;метис;"941000000761607";"19.03.2011";12;
собаки;метис;"643094100107751";"19.03.2011";12;
собаки;метис;"643094100104409";"19.03.2011";12;
собаки;метис;"643094100104447";"19.03.2011";12;
собаки;метис;"643094100107768";"19.03.2011";12;
собаки;метис;"643094100104420";"19.03.2011";12;
собаки;метис;"643110000077677";"22.03.2011";12;
собаки;метис;"643110000077636";"22.03.2011";12;
собаки;метис;"643110000077635";"22.03.2011";12;
собаки;метис;"643094100104534";"22.03.2011";12;
собаки;метис;"643094100107209";"22.03.2011";12;
собаки;метис;"643110000077675";"22.03.2011";12;
собаки;метис;"643110000077629";"22.03.2011";12;
собаки;метис;"643110000077669";"22.03.2011";12;
собаки;метис;"643110000077678";"22.03.2011";12;
собаки;метис;"643098100089491";"23.03.2011";12;
собаки;метис;"643098100070030";"23.03.2011";12;
собаки;метис;"643098100080670";"23.03.2011";12;
собаки;метис;"643098100082868";"23.03.2011";12;
собаки;метис;"643098100081252";"23.03.2011";12;
собаки;метис;"643110000076592";"23.03.2011";12;
собаки;метис;"643110000076599";"23.03.2011";12;
собаки;метис;"643110000076582";"24.03.2011";12;
собаки;метис;"643094100107427";"24.03.2011";12;
собаки;метис;"643110000076567";"24.03.2011";12;
собаки;метис;"643110000076552";"25.03.2011";12;
собаки;метис;"643110000076556";"25.03.2011";12;
собаки;метис;"643110000076559";"25.03.2011";12;
собаки;метис;"643110000076572";"25.03.2011";12;
собаки;метис;"643094100104469";"28.03.2011";12;
собаки;метис;"643110000020077";"28.03.2011";12;
собаки;метис;"643094100096123";"28.03.2011";12;
собаки;метис;"643110000072597";"28.03.2011";12;
собаки;метис;"643110000073404";"28.03.2011";12;
собаки;метис;"643110000072581";"28.03.2011";12;
собаки;метис;"643110000073408";"28.04.2011";12;
собаки;метис;"643110000072588";"28.03.2011";12;
собаки;метис;"643110000020065";"28.03.2010";12;
собаки;метис;"643094100104477";"28.03.2011";12;
собаки;метис;"643110000083154";"28.03.2011";12;
собаки;метис;"643098100012297";"28.03.2011";12;
собаки;метис;"643110000076687";"30.03.2011";12;
собаки;метис;"643110000073411";"31.03.2011";12;
собаки;метис;"643094100107446";"31.03.2011";12;
собаки;метис;"643098100122197";"31.03.2011";12;
собаки;метис;"643110000073416";"31.03.2011";12;
собаки;метис;"643110000072700";"31.03.2011";12;
собаки;метис;"643110000073418";"31.03.2011";12;
собаки;метис;"643110000076685";"02.04.2011";12;
собаки;метис;"643110000076665";"04.04.2011";12;
собаки;метис;"643110000076698";"06.04.2011";12;
собаки;метис;"643110000076696";"06.04.2011";12;
собаки;метис;"643110000076654";"06.04.2011";12;
собаки;метис;"643094000017125";"06.04.2011";12;
собаки;метис;"643110000076690";"06.04.2011";12;
собаки;метис;"643110000076692";"06.04.2011";12;
собаки;метис;"643110000076693";"06.04.2011";12;
собаки;метис;"643098100117342";"09.04.2011";12;
собаки;метис;"643110000076892";"10.04.2011";12;
собаки;метис;"643110000076888";"10.04.2011";12;
собаки;метис;"643110000076857";"13.04.2011";12;
собаки;метис;"643110000076896";"13.04.2011";12;
собаки;метис;"643110000076858";"13.04.2011";12;
собаки;метис;"643110000076893";"13.04.2011";12;
собаки;метис;"643110000076899";"13.04.2011";12;
собаки;метис;"643110000076887";"13.04.2011";12;
собаки;метис;"643110000076886";"13.04.2011";12;
собаки;метис;"643094100104419";"13.04.2011";12;
собаки;метис;"643110000076889";"15.04.2011";12;
собаки;метис;"643110000076900";"15.04.2011";12;
собаки;метис;"643098100113094";"15.04.2011";12;
собаки;метис;"643110000076872";"15.04.2011";12;
собаки;метис;"643110000076875";"15.04.2011";12;
собаки;метис;"643110000073553";"17.04.2011";12;
собаки;метис;"643110000073550";"17.04.2011";12;
собаки;метис;"643110000073555";"17.04.2011";12;
собаки;метис;"900000000000402";"21.04.2011";12;
собаки;метис;"900000000000424";"21.04.2011";12;
собаки;метис;"900000000000421";"21.04.2011";12;
собаки;метис;"643110000020075";"21.04.2011";12;
собаки;метис;"900000000000406";"21.04.2011";12;
собаки;метис;"900000000000413";"21.04.2011";12;
собаки;метис;"643094100104541";"21.04.2011";12;
собаки;метис;"900000000000437";"21.04.2011";12;
собаки;метис;"900000000000450";"21.04.2011";12;
собаки;метис;"900000000000414";"21.04.2011";12;
собаки;метис;"900000000000422";"21.04.2011";12;
собаки;метис;"900000000000405";"21.04.2011";12;
собаки;метис;"643094100104778";"25.04.2011";12;
собаки;метис;"643110000076864";"28.04.2011";12;
собаки;метис;"643110000076855";"28.04.2011";12;
собаки;метис;"972270000030418";"29.04.2011";12;
собаки;метис;"643110000083159";"29.04.2011";12;
собаки;метис;"643110000020073";"29.04.2011";12;
собаки;метис;"643110000076856";"03.05.2011";12;
собаки;метис;"643110000076851";"03.05.2011";12;
собаки;метис;"276098102095425";"03.05.2011";12;
собаки;метис;"643110000076871";"03.05.2011";12;
собаки;метис;"643110000076854";"03.05.2011";12;
собаки;метис;"643110000073402";"05.05.2011";12;
собаки;метис;"900000000000209";"11.05.2011";12;
собаки;метис;"643110000072595";"11.05.2011";12;
собаки;метис;"900000000000038";"11.05.2011";12;
собаки;метис;"900000000000035";"11.05..2011";12;
собаки;метис;"900000000000037";"11.05..2011";12;
собаки;метис;"643110000004263";"11.05..2011";12;
собаки;метис;"968000000004247";"11.05..2011";12;
собаки;метис;"643094100104427";"17.05.2011";12;
собаки;метис;"643098100112159";"17.05.2011";12;
собаки;метис;"900000000000230";"18.05.2011";12;
собаки;метис;"900000000000222";"18.05.2011";12;
собаки;метис;"900000000000177";"24.05.2011";12;
собаки;метис;"900000000000144";"24.05.2011";12;
собаки;метис;"900000000000217";"24.05.2011";12;
собаки;метис;"900000000000220";"24.05.2011";12;
собаки;метис;"900000000000218";"24.05.2011";12;
собаки;метис;"643094100107410";"10.06.2011";12;
собаки;метис;"900164000011075";"10.06.2011";12;
собаки;метис;"643110000107039";"22.06.2011";12;
собаки;метис;"643110000107038";"22.06.2011";12;
собаки;метис;"643110000106985";"22.06.2011";12;
собаки;метис;"643110000106995";"22.06.2011";12;
собаки;метис;"643110000106993";"22.06.2011";12;
собаки;метис;"643110000076675";"19.07.2011";12;
собаки;метис;"643110000020079";"26.07.2011";12;
собаки;метис;"643110000020072";"26.07.2011";12;
собаки;метис;"643110000020064";"26.07.2011";12;
собаки;метис;"643098100121455";"26.07.2011";12;
собаки;метис;"643110000020063";"26.07.2011";12;
собаки;метис;"643094100107207";"26.07.2011";12;
собаки;метис;"643094100107761";"18.08.2011";12;
собаки;метис;"643110000020067";"04.10.2011";12;
собаки;метис;"643110000020068";"05.10.2011";12;
собаки;метис;"643094100104565";"05.10.2011";12;
собаки;метис;"643094100104544";"06.10.2011";12;
собаки;метис;"643110000020062";"15.11.2011";12;
собаки;метис;"643094100122315";"02.01.2012";12;
собаки;метис;"643094100122319";"01.02.2012";12;
собаки;метис;"643094100242251";"01.07.2012";12;
собаки;метис;"643094100242261";"01.07.2012";12;
собаки;метис;"643094100245309";"01.07.2012";12;
собаки;метис;"643094100242289";"01.07.2012";12;
собаки;метис;"643098100116595";"01.07.2012";12;
собаки;метис;"643094100242258";"01.07.2012";12;
собаки;метис;"643094100242268";"01.07.2012";12;
собаки;метис;"643098100112157";"02.07.2012";12;
собаки;метис;"643094100242243";"02.07.2012";12;
собаки;метис;"643098100112987";"03.07.2012";12;
собаки;метис;"643098100118861";"03.07.2012";12;
собаки;метис;"643098100113478";"03.07.2012";12;
собаки;метис;"643098100118715";"03.07.2012";12;
собаки;метис;"643094100277263";"16.07.2012";12;
собаки;метис;"643094100258943";"18.07.2012";12;
собаки;метис;"643098100118078";"14.08.2012";12;
собаки;метис;"972270000158155";"15.08.2012";12;
собаки;метис;"643098100110144";"23.09.2012";12;
собаки;метис;"643094100245311";"16.10.2012";12;
собаки;метис;"643094100205985";"16.10.2012";12;
собаки;метис;"643094100228144";"05.02.2013";12;
собаки;метис;"643094100228194";"05.02.2013";12;
собаки;метис;"643094100228192";"06.02.2013";12;
собаки;метис;"643094100228193";"06.02.2013";12;
собаки;метис;"643094100228136";"06.02.2013";12;
собаки;метис;"643098100116196";"14.02.2013";12;
собаки;метис;"643098100110615";"14.02.2013";12;
собаки;метис;"643094100258941";"05.05.2013";12;
собаки;метис;"643094100258940";"05.05.2013";12;
собаки;метис;"643094100258935";"06.05.2013";12;
собаки;метис;"643094100258950";"06.05.2013";12;
собаки;метис;"643094100258987";"11.06.2013";12;
собаки;метис;"643094100258948";"11.06.2013";12;
собаки;метис;"643094100277272";"10.07.2013";12;
собаки;метис;"643094100277254";"10.07.2013";12;
собаки;метис;"643094100277382";"11.07.2013";12;
собаки;метис;"643094100277371";"11.07.2013";12;
собаки;метис;"643094100277195";"06.12.2013";12;
собаки;метис;"643094100277217";"06.12.2013";12;
собаки;метис;"643094100277385";"10.12.2013";12;
собаки;метис;"643094100277218";"12.12.2013";12;
собаки;метис;"643094100277048";"12.12.2013";12;
собаки;метис;"643094100292556";"06.03.2014";12;
собаки;метис;"643094100277316";"06.03.2014";12;
собаки;метис;"643094100277037";"13.03.2014";12;
собаки;метис;"643094100292552";"13.03.2014";12;
собаки;метис;"643094100292551";"07.05.2014";12;
собаки;метис;"643094100292558";"07.05.2014";12;
собаки;метис;"643094100292560";"15.08.2014";12;
собаки;метис;"643094100292554";"08.10.2014";12;
собаки;метис;"643110000372012";"04.03.2015";12;
собаки;метис;"643110000372015";"04.03.2015";12;
собаки;метис;"643110000372028";"07.04.2015";12;
собаки;метис;"643094100364808";"02.06.2015";12;
собаки;метис;"643094100292557";"14.07.2015";12;
собаки;метис;"643094100292553";"14.07.2015";12;
собаки;метис;"643094100381091";"13.10.2015";12;
собаки;метис;"643094100364810";"10.12.2015";12;
собаки;метис;"643094100364803";"10.12.2015";12;
собаки;метис;"643094100364801";"10.12.2015";12;
собаки;метис;"643110000372013";"10.12.2015";12;
собаки;метис;"643110000372014";"10.12.2015";12;
собаки;метис;"643110000372024";"02.02.2016";12;
собаки;метис;"643110000372017";"02.02.2016";12;
собаки;метис;"643110000372019";"02.02.2016";12;
собаки;метис;"643110000372011";"02.02.2016";12;
собаки;метис;"643094100107773";"10.03.2016";12;
собаки;метис;"643110000372020";"10.03.2016";12;
собаки;метис;"643110000372026";"10.03.2016";12;
собаки;метис;"643110000372025";"10.03.2016";12;
собаки;метис;"643110000372018";"10.03.2016";12;
собаки;метис;"643110000372021";"10.03.2016";12;
собаки;метис;"643094100396594";"05.04.2016";12;
собаки;метис;"643094100396595";"05.04.2016";12;
собаки;метис;"643094100396596";"05.04.2016";12;
собаки;метис;"643094100396600";"05.04.2016";12;
собаки;метис;"643094100396599";"05.04.2016";12;
собаки;метис;"643094100396568";"17.05.2016";12;
собаки;метис;"643094100396567";"17.05.2016";12;
собаки;метис;"643094100396570";"17.05.2016";12;
собаки;метис;"643094100396569";"17.05.2016";12;
собаки;метис;"643095300132479";"16.06.2016";12;
собаки;метис;"643095300132458";"21.06.2016";12;
собаки;метис;"643095300132472";"21.06.2016";12;
собаки;метис;"643095300132460";"21.06.2016";12;
собаки;метис;"643094100396563";"26.07.2016";12;
собаки;метис;"643094100369561";"26.07.2016";12;
собаки;метис;"643095300132494";"26.10.2016";12;
собаки;метис;"643095300132449";"24.11.2016";12;
собаки;метис;"643095300132507";"24.11.2016";12;
собаки;метис;"643095300132436";"24.11.2016";12;
собаки;метис;"643095300132432";"24.11.2016";12;
собаки;метис;"643093400067815";"09.12.2016";12;
собаки;метис;"643093400067920";"09.12.2016";12;
собаки;метис;"643095300132415";"05.12.2016";12;
собаки;метис;"643095300132587";"05.12.2016";12;
собаки;метис;"643093400067762";"05.12.2016";12;
собаки;метис;"643094100549172";"05.12.2016";12;
собаки;метис;"643093400067799";"06.12.2016";12;
собаки;метис;"643093400067761";"12.12.2016";12;
собаки;метис;"643095300132413";"12.12.2016";12;
собаки;метис;"643093400067769";"12.12.2016";12;
собаки;метис;"643093400067768";"12.12.2016";12;
собаки;метис;"643093400067771";"12.12.2016";12;
собаки;метис;"643093400067615";"08.12.2016";12;
собаки;метис;"643094100549060";"08.12.2016";12;
собаки;метис;"643094100549052";"08.12.2016";12;
собаки;метис;"643093400067671";"20.12.2016";12;
собаки;метис;"643093400067926";"27.12.2016";12;
собаки;метис;"643093400067925";"09.01.2017";12;
собаки;метис;"643093400067914";"09.01.2017";12;
собаки;метис;"643093400067617";"24.01.2017";12;
собаки;метис;"643093400067611";"25.01.2017";12;
собаки;метис;"643093400067772";"09.02.2017";12;
собаки;метис;"643098100098196";"09.02.2017";12;
собаки;метис;"643093400067820";"09.02.2017";12;
собаки;метис;"643093400067898";"09.02.2017";12;
собаки;метис;"643093400067917";"14.02.2017";12;
собаки;метис;"643093400067919";"19.02.2017";12;
собаки;метис;"643093400067774";"22.02.2017";12;
собаки;метис;"643093400067775";"21.02.2017";12;
собаки;метис;"643093400067916";"07.03.2017";12;
собаки;метис;"643093400067813";"07.03.2017";12;
собаки;метис;"643093400067814";"07.03.2017";12;
собаки;метис;"643093400067904";"07.03.2017";12;
собаки;метис;"643093400067915";"07.03.2017";12;
собаки;метис;"643093400067910";"07.03.2017";12;
собаки;метис;"643093400067909";"07.03.2017";12;
собаки;метис;"643093400067903";"07.03.2017";12;
собаки;метис;"643093400067812";"07.03.2017";12;
собаки;метис;"643093400067907";"07.03.2017";12;
собаки;метис;"643093400067806";"07.03.2017";12;
собаки;метис;"643093400067811";"07.03.2017";12;
собаки;метис;"643093400067766";"09.03.2017";12;
собаки;метис;"643093400067765";"14.03.2017";12;
собаки;метис;"643093400067620";"20.03.2017";12;
собаки;метис;"643093400067616";"20.03.2017";12;
собаки;метис;"643093400067625";"20.03.2017";12;
собаки;метис;"643093400067618";"20.03.2017";12;
собаки;метис;"643093400067621";"20.03.2017";12;
собаки;метис;"643093400067793";"20.03.2017";12;
собаки;метис;"643093400067801";"24.11.2017";12;
собаки;метис;"643093400067767";"28.03.2017";12;
собаки;метис;"643093400067807";"31.03.2017";12;
собаки;метис;"643093400067808";"31.03.2017";12;
собаки;метис;"643093400067899";"31.03.2017";12;
собаки;метис;"643093400067901";"31.03.2017";12;
собаки;метис;"643093400067796";"31.03.2017";12;
собаки;метис;"643093400067803";"31.03.2017";12;
собаки;метис;"643093400067798";"31.03.2017";12;
собаки;метис;"643093400067791";"04.04.2017";12;
собаки;метис;"643093400067897";"14.04.2017";12;
собаки;метис;"643093400067795";"28.04.2017";12;
собаки;метис;"643093400067804";"28.04.2017";12;
собаки;метис;"643093400067764";"03.05.2017";12;
собаки;метис;"643093400067622";"05.05.2017";12;
собаки;метис;"643093400067936";"05.05.2017";12;
собаки;метис;"643093400067619";"10.05.2017";12;
собаки;метис;"643094100381100";"10.05.2017";12;
собаки;метис;"643093400067624";"11.05.2017";12;
собаки;метис;"643093400067938";"26.06.2017";12;
собаки;метис;"643093400067937";"10.07.2017";12;
собаки;метис;"643093400067935";"31.07.2017";12;
собаки;метис;"643093400067939";"01.08.2017";12;
собаки;метис;"643093400067940";"01.08.2017";12;
собаки;метис;"643093400067588";"08.08.2017";12;
собаки;метис;"643094100549290";"08.08.2017";12;
собаки;метис;"643093400067931";"10.08.2017";12;
собаки;метис;"643093400067933";"10.08.2017";12;
собаки;метис;"643093400067932";"10.08.2017";12;
собаки;метис;"643093400067660";"10.08.2017";12;
собаки;метис;"643099000622242";"22.08.2017";12;
собаки;метис;"643093400067669";"11.11.2017";12;
собаки;метис;"643093400067663";"23.08.2017";12;
собаки;метис;"643093400067666";"29.08.2017";12;
собаки;метис;"643093400067664";"01.09.2017";12;
собаки;метис;"643093400067695";"01.09.2017";12;
собаки;метис;"643093400067700";"14.09.2017";12;
собаки;метис;"643094100549285";"20.09.2017";12;
собаки;метис;"643093400067655";"20.09.2017";12;
собаки;метис;"643093400067698";"20.09.2017";12;
собаки;метис;"643093400067654";"21.09.2017";12;
собаки;метис;"643093400067652";"21.09.2017";12;
собаки;метис;"643093400067651";"21.09.2017";12;
собаки;метис;"643093400067584";"02.10.2017";12;
собаки;метис;"643093400067582";"02.10.2017";12;
собаки;метис;"643093400067586";"02.10.2017";12;
собаки;метис;"643094100549042";"09.10.2017";12;
собаки;метис;"643093400067649";"18.10.2017";12;
собаки;метис;"643093400067650";"18.10.2017";12;
собаки;метис;"643094100549206";"30.10.2017";12;
собаки;метис;"643093400067646";"31.10.2017";12;
собаки;метис;"643093400067645";"31.10.2017";12;
собаки;метис;"643093400067644";"08.11.2017";12;
собаки;метис;"643093400067589";"08.11.2017";12;
собаки;метис;"643093400067699";"08.11.2017";12;
собаки;метис;"643093400067590";"08.11.2017";12;
собаки;метис;"643093400067593";"23.11.2017";12;
собаки;метис;"643093400067595";"23.11.2017";12;
собаки;метис;"643093400067594";"30.11.2017";12;
собаки;метис;"643094100549365";"10.12.2017";12;
собаки;метис;"643094100549369";"10.12.2017";12;
собаки;метис;"643094100549012";"17.12.2017";12;
собаки;метис;"643094100549208";"17.12.2017";12;
собаки;метис;"643093400067694";"26.12.2017";12;
собаки;метис;"643093400067693";"27.12.2017";12;
собаки;метис;"643093400067587";"27.12.2017";12;
собаки;метис;"643093400067697";"28.12.2017";12;
собаки;метис;"643093400067696";"28.12.2017";12;
собаки;метис;"643093400067686";"10.01.2018";12;
собаки;метис;"643093400067691";"11.01.2018";12;
собаки;метис;"643094100549179";"11.01.2018";12;
собаки;метис;"643094100549041";"16.01.2018";12;
собаки;метис;"643093400067683";"18.01.2018";12;
собаки;метис;"643093400067689";"19.01.2018";12;
собаки;метис;"643093400067688";"19.01.2018";12;
собаки;метис;"643093400067343";"19.01.2018";12;
собаки;метис;"643094100549236";"23.01.2018";12;
собаки;метис;"643093400067682";"23.01.2018";12;
собаки;метис;"643094100549368";"23.01.2018";12;
собаки;метис;"643094100549190";"24.01.2018";12;
собаки;метис;"643094100549181";"24.01.2018";12;
собаки;метис;"643094100549183";"24.01.2018";12;
собаки;метис;"643094100549186";"24.01.2018";12;
собаки;метис;"643093400067677";"24.01.2018";12;
собаки;метис;"643093400067585";"24.01.2018";12;
собаки;метис;"643093400067581";"24.01.2018";12;
собаки;метис;"643093400067690";"24.01.2018";12;
собаки;метис;"643093400067680";"24.01.2018";12;
собаки;метис;"643093400067675";"24.01.2018";12;
собаки;метис;"643093400067676";"24.01.2018";12;
собаки;метис;"643093400067353";"24.01.2018";12;
собаки;метис;"643094100549366";"29.01.2018";12;
собаки;метис;"643094100549367";"29.01.2018";12;
собаки;метис;"643094100549283";"29.01.2018";12;
собаки;метис;"643093400067350";"29.01.2018";12;
собаки;метис;"643094100549287";"29.01.2018";12;
собаки;метис;"643093400067673";"30.01.2018";12;
собаки;метис;"643093400067672";"30.01.2018";12;
собаки;метис;"643093400067342";"30.01.2018";12;
собаки;метис;"643094100549149";"30.01.2018";12;
собаки;метис;"643093400067684";"01.02.2018";12;
собаки;метис;"643093400067341";"01.02.2018";12;
собаки;метис;"643093400067345";"01.02.2018";12;
собаки;метис;"643093400067346";"01.02.2018";12;
собаки;метис;"643093400067928";"02.02.2018";12;
собаки;метис;"643093400067674";"02.02.2018";12;
собаки;метис;"643094100549288";"07.02.2018";12;
собаки;метис;"643094100549231";"12.02.2018";12;
собаки;метис;"643093400067352";"13.02.2018";12;
собаки;метис;"643093400067348";"15.02.2018";12;
собаки;метис;"643093400067347";"21.02.2018";12;
собаки;метис;"643094100549240";"27.02.2018";12;
собаки;метис;"643093400067344";"28.02.2018";12;
собаки;метис;"643094100549289";"07.03.2018";12;
собаки;метис;"643094100549177";"07.03.2018";12;
собаки;метис;"643094100549178";"07.03.2018";12;
собаки;метис;"643094100549157";"07.03.2018";12;
собаки;метис;"643094100549234";"13.03.2018";12;
собаки;метис;"643094100549074";"13.03.2018";12;
собаки;метис;"643094100549238";"13.03.2018";12;
собаки;метис;"643094100549079";"13.03.2018";12;
собаки;метис;"643110800017954";"22.03.2018";12;
собаки;метис;"643110800017980";"22.03.2018";12;
собаки;метис;"643110800017950";"22.03.2018";12;
собаки;метис;"643110800017957";"22.03.2018";12;
собаки;метис;"643110800017982";"22.03.2018";12;
собаки;метис;"643094100549202";"26.03.2018";12;
собаки;метис;"643094100549235";"26.03.2018";12;
собаки;метис;"643094100549239";"26.03.2018";12;
собаки;метис;"643094100549237";"28.03.2018";12;
собаки;метис;"643094100549180";"28.03.2018";12;
собаки;метис;"643094100549153";"28.03.2018";12;
собаки;метис;"643094100549156";"28.03.2018";12;
собаки;метис;"643094100549205";"28.03.2018";12;
собаки;метис;"643094100549049";"28.03.2018";12;
собаки;метис;"643094100549145";"28.03.2018";12;
собаки;метис;"643094100549045";"28.03.2018";12;
собаки;метис;"643110800033693";"30.03.2018";12;
собаки;метис;"643110800029960";"30.03.2018";12;
собаки;метис;"643110800037821";"30.03.2018";12;
собаки;метис;"643110800029935";"30.03.2018";12;
собаки;метис;"643110800037824";"30.03.2018";12;
собаки;метис;"643094100549011";"04.04.2018";12;
собаки;метис;"643094100549019";"04.04.2018";12;
собаки;метис;"643094100549233";"04.04.2018";12;
собаки;метис;"643094100549363";"10.04.2018";12;
собаки;метис;"643094100549361";"10.04.2018";12;
собаки;метис;"643094100549362";"10.04.2018";12;
собаки;метис;"643094100549138";"10.04.2018";12;
собаки;метис;"643094100538923";"12.04.2018";12;
собаки;метис;"643094100549232";"12.04.2018";12;
собаки;метис;"643110800037844";"17.04.2018";12;
собаки;метис;"649110800029932";"17.04.2018";12;
собаки;метис;"643094100549013";"25.04.2018";12;
собаки;метис;"643094100549020";"25.04.2018";12;
собаки;метис;"643094100549061";"25.04.2018";12;
собаки;метис;"643094100549050";"25.04.2018";12;
собаки;метис;"643094100549286";"25.04.2018";12;
собаки;метис;"643110800030101";"25.04.2018";12;
собаки;метис;"643094100549136";"27.04.2018";12;
собаки;метис;"643094100549062";"10.05.2018";12;
собаки;метис;"643110800043360";"10.05.2018";12;
собаки;метис;"643094100549131";"10.05.2018";12;
собаки;метис;"643094100549140";"10.05.2018";12;
собаки;метис;"643094100549078";"10.05.2018";12;
собаки;метис;"643094100549077";"10.05.2018";12;
собаки;метис;"643094100549016";"12.05.2018";12;
собаки;метис;"643094100549018";"14.05.2018";12;
собаки;метис;"643094100549135";"14.05.2018";12;
собаки;метис;"643094100549154";"16.05.2018";12;
собаки;метис;"643094100549155";"16.05.2018";12;
собаки;метис;"643094100549284";"17.05.2018";12;
собаки;метис;"643094100549063";"17.05.2018";12;
собаки;метис;"643094100549174";"17.05.2018";12;
собаки;метис;"643094100549142";"17.05.2018";12;
собаки;метис;"643094100549171";"17.05.2018";12;
собаки;метис;"643094100549067";"17.05.2018";12;
собаки;метис;"643094100549173";"17.05.2018";12;
собаки;метис;"643094100549159";"18.05.2018";12;
собаки;метис;"643094100549043";"22.05.2018";12;
собаки;метис;"643094100549144";"23.05.2018";12;
собаки;метис;"643094100549046";"23.05.2018";12;
собаки;метис;"643094100549281";"29.05.2018";12;
собаки;метис;"643094100549047";"31.05.2018";12;
собаки;метис;"643094100549139";"05.06.2018";12;
собаки;метис;"643094100549066";"07.06.2018";12;
собаки;метис;"643094100005035";"08.07.2018";12;
собаки;метис;"643094100549133";"08.06.2018";12;
собаки;метис;"643094100549137";"08.05.2018";12;
собаки;метис;"643094100549071";"17.06.2018";12;
собаки;метис;"643094100549076";"18.06.2018";12;
собаки;метис;"643094100549048";"19.06.2018";12;
собаки;метис;"643094100549044";"19.06.2018";12;
собаки;метис;"643094100549146";"20.06.2018";12;
собаки;метис;"643094100538922";"25.06.2018";12;
собаки;метис;"643094100549051";"25.06.2018";12;
собаки;метис;"643094100549058";"25.06.2018";12;
собаки;метис;"643110800017983";"02.07.2018";12;
собаки;метис;"643110800017942";"02.07.2018";12;
собаки;метис;"643110800017903";"02.07.2018";12;
собаки;метис;"643094100549054";"02.07.2018";12;
собаки;метис;"643094100549053";"03.07.2018";12;
собаки;метис;"643110800017941";"02.07.2018";12;
собаки;метис;"643110800017975";"02.07.2018";12;
собаки;метис;"643094100549059";"03.07.2018";12;
собаки;метис;"643110800046062";"04.07.2018";12;
собаки;метис;"643110800043349";"04.07.2018";12;
собаки;метис;"643110800033656";"04.07.2018";12;
собаки;метис;"643110800043376";"04.07.2018";12;
собаки;метис;"643094100549120";"05.07.2018";12;
собаки;метис;"643094100549113";"05.07.2018";12;
собаки;метис;"643094100549119";"05.07.2018";12;
собаки;метис;"643094100549141";"16.07.2018";12;
собаки;метис;"643094100549147";"18.07.2018";12;
собаки;метис;"643094100549175";"30.07.2018";12;
собаки;метис;"643094100549176";"30.07.2018";12;
собаки;метис;"643094100549075";"14.08.2018";12;
собаки;метис;"643093400089824";"14.08.2018";12;
собаки;метис;"643093400089821";"14.08.2018";12;
собаки;метис;"643093400089834";"14.08.2018";12;
собаки;метис;"643093400089822";"14.08.2018";12;
собаки;метис;"643093400089840";"20.08.2018";12;
собаки;метис;"643093400089838";"20.08.2018";12;
собаки;метис;"643093400089839";"20.08.2018";12;
собаки;метис;"643094100549072";"20.08.2018";12;
собаки;метис;"643093400089826";"27.08.2018";12;
собаки;метис;"643093400089827";"27.08.2018";12;
собаки;метис;"643093400089833";"29.08.2018";12;
собаки;метис;"643093400089828";"04.09.2018";12;
собаки;метис;"643093400089830";"04.09.2018";12;
собаки;метис;"643093400090018";"06.09.2018";12;
собаки;метис;"643093400090003";"11.09.2018";12;
собаки;метис;"643093400090009";"12.09.2018";12;
собаки;метис;"643093400090008";"12.09.2018";12;
собаки;метис;"643093400090007";"12.09.2018";12;
собаки;метис;"643093400090010";"13.09.2018";12;
собаки;метис;"643093400090015";"13.09.2018";12;
собаки;метис;"643093400089852";"15.09.2018";12;
собаки;метис;"643093400089851";"15.09.2018";12;
собаки;метис;"643093400089848";"15.09.2018";12;
собаки;метис;"643093400089847";"15.09.2018";12;
собаки;метис;"643093400089979";"17.09.2018";12;
собаки;метис;"643094100549092";"17.09.2018";12;
собаки;метис;"643093400089971";"19.09.2018";12;
собаки;метис;"643093400089854";"20.09.2018";12;
собаки;метис;"643093400089855";"20.09.2018";12;
собаки;метис;"643110800030156";"03.10.2018";12;
собаки;метис;"643110800030250";"03.10.2018";12;
собаки;метис;"643093400089849";"03.10.2018";12;
собаки;метис;"643093400089663";"09.10.2018";12;
собаки;метис;"643093400089679";"09.10.2018";12;
собаки;метис;"643090000069578";"09.10.2018";12;
собаки;метис;"643093400089678";"09.10.2018";12;
собаки;метис;"643093400089680";"09.10.2018";12;
собаки;метис;"643093400089676";"15.10.2018";12;
собаки;метис;"643093400089675";"15.10.2018";12;
собаки;метис;"643093400089674";"16.10.2018";12;
собаки;метис;"643099000619922";"16.10.2018";12;
собаки;метис;"643099000619935";"16.10.2018";12;
собаки;метис;"643099000619918";"16.10.2018";12;
собаки;метис;"643099000619919";"16.10.2018";12;
собаки;метис;"643099000619933";"16.10.2018";12;
собаки;метис;"643099000622292";"19.10.2018";12;
собаки;метис;"643099000622288";"19.10.2018";12;
собаки;метис;"643099000622287";"20.10.2018";12;
собаки;метис;"643099000619813";"22.10.2018";12;
собаки;метис;"643099000619812";"23.10.2018";12;
собаки;метис;"643099000620026";"24.10.2018";12;
собаки;метис;"643099000622285";"26.10.2018";12;
собаки;метис;"643094100549209";"27.10.2018";12;
собаки;метис;"643099000622286";"29.10.2018";12;
собаки;метис;"643099000622281";"31.10.2018";12;
собаки;метис;"643099000622294";"31.10.2018";12;
собаки;метис;"643099000622295";"31.10.2018";12;
собаки;метис;"643099000622279";"31.10.2018";12;
собаки;метис;"643099000620034";"01.11.2018";12;
собаки;метис;"643099000620033";"01.11.2018";12;
собаки;метис;"643099000620032";"01.11.2018";12;
собаки;метис;"643099000620030";"01.11.2018";12;
собаки;метис;"643099000620031";"01.11.2018";12;
собаки;метис;"643099000620029";"01.11.2018";12;
собаки;метис;"643099000622280";"01.11.2018";12;
собаки;метис;"643099000622278";"01.11.2018";12;
собаки;метис;"643099000620027";"13.11.2018";12;
собаки;метис;"643099000619934";"16.11.2018";12;
собаки;метис;"643099000619928";"20.11.2018";12;
собаки;метис;"643099000619916";"20.11.2018";12;
собаки;метис;"643099000619917";"20.11.2018";12;
собаки;метис;"643099000922226";"26.11.2018";12;
собаки;метис;"643094100549095";"26.11.2018";12;
собаки;метис;"643094100549098";"26.11.2018";12;
собаки;метис;"643099000622229";"26.11.2018";12;
собаки;метис;"643094100549093";"26.11.2018";12;
собаки;метис;"643094100549097";"26.11.2018";12;
собаки;метис;"643094100549091";"26.11.2018";12;
собаки;метис;"643099000619903";"28.11.2018";12;
собаки;метис;"643094100364807";"29.11.2018";12;
собаки;метис;"643094100549163";"01.12.2018";12;
собаки;метис;"643099000619805";"17.12.2018";12;
собаки;метис;"643099000619799";"17.12.2018";12;
собаки;метис;"643099000622217";"25.12.2018";12;
собаки;метис;"643095300132473";"16.01.2019";12;
собаки;метис;"643099000622223";"21.01.2019";12;
собаки;метис;"643099000620065";"21.01.2019";12;
собаки;метис;"643099000620068";"21.01.2019";12;
собаки;метис;"643099000620062";"21.01.2019";12;
собаки;метис;"643099000620064";"21.01.2019";12;
собаки;метис;"643099000620067";"21.01.2019";12;
собаки;метис;"643099000620060";"21.01.2019";12;
собаки;метис;"643099000620061";"21.01.2019";12;
собаки;метис;"643099000619897";"07.02.2019";12;
собаки;метис;"643099000619898";"07.02.2019";12;
собаки;метис;"643099000619901";"07.02.2019";12;
собаки;метис;"643099000619902";"07.02.2019";12;
собаки;метис;"643099000619900";"07.02.2019";12;
собаки;метис;"643099000622210";"18.02.2019";12;
собаки;метис;"643099000622200";"20.02.2019";12;
собаки;метис;"643099000600214";"20.02.2019";12;
собаки;метис;"643099000622199";"20.02.2019";12;
собаки;метис;"643099000622196";"26.02.2019";12;
собаки;метис;"643099000620113";"01.03.2019";12;
собаки;метис;"643099000620105";"01.03.2019";12;
собаки;метис;"643099000620096";"01.03.2019";12;
собаки;метис;"643099000620107";"01.03.2019";12;
собаки;метис;"643099000620100";"01.03.2019";12;
собаки;метис;"643099000620111";"01.03.2019";12;
собаки;метис;"643099000620115";"04.03.2019";12;
собаки;метис;"643099000620104";"04.03.2019";12;
собаки;метис;"643099000622202";"14.03.2019";12;
собаки;метис;"643099000622204";"14.03.2019";12;
собаки;метис;"643099000622197";"14.03.2019";12;
собаки;метис;"643099000622245";"21.03.2019";12;
собаки;метис;"643099000622201";"21.03.2019";12;
собаки;метис;"643099000622203";"21.03.2019";12;
собаки;метис;"643099000620106";"21.03.2019";12;
собаки;метис;"643099000622209";"21.03.2019";12;
собаки;метис;"643099000622243";"21.03.2019";12;
собаки;метис;"643099000622244";"21.03.2019";12;
собаки;метис;"643099000620098";"27.03.2019";12;
собаки;метис;"643099000620102";"27.03.2019";12;
собаки;метис;"643099000620114";"11.04.2019";12;
собаки;метис;"643094100245357";"12.04.2019";12;
собаки;метис;"643099000622250";"16.04.2019";12;
собаки;метис;"64309000359827";"17.04.2019";12;
собаки;метис;"64309000359782";"17.04.2019";12;
собаки;метис;"643099000620101";"24.04.2019";12;
собаки;метис;"64309000620109";"25.04.2019";12;
собаки;метис;"64309000620108";"25.04.2019";12;
собаки;метис;"643099000619925";"26.04.2019";12;
собаки;метис;"643099000620099";"04.05.2019";12;
собаки;метис;"643094100611500";"14.05.2019";12;
собаки;метис;"643094100549099";"01.06.2019";12;
собаки;метис;"643099000622206";"04.06.2019";12;
собаки;метис;"643094100621546";"10.06.2019";12;
собаки;метис;"643094100621547";"10.06.2019";12;
собаки;метис;"643094100611499";"13.06.2019";12;
собаки;метис;"643094100611497";"13.06.2019";12;
собаки;метис;"643094100621545";"14.06.2019";12;
собаки;метис;"643094100611495";"24.06.2019";12;
собаки;метис;"643094100621559";"04.07.2019";12;
собаки;метис;"643094100621558";"04.07.2019";12;
собаки;метис;"643094100549105";"04.07.2019";12;
собаки;метис;"643094100611494";"05.07.2019";12;
собаки;метис;"643094100611493";"05.07.2019";12;
собаки;метис;"643094100549101";"08.07.2019";12;
собаки;метис;"643094100549103";"08.07.2019";12;
собаки;метис;"643094100621455";"08.07.2019";12;
собаки;метис;"643094100621592";"15.07.2019";12;
собаки;метис;"643094100549089";"21.07.2019";12;
собаки;метис;"643094100549090";"21.07.2019";12;
собаки;метис;"643094100549082";"21.07.2019";12;
собаки;метис;"643094100611437";"31.07.2019";12;
собаки;метис;"643094100611438";"06.08.2019";12;
собаки;метис;"643094100620607";"10.08.2019";12;
собаки;метис;"643094100611432";"13.08.2019";12;
собаки;метис;"643094100620642";"19.08.2019";12;
собаки;метис;"643094100620643";"19.08.2019";12;
собаки;метис;"643094100620615";"19.08.2019";12;
собаки;метис;"643094100620640";"23.08.2019";12;
собаки;метис;"643094100620636";"23.08.2019";12;
собаки;метис;"643094100620635";"23.08.2019";12;
собаки;метис;"643094100620637";"23.08.2019";12;
собаки;метис;"643094100620634";"23.08.2019";12;
собаки;метис;"643094100620633";"23.08.2019";12;
собаки;метис;"643094100620638";"23.08.2019";12;
собаки;метис;"643094100620639";"23.08.2019";12;
собаки;метис;"643099000622232";"25.08.2019";12;
собаки;метис;"643094100620677";"28.08.2019";12;
собаки;метис;"643094100620676";"30.08.2019";12;
собаки;метис;"643094100621508";"31.08.2019";12;
собаки;метис;"643094100656660";"16.09.2019";12;
собаки;метис;"643090000359213";"18.09.2019";12;
собаки;метис;"643094100656603";"18.09.2019";12;
собаки;метис;"643094100656602";"18.09.2019";12;
собаки;метис;"643094100656604";"18.09.2019";12;
собаки;метис;"643094100656610";"18.09.2019";12;
собаки;метис;"643094100656657";"18.09.2019";12;
собаки;метис;"643094100656655";"18.09.2019";12;
собаки;метис;"643094100656659";"20.09.2019";12;
собаки;метис;"643094100656658";"23.09.2019";12;
собаки;метис;"643094100656608";"24.09.2019";12;
собаки;метис;"643094100656607";"02.10.2019";12;
собаки;метис;"643094100656605";"02.10.2019";12;
собаки;метис;"643094100656656";"03.10.2019";12;
собаки;метис;"643094100656654";"03.10.2019";12;
собаки;метис;"643094100656653";"03.10.2019";12;
собаки;метис;"643094100656652";"03.10.2019";12;
собаки;метис;"643094100656651";"03.10.2019";12;
собаки;метис;"643094100656647";"07.10.2019";12;
собаки;метис;"643094100656650";"07.10.2019";12;
собаки;метис;"643094100656649";"07.10.2019";12;
собаки;метис;"643094100656648";"07.10.2019";12;
собаки;метис;"643094100656601";"10.10.2019";12;
собаки;метис;"643094100656606";"11.10.2019";12;
собаки;метис;"643094100656609";"12.10.2019";12;
собаки;метис;"643094100656646";"17.10.2019";12;
собаки;метис;"643094100656642";"17.10.2019";12;
собаки;метис;"643094100656641";"17.10.2019";12;
собаки;метис;"643094100656645";"22.10.2019";12;
собаки;метис;"643094100656644";"22.10.2019";12;
собаки;метис;"643094100656643";"22.10.2019";12;
собаки;метис;"643094100656680";"26.10.2019";12;
собаки;метис;"643094100656673";"26.10.2019";12;
собаки;метис;"643094100656678";"26.10.2019";12;
собаки;метис;"643094100656677";"26.10.2019";12;
собаки;метис;"643094100656674";"26.10.2019";12;
собаки;метис;"643094100656672";"26.10.2019";12;
собаки;метис;"643094100656676";"26.10.2019";12;
собаки;метис;"643094100656675";"26.10.2019";12;
собаки;метис;"643094100656671";"26.10.2019";12;
собаки;метис;"643094100656731";"28.10.2019";12;
собаки;метис;"643094100656734";"28.10.2019";12;
собаки;метис;"643094100656739";"28.10.2019";12;
собаки;метис;"643094100656738";"28.10.2019";12;
собаки;метис;"643094100656737";"28.10.2019";12;
собаки;метис;"643094100656740";"28.10.2019";12;
собаки;метис;"643094100656616";"31.10.2019";12;
собаки;метис;"643094100656733";"01.11.2019";12;
собаки;метис;"643094100656679";"13.11.2019";12;
собаки;метис;"643094100656732";"20.11.2019";12;
собаки;метис;"643094100656622";"20.11.2019";12;
собаки;метис;"643094100656613";"20.11.2019";12;
собаки;метис;"643094100656621";"20.11.2019";12;
собаки;метис;"643094100656614";"20.11.2019";12;
собаки;метис;"643094100656629";"27.11.2019";12;
кошки;метис;"643090000348484";"01.01.2013";4;
кошки;метис;"643090000348496";"01.01.2013";4;
кошки;метис;"643090000348498";"01.01.2013";4;
кошки;метис;"643090000348500";;4;
кошки;метис;"643090000348502";"01.01.2014";4;
кошки;метис;"643090000348505";"01.01.2013";4;
кошки;метис;"643090000348483";"01.08.2016";4;
кошки;метис;"643090000348503";"23.05.2018";4;
кошки;метис;"643090000348506";"07.07.2018";4;
кошки;метис;"643090000348482";"01.01.2015";4;
кошки;метис;"643090000359202";"16.01.2019";4;
кошки;метис;"643090000359205";"16.01.2019";4;
кошки;метис;"643090000359203";"14.02.2019";4;
кошки;метис;"643090000398604";"20.02.2019";4;
кошки;метис;"643090000398601";"18.03.2019";4;
кошки;метис;"643090000398602";"03.04.2019";4;
кошки;метис;"643090000433533";"27.04.2019";4;
кошки;метис;"643090000433536";"27.04.2019";4;
кошки;метис;"643090000397561";"01.06.2019";4;
кошки;метис;"643090000433514";"01.06.2019";4;
кошки;метис;"643090000433534";"01.06.2019";4;
кошки;метис;"643090000433532";"01.06.2019";4;
кошки;метис;"643090000397575";"01.06.2019";4;
кошки;метис;"643090000397567";"01.06.2019";4;
кошки;метис;"643090000397563";"01.06.2019";4;
кошки;метис;"643090000433535";"01.06.2019";4;
кошки;метис;"643090000397579";"01.06.2019";4;
кошки;метис;"643090000397568";"01.06.2019";4;
кошки;метис;"643090000433524";"01.06.2019";4;
кошки;метис;"643090000433519";"01.06.2019";4;
кошки;метис;"643090000433530";"01.06.2019";4;
кошки;метис;"643090000433527";"01.06.2019";4;
кошки;метис;"643090000433516";"01.06.2019";4;
кошки;метис;"643090000433513";"01.06.2019";4;
кошки;метис;"643090000433517";"01.06.2019";4;
кошки;метис;"643090000433518";"01.06.2019";4;
кошки;метис;"643090000433520";"01.06.2019";4;
кошки;метис;"643090000433528";"01.06.2019";4;
кошки;метис;"643090000433529";"02.06.2019";4;
кошки;метис;"643090000433531";"02.06.2019";4;
собаки;метис;"643094800103077";;16;
собаки;метис;"643094800103079";;16;
собаки;метис;"643094800103078";;16;
собаки;метис;"643094800103073";;16;
собаки;метис;"643094800103058";;16;
собаки;метис;"643094800103061";;16;
собаки;метис;"643094800103057";;16;
собаки;метис;"643094800103065";;16;
собаки;метис;"643094800096579";;16;
собаки;метис;"643094800103000";;16;
собаки;метис;"643094800103056";;16;
собаки;метис;"643094800103055";;16;
собаки;метис;"643094800103052";;16;
собаки;метис;"643094800103051";;16;
собаки;метис;"643094800103191";;16;
собаки;метис;"643094800103193";;16;
собаки;метис;"643094800103192";;16;
собаки;метис;"643094800103196";;16;
собаки;метис;"643094800103059";;16;
собаки;метис;"643094800096584";;16;
собаки;метис;"643094800103053";;16;
собаки;метис;"643094800096587";;16;
собаки;метис;"643094800096588";;16;
собаки;метис;"643094800096583";;16;
собаки;метис;"643094800096585";;16;
собаки;метис;"643094800096586";;16;
собаки;метис;"643094800103199";;16;
собаки;метис;"643094800104781";;16;
собаки;метис;"643094800103200";;16;
собаки;метис;"643094800096582";;16;
собаки;метис;"643094800103198";;16;
собаки;метис;"643094800103009";;16;
собаки;метис;"643094800103010";;16;
собаки;метис;"643094800103008";;16;
собаки;метис;"643094800103006";;16;
собаки;метис;"643094800103007";;16;
собаки;метис;"643094800102884";;16;
собаки;метис;"643094800102888";;16;
собаки;метис;"643094800102890";;16;
собаки;метис;"643094800104864";;16;
собаки;метис;"643094800104785";;16;
собаки;метис;"643094800104782";;16;
собаки;метис;"643094800104786";;16;
собаки;метис;"643094800102882";;16;
собаки;метис;"643094800102885";;16;
собаки;метис;"643094800102883";;16;
собаки;метис;"643094800102889";;16;
собаки;метис;"643094800102886";;16;
собаки;метис;"943094800096520";;16;
собаки;метис;"943094800096428";;16;
собаки;метис;"943094800096422";;16;
собаки;метис;"943094800096429";;16;
собаки;метис;"643094800096420";;16;
собаки;метис;"643094800102881";;16;
собаки;метис;"643094800096436";;16;
собаки;метис;"643094800096440";;16;
собаки;метис;"643094800096439";;16;
собаки;метис;"643094800096435";;16;
собаки;метис;"643094800096438";;16;
собаки;метис;"643094800096425";;16;
собаки;метис;"643094800096424";;16;
собаки;метис;"643094800096427";;16;
собаки;метис;"643094800096430";;16;
собаки;метис;"643094800096421";;16;
собаки;метис;"643094800096423";;16;
собаки;метис;"643094800103195";;16;
собаки;метис;"643094800103197";;16;
собаки;метис;"643094800096589";;16;
собаки;метис;"643094800096590";;16;
собаки;метис;"643094800103194";;16;
собаки;метис;"648094800096581";;16;
собаки;метис;"643094800103005";;16;
собаки;метис;"643094800103004";;16;
собаки;метис;"643094800103003";;16;
собаки;метис;"643094800096575";;16;
собаки;метис;"643094800096578";;16;
собаки;метис;"643094800096580";;16;
собаки;метис;"643094800096573";;16;
собаки;метис;"643094800103064";;16;
собаки;метис;"643094800103068";;16;
собаки;метис;"643094800103062";;16;
собаки;метис;"643094800096574";;16;
собаки;метис;"643094800096576";;16;
собаки;метис;"643094800102887";;16;
собаки;метис;"643094800103054";;16;
собаки;метис;"643094800096434";;16;
собаки;метис;"643094800103014";;16;
собаки;метис;"643094800103013";;16;
собаки;метис;"643094800103015";;16;
собаки;метис;"643094800096432";;16;
собаки;метис;"643094800103017";;16;
собаки;метис;"643094800103019";;16;
собаки;метис;"643094800103080";;16;
собаки;метис;"643094800103011";;16;
собаки;метис;"643094800103016";;16;
собаки;метис;"643094800096391";;16;
собаки;метис;"643094800096393";;16;
собаки;метис;"643094800096395";;16;
собаки;метис;"643094800096392";;16;
собаки;метис;"643094800096397";;16;
собаки;метис;"643094800103212";;16;
собаки;метис;"643094800103215";;16;
собаки;метис;"643094800103219";;16;
собаки;метис;"643094800103216";;16;
собаки;метис;"643094800103214";;16;
собаки;метис;"643094800103220";;16;
собаки;метис;"643094800096396";;16;
собаки;метис;"643094800096394";;16;
собаки;метис;"643094800103135";;16;
собаки;метис;"643094800103139";;16;
собаки;метис;"643094800103140";;16;
собаки;метис;"643094800103137";;16;
собаки;метис;"643094800096399";;16;
собаки;метис;"643094800103138";;16;
собаки;метис;"643094800096231";;16;
собаки;метис;"643094800096232";;16;
собаки;метис;"643094800096239";;16;
собаки;метис;"64309410053049";;16;
собаки;метис;"643094800096238";;16;
собаки;метис;"643094800096240";;16;
собаки;метис;"643094800103152";;16;
собаки;метис;"643094800096233";;16;
собаки;метис;"643094800096236";;16;
собаки;метис;"643094800103154";;16;
собаки;метис;"643094800096237";;16;
собаки;метис;"643094800103161";;16;
собаки;метис;"643094800103157";;16;
собаки;метис;"643094800103160";;16;
собаки;метис;"643094800103159";;16;
собаки;метис;"643094800103156";;16;
собаки;метис;"643094800103158";;16;
собаки;метис;"643094800103153";;16;
собаки;метис;"643094800103155";;16;
собаки;метис;"643094800104901";;16;
собаки;метис;"643094800104906";;16;
собаки;метис;"643094800104960";;16;
собаки;метис;"643094800104957";;16;
собаки;метис;"643094800104958";;16;
собаки;метис;"643090000203778";;16;
собаки;метис;"643094800104954";;16;
собаки;метис;"643094800104955";;16;
собаки;метис;"643090000203806";;16;
собаки;метис;"643094800103132";;16;
собаки;метис;"643094800103131";;16;
собаки;метис;"643094800103133";;16;
собаки;метис;"643094800103134";;16;
собаки;метис;"643094800103136";;16;
собаки;метис;"643094800096234";;16;
собаки;метис;"643094800096235";;16;
собаки;метис;"643094800104952";;16;
собаки;метис;"643094800104902";;16;
собаки;метис;"643094800104956";;16;
собаки;метис;"643094800104904";;16;
собаки;метис;"643094800104951";;16;
собаки;метис;"643094800104953";;16;
собаки;метис;"972274000409960";;16;
собаки;метис;"643093300093138";;16;
собаки;метис;"643094800103148";;16;
собаки;метис;"643094800103149";;16;
собаки;метис;"643094800103047";;16;
собаки;метис;"643094800103036";;16;
собаки;метис;"643094800104903";;16;
собаки;метис;"643094800103035";;16;
собаки;метис;"643094800103032";;16;
собаки;метис;"643094800103033";;16;
собаки;метис;"643093300093133";;16;
собаки;метис;"643094800096312";;16;
собаки;метис;"643094800103044";;16;
собаки;метис;"643094800103034";;16;
собаки;метис;"643094800103039";;16;
собаки;метис;"643094800096320";;16;
собаки;метис;"643094800096318";;16;
собаки;метис;"643094800103038";;16;
собаки;метис;"643094800103070";;16;
собаки;метис;"643093300093141";;16;
собаки;метис;"643093300093137";;16;
собаки;метис;"643093300093147";;16;
собаки;метис;"643093300093143";;16;
собаки;метис;"643093300093136";;16;
собаки;метис;"643093300093139";;16;
собаки;метис;"643093300093128";;16;
собаки;метис;"643094800103031";;16;
собаки;метис;"643094800103037";;16;
собаки;метис;"643094800096316";;16;
собаки;метис;"643094800103045";;16;
собаки;метис;"643094800103048";;16;
собаки;метис;"643094800103211";;16;
собаки;метис;"643090000259144";;16;
собаки;метис;"643094800103143";;16;
собаки;метис;"643094800103049";;16;
собаки;метис;"643094800103042";;16;
собаки;метис;"643094800096314";;16;
собаки;метис;"643094800096313";;16;
собаки;метис;"643094800096319";;16;
собаки;метис;"643094800103218";;16;
собаки;метис;"643093300093150";;16;
собаки;метис;"643093300093130";;16;
собаки;метис;"643094800103046";;16;
собаки;метис;"643094800103213";;16;
собаки;метис;"643094800103146";;16;
собаки;метис;"643094800103141";;16;
собаки;метис;"643093300093142";;16;
собаки;метис;"643094800103145";;16;
собаки;метис;"643094800103142";;16;
собаки;метис;"643093300093149";;16;
собаки;метис;"643093300093146";;16;
собаки;метис;"643093300093148";;16;
собаки;метис;"643093300093144";;16;
собаки;метис;"643094800103217";;16;
собаки;метис;"643094800096317";;16;
собаки;метис;"643093300093043";;16;
собаки;метис;"643093300093050";;16;
собаки;метис;"643094800104915";;16;
собаки;метис;"643094800104929";;16;
собаки;метис;"643094800104765";;16;
собаки;метис;"643094800104769";;16;
собаки;метис;"643094800104916";;16;
собаки;метис;"643094800104763";;16;
собаки;метис;"643094800104766";;16;
собаки;метис;"643094800104925";;16;
собаки;метис;"643094800104912";;16;
собаки;метис;"643094800104928";;16;
собаки;метис;"643094800104921";;16;
собаки;метис;"643094800104924";;16;
собаки;метис;"643094800104923";;16;
собаки;метис;"643094800104927";;16;
собаки;метис;"643094800104922";;16;
собаки;метис;"643094800104910";;16;
собаки;метис;"643094800104930";;16;
собаки;метис;"643094800104907";;16;
собаки;метис;"643094800104908";;16;
собаки;метис;"643094800104905";;16;
собаки;метис;"643094800104909";;16;
собаки;метис;"643094800104865";;16;
собаки;метис;"643094800103067";;16;
собаки;метис;"643094800104788";;16;
собаки;метис;"643094800104768";;16;
собаки;метис;"643094800104917";;16;
собаки;метис;"643094800104767";;16;
собаки;метис;"643094800104762";;16;
собаки;метис;"643094800104764";;16;
собаки;метис;"643094800104913";;16;
собаки;метис;"643094800104856";;16;
собаки;метис;"643094800104914";;16;
собаки;метис;"643094800104852";;16;
собаки;метис;"643094800104918";;16;
собаки;метис;"643094800104911";;16;
собаки;метис;"643094800104761";;16;
собаки;метис;"643094800104919";;16;
собаки;метис;"643094800104797";;16;
собаки;метис;"643094800104798";;16;
собаки;метис;"643094800104796";;16;
собаки;метис;"643094800104793";;16;
собаки;метис;"643094800104795";;16;
собаки;метис;"643094800104874";;16;
собаки;метис;"643094800104942";;16;
собаки;метис;"643094800104791";;16;
собаки;метис;"643094800104794";;16;
собаки;метис;"643094800104792";;16;
собаки;метис;"643094800104800";;16;
собаки;метис;"643094800104876";;16;
собаки;метис;"643094800104872";;16;
собаки;метис;"643094800104873";;16;
собаки;метис;"643094800104799";;16;
собаки;метис;"643094800104880";;16;
собаки;метис;"643094800104878";;16;
собаки;метис;"643094800104877";;16;
собаки;метис;"643094800104879";;16;
собаки;метис;"643094800104875";;16;
собаки;метис;"643094800104920";;16;
собаки;метис;"643094800104947";;16;
собаки;метис;"643094800104943";;16;
собаки;метис;"643094800104948";;16;
собаки;метис;"643093300093134";;16;
собаки;метис;"643094800104941";;16;
собаки;метис;"643094800104946";;16;
собаки;метис;"643094800104949";;16;
собаки;метис;"643094800104945";;16;
собаки;метис;"643094800104854";;16;
собаки;метис;"643094800104851";;16;
собаки;метис;"643094800104853";;16;
собаки;метис;"643094800104859";;16;
собаки;метис;"643094800104855";;16;
собаки;метис;"643094800104861";;16;
собаки;метис;"643094800104863";;16;
собаки;метис;"643094800104858";;16;
собаки;метис;"643094800104860";;16;
кошки;метис;"643093300131276";;18;
кошки;метис;"643093300131634";;18;
кошки;метис;"643093300131650";;18;
кошки;метис;"643093300131294";;18;
кошки;метис;"643093300131277";;18;
кошки;метис;"643093300131299";;18;
кошки;метис;"643093300131029";;18;
кошки;метис;"643093300131031";;18;
кошки;метис;"643093300131030";;18;
кошки;метис;"643093300131027";;18;
кошки;метис;"643093300131749";;18;
кошки;метис;"643093300131648";;18;
кошки;метис;"643094100528668";;18;
кошки;метис;"643094100587776";;18;
кошки;метис;"643093300131285";;18;
кошки;метис;"643093300131028";;18;
кошки;метис;"643094100587775";;18;
кошки;метис;"643094100587778";;18;
кошки;метис;"643093300131287";;18;
кошки;метис;"643093300131645";;18;
кошки;метис;"643093300131289";;18;
кошки;метис;"643093300131279";;18;
кошки;метис;"643093300131646";;18;
кошки;метис;"643090000185863";"20.11.2011";9;
кошки;метис;"643095317832635";"13.06.2017";9;
кошки;метис;"643095317832633";"13.06.2017";9;
кошки;метис;"643095317832704";"24.07.2017";9;
кошки;метис;"643093300021430";"07.09.2017";9;
кошки;метис;"643093300021504";"09.10.2017";9;
кошки;метис;"643093300021513";"23.10.2017";9;
кошки;метис;"643090000271324";"06.12.2017";9;
кошки;метис;"643090000271325";"13.02.2018";9;
кошки;метис;"643090000268999";"19.02.2018";9;
кошки;метис;"643090000304983";"06.04.2018";9;
кошки;метис;"643090000330801";"08.05.2018";9;
кошки;метис;"643090000330800";"08.05.2018";9;
кошки;метис;"643090000330794";"08.05.2018";9;
кошки;метис;"643090000328311";"24.05.2018";9;
кошки;метис;"643090000330840";"24.05.2018";9;
кошки;метис;"643090000330838";"24.05.2018";9;
кошки;метис;"643090000327613";"14.06.2018";9;
кошки;метис;"643090000322292";"02.08.2018";9;
кошки;метис;"643090000322333";"23.08.2018";9;
кошки;метис;"643090000345094";"23.08.2018";9;
кошки;метис;"643090000345212";"23.08.2018";9;
кошки;метис;"643090000345091";"23.08.2018";9;
кошки;метис;"643090000323437";"04.10.2018";9;
кошки;метис;"643090000323412";"04.10.2018";9;
кошки;метис;"643090000323425";"04.10.2018";9;
кошки;метис;"643090000323423";"04.10.2018";9;
кошки;метис;"643090000323422";"04.10.2018";9;
кошки;метис;"643090000323413";"04.10.2018";9;
кошки;метис;"643090000323424";"04.10.2018";9;
кошки;метис;"643090000323431";"08.10.2018";9;
кошки;метис;"643090000342078";"18.10.2018";9;
кошки;метис;"643090000342089";"29.10.2018";9;
кошки;метис;"643090000328802";"23.11.2018";9;
кошки;метис;"643090000328803";"23.11.2018";9;
кошки;метис;"643090000328821";"10.12.2018";9;
кошки;метис;"643090000342228";"21.03.2019";9;
кошки;метис;"643090000342374";"08.04.2019";9;
кошки;метис;"643094100550937";"25.04.2019";9;
кошки;метис;"643090000342042";"08.05.2019";9;
кошки;метис;"643090000327654";"08.05.2019";9;
кошки;метис;"643090000327657";"08.05.2019";9;
кошки;метис;"643090000327658";"08.05.2019";9;
кошки;метис;"643090000327659";"08.05.2019";9;
кошки;метис;"643090000327681";"14.05.2019";9;
кошки;метис;"643090000327682";"14.05.2019";9;
кошки;метис;"643090000327683";"14.05.2019";9;
кошки;метис;"643090000327677";"14.05.2019";9;
кошки;метис;"643090000327676";"14.05.2019";9;
кошки;метис;"643090000327686";"14.05.2019";9;
кошки;метис;"643090000327687";"14.05.2019";9;
кошки;метис;"643090000327688";"14.05.2019";9;
кошки;метис;"643090000327673";"16.05.2019";9;
кошки;метис;"643090000327674";"16.05.2019";9;
кошки;метис;"643090000327675";"16.05.2019";9;
кошки;метис;"643090000327704";"27.05.2019";9;
кошки;метис;"643090000327700";"27.05.2019";9;
кошки;метис;"643090000327699";"27.05.2019";9;
кошки;метис;"643090000327698";"27.05.2019";9;
кошки;метис;"643090000327697";"27.05.2019";9;
кошки;метис;"643090000327696";"27.05.2019";9;
кошки;метис;"643090000322282";"03.06.2019";9;
кошки;метис;"643090000322283";"03.06.2019";9;
кошки;метис;"643090000322285";"03.06.2019";9;
кошки;метис;"643090000328832";"03.06.2019";9;
кошки;метис;"643090000328833";"03.06.2019";9;
кошки;метис;"643090000328834";"03.06.2019";9;
кошки;метис;"643090000377004";"11.06.2019";9;
кошки;метис;"643090000377002";"11.06.2019";9;
кошки;метис;"643090000377003";"11.06.2019";9;
кошки;метис;"643090000377005";"11.06.2019";9;
кошки;метис;"643090000376993";"11.06.2019";9;
кошки;метис;"643090000376994";"11.06.2019";9;
кошки;метис;"643090000376995";"11.06.2019";9;
кошки;метис;"643090000376996";"11.06.2019";9;
кошки;метис;"643090000376997";"11.06.2019";9;
кошки;метис;"643090000376998";"11.06.2019";9;
кошки;метис;"643090000377000";"11.06.2019";9;
кошки;метис;"643090000376999";"11.06.2019";9;
кошки;метис;"643090000377001";"11.06.2019";9;
кошки;метис;"643090000377012";"24.06.2019";9;
кошки;метис;"643090000377013";"24.06.2019";9;
кошки;метис;"643090000377008";"24.06.2019";9;
кошки;метис;"643090000377009";"24.06.2019";9;
кошки;метис;"643090000377010";"24.06.2019";9;
кошки;метис;"643090000377007";"24.06.2019";9;
кошки;метис;"643090000328837";"25.07.2019";9;
кошки;метис;"643090000328783";"25.07.2019";9;
кошки;метис;"643094100550774";"26.07.2019";9;
кошки;метис;"900115001342044";"05.08.2019";9;
кошки;метис;"900115001342026";"05.08.2019";9;
кошки;метис;"900115001342042";"05.08.2019";9;
кошки;метис;"900115001342002";"15.08.2019";9;
кошки;метис;"643094100548876";"27.08.2019";9;
кошки;метис;"941000001527962";"27.08.2019";9;
кошки;метис;"941000001526646";"27.08.2019";9;
кошки;метис;"643094100548879";"27.08.2019";9;
кошки;метис;"643094100548878";"27.08.2019";9;
кошки;метис;"643095317832743";"14.08.2017";9;
кошки;метис;"643094100550983";"08.10.2019";9;
кошки;метис;"900115001341613";"14.10.2019";9;
кошки;метис;"900115001341610";"14.10.2019";9;
кошки;метис;"900115001341614";"14.10.2019";9;
кошки;метис;"900115001341608";"25.10.2019";9;
кошки;метис;"900115001341701";"25.10.2019";9;
кошки;метис;"900115001341705";"25.10.2019";9;
кошки;метис;"643090000456118";"07.11.2019";9;
кошки;метис;"643090000456119";"07.11.2019";9;
кошки;метис;"900115001341696";"07.11.2019";9;
кошки;метис;"900115001341855";"07.11.2019";9;
кошки;метис;"900115001341858";"07.11.2019";9;
кошки;метис;"643093300090742";"25.11.2019";9;
кошки;метис;"900115001341645";"28.11.2019";9;
кошки;метис;"900115001341643";"28.11.2019";9;
кошки;метис;"900115001341708";"28.11.2019";9;
кошки;метис;"900115001341706";"28.11.2019";9;
собаки;метис;"643110800017893";"02.01.2018";14;m
собаки;метис;"643110800017895";"02.01.2018";14;f
собаки;метис;"643110800017890";"02.01.2018";14;m
собаки;метис;"643110800017887";"02.01.2018";14;m
собаки;метис;"643110800017878";"03.01.2018";14;m
собаки;метис;"643110800017888";"04.01.2018";14;m
собаки;метис;"643110800017889";"04.01.2018";14;m
собаки;метис;"643110800017881";"04.01.2018";14;f
собаки;метис;"643110800017882";"04.01.2018";14;m
собаки;метис;"643110800017896";"04.01.2018";14;m
собаки;метис;"643110800017897";"04.01.2018";14;m
собаки;метис;"643110800017898";"04.01.2018";14;m
собаки;метис;"643110800017892";"04.01.2018";14;m
собаки;метис;"643110800017899";"05.01.2018";14;m
собаки;метис;"643110800017891";"05.01.2018";14;m
собаки;метис;"643110800017883";"07.01.2018";14;m
собаки;метис;"643110800017871";"10.01.2018";14;m
собаки;метис;"643110800017851";"11.01.2018";14;f
собаки;метис;"643110800017853";"11.01.2018";14;f
собаки;метис;"643110800017854";"11.01.2018";14;f
собаки;метис;"643110800017855";"11.01.2018";14;m
собаки;метис;"643110800017856";"11.01.2018";14;f
собаки;метис;"643110800017857";"11.01.2018";14;m
собаки;метис;"643110800017859";"12.01.2018";14;m
собаки;метис;"643110800017860";"12.01.2018";14;m
собаки;метис;"643110800017862";"15.01.2018";14;m
собаки;метис;"643110800028891";"16.01.2018";14;m
собаки;метис;"643110800033447";"16.01.2018";14;m
собаки;метис;"643110800033426";"16.01.2018";14;m
собаки;метис;"643110800033512";"16.01.2018";14;m
собаки;метис;"643110800028895";"16.01.2018";14;f
собаки;метис;"643110800033450";"16.01.2018";14;m
собаки;метис;"643110800033446";"16.01.2018";14;m
собаки;метис;"643110800033449";"16.01.2018";14;f
собаки;метис;"643110800028889";"16.01.2018";14;f
собаки;метис;"643110800028890";"16.01.2018";14;f
собаки;метис;"643110800037847";"16.01.2018";14;m
собаки;метис;"643110800037848";"16.01.2018";14;m
собаки;метис;"643110800037850";"16.01.2018";14;f
собаки;метис;"643110800030173";"16.01.2018";14;m
собаки;метис;"643110800017911";"16.01.2018";14;m
собаки;метис;"643110800017913";"16.01.2018";14;m
собаки;метис;"643110800017915";"16.01.2018";14;m
собаки;метис;"643110800017912";"16.01.2018";14;m
собаки;метис;"643110800017929";"16.01.2018";14;f
собаки;метис;"643110800033534";"16.01.2018";14;m
собаки;метис;"643110800037840";"16.01.2018";14;f
собаки;метис;"643110800037833";"16.01.2018";14;m
собаки;метис;"643110800037831";"16.01.2018";14;f
собаки;метис;"643110800037830";"16.01.2018";14;m
собаки;метис;"643110800037838";"16.01.2018";14;f
собаки;метис;"643110800029930";"16.01.2018";14;m
собаки;метис;"643110800017907";"16.01.2018";14;m
собаки;метис;"643110800017958";"16.01.2018";14;f
собаки;метис;"643110800033561";"16.01.2018";14;m
собаки;метис;"643110800000877";"16.01.2018";14;m
собаки;метис;"643110800017951";"16.01.2018";14;f
собаки;метис;"643110800017934";"16.01.2018";14;f
собаки;метис;"643110800017959";"16.01.2018";14;f
собаки;метис;"643110700065116";"16.01.2018";14;m
собаки;метис;"643110800033596";"16.01.2018";14;m
собаки;метис;"643110800033562";"16.01.2018";14;f
собаки;метис;"643110800033597";"16.01.2018";14;f
собаки;метис;"643110800033528";"16.01.2018";14;m
собаки;метис;"643110800017849";"18.01.2018";14;m
собаки;метис;"643110800017842";"22.01.2018";14;m
собаки;метис;"643110800017847";"24.01.2018";14;f
собаки;метис;"643110800017848";"24.01.2018";14;m
собаки;метис;"643110800017824";"25.01.2018";14;m
собаки;метис;"643110800101526";"25.01.2018";14;f
собаки;метис;"643110800101527";"01.02.2018";14;m
собаки;метис;"643110800017837";"01.02.2018";14;f
собаки;метис;"643110800101528";"01.02.2018";14;f
собаки;метис;"643110800101529";"01.02.2018";14;m
собаки;метис;"643110800101530";"01.02.2018";14;f
собаки;метис;"643110800017804";"01.02.2018";14;m
собаки;метис;"643110800017805";"01.02.2018";14;m
собаки;метис;"643110800017807";"01.02.2018";14;m
собаки;метис;"643110800017809";"01.02.2018";14;f
собаки;метис;"643110800017814";"02.02.2018";14;f
собаки;метис;"643110800046106";"07.02.2018";14;f
собаки;метис;"643110800046108";"07.02.2018";14;m
собаки;метис;"643110800046109";"07.02.2018";14;f
собаки;метис;"643110800046114";"12.02.2018";14;m
собаки;метис;"643110800046118";"14.02.2018";14;m
собаки;метис;"643110800046119";"14.02.2018";14;m
собаки;метис;"643110800046120";"14.02.2018";14;m
собаки;метис;"643110800046122";"14.02.2018";14;f
собаки;метис;"643110800046127";"16.02.2018";14;m
собаки;метис;"643110800046129";"16.02.2018";14;f
собаки;метис;"643110800046053";"02.03.2019";14;m
собаки;метис;"643110800046049";"02.03.2019";14;m
собаки;метис;"643110800036009";"21.02.2019";14;m
собаки;метис;"643110800046136";"21.02.2019";14;m
собаки;метис;"643110800046138";"21.02.2019";14;f
собаки;метис;"643110800046139";"21.02.2019";14;f
собаки;метис;"643110800046140";"21.02.2019";14;f
собаки;метис;"643110800046055";"04.03.2019";14;f
собаки;метис;"643110800046144";"26.02.2018";14;f
собаки;метис;"643110800046146";"01.03.2019";14;m
собаки;метис;"643110800046155";"02.03.2019";14;f
собаки;метис;"643110800046157";"05.03.2019";14;f
собаки;метис;"643110800046158";"05.03.2019";14;f
собаки;метис;"643110800046162";"06.03.2019";14;m
собаки;метис;"643110800046163";"06.03.2019";14;f
собаки;метис;"643110800046164";"06.03.2019";14;m
собаки;метис;"643110800046168";"17.03.2019";14;f
собаки;метис;"643110800046175";"20.03.2019";14;m
собаки;метис;"643110800046176";"20.03.2019";14;m
собаки;метис;"643110800046180";"21.03.2019";14;m
собаки;метис;"643110800046183";"01.04.2018";14;m
собаки;метис;"643110800046184";"01.04.2018";14;m
собаки;метис;"643110800046186";"22.03.2019";14;f
собаки;метис;"643110800046190";"01.04.2018";14;m
собаки;метис;"643110800046191";"01.04.2018";14;m
собаки;метис;"643110800046198";"01.04.2018";14;f
собаки;метис;"643110800046199";"01.04.2018";14;f
собаки;метис;"643110800046200";"01.04.2018";14;m
собаки;метис;"643110800036012";"01.04.2018";14;m
собаки;метис;"643110800036014";"01.04.2018";14;m
собаки;метис;"643110800036022";"01.04.2018";14;m
собаки;метис;"643110800036023";"01.04.2018";14;f
собаки;метис;"643110800150741";"17.04.2018";14;m
собаки;метис;"643110800036039";"17.04.2018";14;m
собаки;метис;"643110800036040";"17.04.2018";14;m
собаки;метис;"643110800036038";"17.04.2018";14;f
собаки;метис;"643110800036036";"17.04.2018";14;f
собаки;метис;"643110800036071";"23.04.2018";14;f
собаки;метис;"643110800036072";"23.04.2018";14;m
собаки;метис;"643110800036065";"26.04.2018";14;f
собаки;метис;"643110800036075";"26.04.2018";14;m
собаки;метис;"643110800036077";"01.05.2018";14;f
собаки;метис;"643110800036084";"01.05.2018";14;f
собаки;метис;"643110800036087";"07.05.2018";14;f
собаки;метис;"643110800036092";"10.05.2018";14;m
кошки;метис;"643110800036098";"10.05.2018";14;
кошки;метис;"643110800036099";"10.05.2018";14;m
кошки;метис;"643110800036094";"14.05.2018";14;m
собаки;метис;"643110800046603";"15.05.2018";14;f
собаки;метис;"643110800046611";"17.05.2018";14;m
собаки;метис;"643110800046614";"22.05.2018";14;m
собаки;метис;"643110800046621";"22.05.2018";14;f
собаки;метис;"643110800046622";"22.05.2018";14;f
собаки;метис;"643110800046626";"23.05.2018";14;f
собаки;метис;"643110800046628";"23.05.2018";14;m
собаки;метис;"643110800046629";"23.05.2018";14;f
собаки;метис;"643110800046620";"04.06.2018";14;m
собаки;метис;"643110800046636";"05.06.2018";14;f
собаки;метис;"643110800046637";"05.06.2018";14;m
собаки;метис;"643110800046639";"06.06.2018";14;m
собаки;метис;"643110800046644";"18.06.2018";14;f
собаки;метис;"643110800046645";"18.06.2018";14;m
собаки;метис;"643110800046646";"18.06.2018";14;m
собаки;метис;"643110800046647";"18.06.2018";14;f
собаки;метис;"643110800046661";"01.07.2018";14;m
собаки;метис;"643110800046662";"01.07.2018";14;m
собаки;метис;"643110800046673";"03.07.2018";14;m
собаки;метис;"643110800046674";"03.07.2018";14;m
собаки;метис;"643110800046678";"04.07.2018";14;f
собаки;метис;"643110800043216";"11.07.2018";14;m
собаки;метис;"643110800043217";"11.07.2018";14;m
собаки;метис;"643110800043221";"12.07.2018";14;f
собаки;метис;"643110800043222";"12.07.2018";14;f
собаки;метис;"643110800043211";"12.07.2018";14;f
собаки;метис;"643110800043212";"12.07.2018";14;f
собаки;метис;"643110800043213";"12.07.2018";14;m
собаки;метис;"643110800043205";"17.07.2018";14;f
собаки;метис;"643110800043206";"18.07.2018";14;m
собаки;метис;"643110800043207";"19.07.2018";14;f
собаки;метис;"643110800043209";"19.07.2018";14;m
собаки;метис;"643110800043239";"19.07.2018";14;f
собаки;метис;"643110800043241";"01.08.2018";14;f
собаки;метис;"643110800043234";"01.08.2018";14;f
собаки;метис;"643110800043235";"01.08.2018";14;f
собаки;метис;"643110800043242";"01.08.2018";14;f
собаки;метис;"643110800043229";"01.08.2018";14;f
собаки;метис;"643110800043248";"02.08.2018";14;f
собаки;метис;"643110800043258";"06.08.2019";14;m
собаки;метис;"643110800043261";"07.08.2019";14;m
собаки;метис;"643110800043262";"07.08.2018";14;f
собаки;метис;"643110800043263";"07.08.2018";14;m
собаки;метис;"643110800043267";"07.08.2018";14;m
собаки;метис;"643110800043272";"07.08.2018";14;f
собаки;метис;"643110800043273";"07.08.2018";14;m
собаки;метис;"643110800043274";"07.08.2018";14;f
собаки;метис;"643090000150955";"10.08.2018";14;f
собаки;метис;"643110800043260";"13.08.2018";14;m
собаки;метис;"643110800043286";"15.08.2018";14;m
собаки;метис;"643110800043287";"15.08.2018";14;f
собаки;метис;"643110800043299";"17.08.2018";14;f
собаки;метис;"643110800043300";"17.08.2018";14;f
собаки;метис;"643110800046537";"17.08.2018";14;f
кошки;метис;"643110800046534";"22.08.2018";14;
кошки;метис;"643110800046535";"22.08.2018";14;m
кошки;метис;"643110800046546";"22.08.2018";14;
собаки;метис;"643110800046547";"23.08.2018";14;f
собаки;метис;"643110800046541";"30.08.2018";14;m
собаки;метис;"643110800046082";"01.09.2018";14;f
собаки;метис;"643110800046562";"11.09.2018";14;f
собаки;метис;"643110800046563";"11.09.2018";14;f
собаки;метис;"643110800046564";"11.09.2018";14;f
собаки;метис;"643110800046098";"14.09.2018";14;f
собаки;метис;"643110800046100";"17.09.2018";14;f
собаки;метис;"643110800046650";"18.09.2018";14;m
собаки;метис;"643110800046061";"18.09.2018";14;m
собаки;метис;"643110800046087";"21.09.2018";14;f
собаки;метис;"643110800046086";"21.09.2018";14;m
собаки;метис;"643110800046578";"22.10.2018";14;f
собаки;метис;"643110800043210";"01.11.2018";14;f
собаки;метис;"643110800046583";"01.11.2018";14;f
собаки;метис;"643110800094807";"01.11.2018";14;f
собаки;метис;"643110800094808";"01.11.2018";14;f
собаки;метис;"643110800094809";"01.11.2018";14;f
собаки;метис;"643110800094810";"01.11.2018";14;m
собаки;метис;"643110800094811";"01.11.2018";14;m
собаки;метис;"643110800094812";"01.11.2018";14;m
собаки;метис;"643110800094828";"07.11.2018";14;f
собаки;метис;"643110800094836";"09.11.2018";14;f
кошки;метис;"643110800094842";"09.11.2018";14;m
кошки;метис;"643110800094846";"09.11.2018";14;
собаки;метис;"643110800094848";"10.11.2018";14;m
собаки;метис;"643110800094855";"19.11.2018";14;m
собаки;метис;"643110800094868";"28.11.2018";14;f
собаки;метис;"643110800094865";"29.11.2018";14;m
собаки;метис;"643110800094867";"29.11.2018";14;m
собаки;метис;"643110800094875";"01.12.2018";14;f
собаки;метис;"643110800094869";"01.12.2018";14;m
собаки;метис;"643110800094872";"01.12.2018";14;m
собаки;метис;"643110800094873";"01.12.2018";14;f
собаки;метис;"643110800150742";"01.12.2018";14;m
собаки;метис;"643110800094879";"10.12.2018";14;f
собаки;метис;"643110800094897";"11.12.2018";14;m
собаки;метис;"643110800094899";"11.12.2018";14;m
собаки;метис;"643110800094893";"11.12.2018";14;f
собаки;метис;"643110800101507";"09.01.2019";14;m
собаки;метис;"643110800101511";"10.01.2019";14;m
собаки;метис;"643110800101516";"11.01.2019";14;m
собаки;метис;"643110800101517";"14.01.2019";14;m
собаки;метис;"643110800101520";"16.01.2019";14;f
собаки;метис;"643110800101523";"22.01.2019";14;m
собаки;метис;"643110800101548";"30.01.2019";14;f
собаки;метис;"643110800101541";"01.02.2019";14;m
собаки;метис;"643110800101545";"01.02.2019";14;f
собаки;метис;"643110800101543";"01.02.2019";14;m
собаки;метис;"643110800101537";"01.02.2019";14;m
собаки;метис;"643110800101539";"01.02.2019";14;m
собаки;метис;"643110800101540";"02.02.2019";14;f
собаки;метис;"643110800150743";"07.02.2019";14;f
собаки;метис;"643110800101554";"08.02.2019";14;f
собаки;метис;"643110800150744";"08.02.2019";14;f
собаки;метис;"643110800101564";"11.02.2019";14;m
собаки;метис;"643110800101565";"11.02.2019";14;m
собаки;метис;"643110800101566";"13.02.2019";14;f
собаки;метис;"643110800101567";"13.02.2019";14;m
собаки;метис;"643110800101568";"13.02.2019";14;m
собаки;метис;"643110800101569";"13.02.2019";14;m
собаки;метис;"643110800101570";"13.02.2019";14;f
собаки;метис;"643110800101571";"13.02.2019";14;m
собаки;метис;"643110800101573";"13.02.2019";14;f
собаки;метис;"643110800101576";"13.02.2019";14;m
собаки;метис;"643110800101585";"18.02.2019";14;f
собаки;метис;"643110800101580";"18.02.2019";14;f
собаки;метис;"643110800101578";"20.02.2019";14;m
собаки;метис;"900164000427225";"20.02.2019";14;f
собаки;метис;"643110800101577";"20.02.2019";14;m
собаки;метис;"643110800101579";"25.02.2019";14;m
собаки;метис;"643110800101586";"25.02.2019";14;f
собаки;метис;"643110800101587";"25.02.2019";14;f
собаки;метис;"643110800101588";"25.02.2019";14;f
собаки;метис;"643110800101589";"25.02.2019";14;m
собаки;метис;"643110800101594";"01.03.2019";14;f
собаки;метис;"643110800101590";"01.03.2019";14;m
собаки;метис;"643110800101591";"01.03.2019";14;f
собаки;метис;"643110800101592";"01.03.2019";14;m
собаки;метис;"643110800101593";"01.03.2019";14;f
собаки;метис;"643110800101595";"01.03.2019";14;f
собаки;метис;"643110800101596";"01.03.2019";14;f
собаки;метис;"643110800101597";"01.03.2019";14;m
собаки;метис;"643110800110103";"04.03.2019";14;f
собаки;метис;"643090000347779";"04.03.2019";14;f
собаки;метис;"643090000347780";"04.03.2019";14;m
собаки;метис;"643110800110108";"06.03.2019";14;m
собаки;метис;"643110800110109";"07.03.2019";14;f
собаки;метис;"643110800110111";"07.03.2019";14;f
собаки;метис;"643110800110112";"07.03.2019";14;f
собаки;метис;"643110800110113";"07.03.2019";14;m
собаки;метис;"643110800110115";"07.03.2019";14;m
собаки;метис;"643110800110116";"07.03.2019";14;m
собаки;метис;"643110800017943";"13.03.2019";14;
собаки;метис;"643110800000802";"13.03.2019";14;
собаки;метис;"643110800017984";"13.03.2019";14;
собаки;метис;"643110800110199";"13.03.2019";14;m
собаки;метис;"643110800110200";"13.03.2019";14;m
собаки;метис;"643110800110126";"13.03.2019";14;f
собаки;метис;"643110800110119";"15.03.2019";14;f
собаки;метис;"643110800110120";"16.03.2019";14;f
собаки;метис;"643110800110121";"16.03.2019";14;f
собаки;метис;"643110800110123";"19.03.2019";14;f
собаки;метис;"643110800110124";"19.03.2019";14;f
собаки;метис;"643110800110125";"20.03.2019";14;m
собаки;метис;"643110800110131";"20.03.2019";14;f
собаки;метис;"643110800110132";"20.03.2019";14;f
собаки;метис;"643110800110133";"21.03.2019";14;m
собаки;метис;"643110800110137";"21.03.2019";14;f
собаки;метис;"643110800110138";"21.03.2019";14;f
собаки;метис;"643110800110134";"21.03.2019";14;m
собаки;метис;"643110800110135";"21.03.2019";14;m
собаки;метис;"643110800110136";"21.03.2019";14;f
собаки;метис;"643110800110141";"22.03.2019";14;f
собаки;метис;"643110800110146";"22.03.2019";14;f
собаки;метис;"643110800110149";"22.03.2019";14;m
собаки;метис;"643110800110140";"22.03.2019";14;m
собаки;метис;"643110800110150";"23.03.2019";14;f
собаки;метис;"643110800110152";"23.03.2019";14;m
собаки;метис;"643110800110153";"23.03.2019";14;f
собаки;метис;"643110800110154";"23.03.2019";14;f
собаки;метис;"643110800110156";"25.03.2019";14;m
собаки;метис;"643110800110157";"25.03.2019";14;f
собаки;метис;"643110800110158";"25.03.2019";14;m
собаки;метис;"643110800110159";"25.03.2019";14;m
собаки;метис;"643110800110160";"25.03.2019";14;m
собаки;метис;"643110800110161";"25.03.2019";14;f
собаки;метис;"643110800110166";"25.03.2019";14;f
собаки;метис;"643110800110172";"25.03.2019";14;m
собаки;метис;"643110800110173";"25.03.2019";14;f
собаки;метис;"643110800110174";"25.03.2019";14;f
собаки;метис;"643110800110175";"25.03.2019";14;m
собаки;метис;"643110800110176";"25.03.2019";14;m
собаки;метис;"643110800110177";"25.03.2019";14;f
собаки;метис;"643110800110179";"25.03.2019";14;m
собаки;метис;"643110800110181";"26.03.2019";14;m
собаки;метис;"643110800110182";"26.03.2019";14;f
собаки;метис;"643110800110184";"26.03.2019";14;m
собаки;метис;"643110800110193";"02.04.2019";14;f
собаки;метис;"643110800110196";"03.04.2019";14;m
собаки;метис;"643110800110197";"03.04.2019";14;m
собаки;метис;"643110800110003";"09.04.2019";14;f
собаки;метис;"643110800110004";"09.04.2019";14;f
собаки;метис;"643110800110005";"10.04.2019";14;f
собаки;метис;"643110800110006";"10.04.2019";14;f
собаки;метис;"643110800110007";"10.04.2019";14;m
собаки;метис;"643110800110008";"10.04.2019";14;f
собаки;метис;"643110800110014";"11.04.2019";14;f
собаки;метис;"643110800110013";"11.04.2019";14;m
собаки;метис;"643110800110022";"12.04.2019";14;f
собаки;метис;"643110800110026";"15.04.2019";14;m
собаки;метис;"643110800110027";"15.04.2019";14;m
собаки;метис;"643110800110031";"17.04.2019";14;f
собаки;метис;"643110800110032";"17.04.2019";14;f
собаки;метис;"643110800110033";"17.04.2019";14;f
собаки;метис;"643110800046102";"17.04.2019";14;f
собаки;метис;"643110800110034";"19.04.2019";14;f
собаки;метис;"643110800110045";"19.04.2019";14;f
собаки;метис;"643110800110047";"22.04.2019";14;m
собаки;метис;"643110800110048";"23.04.2019";14;f
собаки;метис;"643110800110062";"29.04.2019";14;m
собаки;метис;"643110800110067";"06.05.2019";14;f
собаки;метис;"643110800110068";"06.05.2019";14;f
собаки;метис;"643110800110070";"07.05.2019";14;f
собаки;метис;"643110800150745";"07.05.2019";14;m
собаки;метис;"643110800110073";"07.05.2019";14;m
собаки;метис;"643110800150746";"07.05.2019";14;m
собаки;метис;"643110800110075";"08.05.2019";14;f
собаки;метис;"643110800110082";"13.05.2019";14;m
собаки;метис;"643110800110083";"13.05.2019";14;f
собаки;метис;"643110800110085";"14.05.2019";14;f
собаки;метис;"643110800110086";"14.05.2019";14;f
собаки;метис;"643110800110088";"15.05.2019";14;f
собаки;метис;"643110800155501";"21.05.2019";14;f
собаки;метис;"643110800155513";"23.05.2019";14;m
собаки;метис;"643110800155514";"23.05.2019";14;m
собаки;метис;"643110800155517";"03.06.2019";14;m
собаки;метис;"643110800150747";"04.06.2019";14;f
собаки;метис;"643110800155518";"04.06.2019";14;m
собаки;метис;"643110800150748";"04.06.2019";14;f
кошки;метис;"643110800155528";"06.06.2019";14;m
собаки;метис;"643110800110186";"07.06.2019";14;f
собаки;метис;"643110800155532";"10.06.2019";14;f
собаки;метис;"643110800155533";"10.06.2019";14;f
собаки;метис;"643110800155534";"10.06.2019";14;f
собаки;метис;"643110800155535";"10.06.2019";14;f
собаки;метис;"643110800150749";"10.06.2019";14;f
кошки;метис;"643110800155537";"12.06.2019";14;
кошки;метис;"643110800155538";"12.06.2019";14;
кошки;метис;"643110800155539";"18.06.2019";14;
кошки;метис;"643110800155541";"18.06.2019";14;m
собаки;метис;"643110800155543";"21.06.2019";14;m
собаки;метис;"643110800155544";"21.06.2019";14;m
собаки;метис;"643110800155547";"23.06.2019";14;m
собаки;метис;"643110800155548";"23.06.2019";14;f
собаки;метис;"643110800155553";"25.06.2019";14;m
собаки;метис;"643110800155542";"01.07.2019";14;m
собаки;метис;"643110800155555";"01.07.2019";14;m
собаки;метис;"643110800155557";"01.07.2019";14;m
собаки;метис;"643110800155558";"01.07.2019";14;m
собаки;метис;"643110800155562";"01.07.2019";14;m
собаки;метис;"643110800155572";"03.07.2019";14;m
собаки;метис;"643110800155573";"03.07.2019";14;m
собаки;метис;"643110800155576";"03.07.2019";14;f
собаки;метис;"643110800155577";"03.07.2019";14;f
собаки;метис;"643110800155578";"03.07.2019";14;f
собаки;метис;"643110800155579";"03.07.2019";14;f
собаки;метис;"643110800155580";"08.07.2019";14;m
собаки;метис;"643110800155592";"12.07.2019";14;m
собаки;метис;"643110800155593";"12.07.2019";14;f
собаки;метис;"643110800155594";"12.07.2019";14;m
собаки;метис;"643110800155595";"12.07.2019";14;m
собаки;метис;"643110800155587";"15.07.2019";14;f
собаки;метис;"643110800155598";"19.07.2019";14;m
собаки;метис;"643110800155597";"19.07.2019";14;m
собаки;метис;"643110800155588";"23.07.2019";14;m
собаки;метис;"643110800155583";"25.07.2019";14;m
собаки;метис;"643110800155581";"01.08.2019";14;f
собаки;метис;"643110800155582";"01.08.2019";14;f
собаки;метис;"643110800155585";"01.08.2019";14;f
собаки;метис;"643110800155586";"01.08.2019";14;f
собаки;метис;"643110800155554";"01.08.2019";14;m
собаки;метис;"643110800154906";"01.08.2019";14;m
собаки;метис;"643110800154907";"01.08.2019";14;f
собаки;метис;"643110800154902";"01.08.2019";14;m
собаки;метис;"643110800154903";"01.08.2019";14;m
собаки;метис;"643110800154904";"01.08.2019";14;m
собаки;метис;"643110800154905";"01.08.2019";14;m
собаки;метис;"643110800154911";"01.08.2019";14;f
собаки;метис;"643110800154912";"01.08.2019";14;f
собаки;метис;"643110800154901";"02.08.2019";14;f
собаки;метис;"643110800017967";"03.08.2019";14;f
собаки;метис;"643110800017968";"03.08.2019";14;f
собаки;метис;"643110800028856";"03.08.2019";14;f
собаки;метис;"643110800028857";"03.08.2019";14;m
собаки;метис;"643110800028876";"03.08.2019";14;f
собаки;метис;"643110700065184";"03.08.2019";14;f
собаки;метис;"643110800000870";"03.08.2019";14;f
собаки;метис;"643110700065109";"03.08.2019";14;f
собаки;метис;"643110700065111";"03.08.2019";14;f
собаки;метис;"643110700065162";"03.08.2019";14;f
собаки;метис;"643110700065171";"03.08.2019";14;f
собаки;метис;"643110700065108";"03.08.2019";14;m
собаки;метис;"643110700065173";"03.08.2019";14;m
собаки;метис;"643110700065181";"03.08.2019";14;f
собаки;метис;"643110800000867";"03.08.2019";14;m
собаки;метис;"643110800000868";"03.08.2019";14;m
собаки;метис;"643110800000873";"03.08.2019";14;m
собаки;метис;"643110700065117";"03.08.2019";14;m
собаки;метис;"643110800154990";"03.08.2019";14;f
собаки;метис;"643110800046002";"03.08.2019";14;f
собаки;метис;"643110800046003";"03.08.2019";14;m
собаки;метис;"643110800046005";"03.08.2019";14;f
собаки;метис;"643110800017961";"03.08.2019";14;f
собаки;метис;"643110800037856";"03.08.2019";14;m
собаки;метис;"643110800037857";"03.08.2019";14;f
собаки;метис;"643110800043307";"03.08.2019";14;f
собаки;метис;"643110800043308";"03.08.2019";14;m
собаки;метис;"643110800017927";"03.08.2019";14;m
собаки;метис;"643110700065189";"03.08.2019";14;f
собаки;метис;"643110800030295";"03.08.2019";14;f
собаки;метис;"643110800028867";"03.08.2019";14;m
собаки;метис;"643110800028882";"03.08.2019";14;f
собаки;метис;"643110800030143";"03.08.2019";14;f
собаки;метис;"643110800030257";"03.08.2019";14;f
собаки;метис;"643110800028860";"03.08.2019";14;f
собаки;метис;"643110800037888";"03.08.2019";14;f
собаки;метис;"643110800017902";"03.08.2019";14;m
собаки;метис;"643110800028883";"03.08.2019";14;f
собаки;метис;"643110800028858";"03.08.2019";14;m
собаки;метис;"643110800030259";"03.08.2019";14;m
собаки;метис;"643110800033607";"03.08.2019";14;m
собаки;метис;"643110800030211";"03.08.2019";14;m
собаки;метис;"643110800028861";"03.08.2019";14;m
собаки;метис;"643110800033401";"03.08.2019";14;m
собаки;метис;"643110800030159";"03.08.2019";14;f
собаки;метис;"643110800030203";"03.08.2019";14;f
собаки;метис;"643110800033587";"03.08.2019";14;f
собаки;метис;"643110800033589";"03.08.2019";14;f
собаки;метис;"643110800033588";"03.08.2019";14;m
собаки;метис;"643110800037865";"03.08.2019";14;f
собаки;метис;"643110800000812";"03.08.2019";14;m
собаки;метис;"643110800030202";"03.08.2019";14;f
собаки;метис;"643110800033694";"03.08.2019";14;m
собаки;метис;"643110800017905";"03.08.2019";14;f
собаки;метис;"643110800017976";"03.08.2019";14;m
собаки;метис;"643110800017977";"03.08.2019";14;m
собаки;метис;"643110800033469";"03.08.2019";14;f
собаки;метис;"643110800033433";"03.08.2019";14;f
собаки;метис;"643110800017904";"03.08.2019";14;f
собаки;метис;"643110800017973";"03.08.2019";14;m
собаки;метис;"643110800017979";"03.08.2019";14;m
собаки;метис;"643110800030293";"03.08.2019";14;f
собаки;метис;"643110800017978";"03.08.2019";14;m
собаки;метис;"643110800030294";"03.08.2019";14;f
собаки;метис;"643110800065044";"03.08.2019";14;m
собаки;метис;"643110800065081";"03.08.2019";14;m
собаки;метис;"643110800043315";"03.08.2019";14;f
собаки;метис;"643110800046001";"03.08.2019";14;m
собаки;метис;"643110800046007";"03.08.2019";14;f
собаки;метис;"643110800028879";"03.08.2019";14;f
собаки;метис;"643110800046105";"03.08.2019";14;f
собаки;метис;"643110800000896";"03.08.2019";14;m
собаки;метис;"643110700065105";"03.08.2019";14;m
собаки;метис;"643110800037852";"03.08.2019";14;m
собаки;метис;"643110800037853";"03.08.2019";14;f
собаки;метис;"643110800028831";"03.08.2019";14;f
собаки;метис;"643110800028833";"03.08.2019";14;m
собаки;метис;"643110800028835";"03.08.2019";14;f
собаки;метис;"643110800030192";"03.08.2019";14;m
собаки;метис;"643110800033699";"03.08.2019";14;m
собаки;метис;"643110800063344";"03.08.2019";14;f
собаки;метис;"643110800037866";"03.08.2019";14;f
собаки;метис;"643110800033539";"03.08.2019";14;m
собаки;метис;"643110700065134";"03.08.2019";14;f
собаки;метис;"643110800030145";"03.08.2019";14;f
собаки;метис;"643110800037855";"03.08.2019";14;m
собаки;метис;"643110800028873";"03.08.2019";14;f
собаки;метис;"643110800028877";"03.08.2019";14;f
собаки;метис;"643110800033435";"03.08.2019";14;f
собаки;метис;"643110800154917";"05.08.2019";14;m
собаки;метис;"643110800154908";"07.08.2019";14;m
собаки;метис;"643110800154909";"07.08.2019";14;f
собаки;метис;"643110800154924";"19.08.2019";14;m
собаки;метис;"643110800154925";"19.08.2019";14;f
собаки;метис;"643110800150750";"21.08.2019";14;f
собаки;метис;"643110800154929";"01.09.2019";14;m
собаки;метис;"643110800154931";"01.09.2019";14;m
собаки;метис;"643110800154932";"01.09.2019";14;f
собаки;метис;"643110800154930";"02.09.2019";14;m
собаки;метис;"643110800154936";"02.09.2019";14;f
собаки;метис;"643110800154935";"06.09.2019";14;f
собаки;метис;"643110800154939";"09.09.2019";14;f
собаки;метис;"643110800154940";"09.09.2019";14;f
кошки;метис;"643110800154941";"10.09.2019";14;
собаки;метис;"643110800046683";"12.09.2019";14;f
собаки;метис;"643110800017813";"12.09.2019";14;m
собаки;метис;"643110800154942";"13.09.2019";14;m
собаки;метис;"643110800154944";"13.09.2019";14;m
собаки;метис;"643110800154945";"13.09.2019";14;m
собаки;метис;"643110800154943";"13.09.2019";14;m
собаки;метис;"643110800017952";"13.09.2019";14;f
собаки;метис;"643110800017955";"13.09.2019";14;f
собаки;метис;"643110800154948";"16.09.2019";14;m
собаки;метис;"643110800154949";"16.09.2019";14;f
кошки;метис;"643110800154952";"19.09.2019";14;
собаки;метис;"110800000000874";"19.09.2019";14;f
собаки;метис;"643110000046671";"19.09.2019";14;f
собаки;метис;"643110700065133";"19.09.2019";14;f
собаки;метис;"643110800000179";"19.09.2019";14;m
собаки;метис;"643110800000805";"19.09.2019";14;f
собаки;метис;"643110800000813";"19.09.2019";14;m
собаки;метис;"643110800000861";"19.09.2019";14;m
собаки;метис;"643110800000869";"19.09.2019";14;f
собаки;метис;"643110800000875";"19.09.2019";14;f
собаки;метис;"643110800015020";"19.09.2019";14;f
собаки;метис;"643110800017930";"19.09.2019";14;m
собаки;метис;"643110800017964";"19.09.2019";14;m
собаки;метис;"643110800017985";"19.09.2019";14;f
собаки;метис;"643110800028836";"19.09.2019";14;f
собаки;метис;"643110800028845";"19.09.2019";14;f
собаки;метис;"643110800028862";"19.09.2019";14;f
собаки;метис;"643110800029972";"19.09.2019";14;m
собаки;метис;"643110800029988";"19.09.2019";14;m
собаки;метис;"643110800030102";"19.09.2019";14;m
собаки;метис;"643110800030113";"19.09.2019";14;m
собаки;метис;"643110800030114";"19.09.2019";14;m
собаки;метис;"643110800030158";"19.09.2019";14;m
собаки;метис;"643110800030188";"19.09.2019";14;m
собаки;метис;"643110800030214";"19.09.2019";14;m
собаки;метис;"643110800030222";"19.09.2019";14;f
собаки;метис;"643110800030223";"19.09.2019";14;f
собаки;метис;"643110800030228";"19.09.2019";14;m
собаки;метис;"643110800030233";"19.09.2019";14;m
собаки;метис;"643110800030239";"19.09.2019";14;f
собаки;метис;"643110800030290";"19.09.2019";14;f
собаки;метис;"643110800033432";"19.09.2019";14;m
собаки;метис;"643110800033462";"19.09.2019";14;f
собаки;метис;"643110800033468";"19.09.2019";14;m
собаки;метис;"643110800033486";"19.09.2019";14;f
собаки;метис;"643110800033554";"19.09.2019";14;m
собаки;метис;"643110800033563";"19.09.2019";14;m
собаки;метис;"643110800033565";"19.09.2019";14;m
собаки;метис;"643110800033567";"19.09.2019";14;m
собаки;метис;"643110800033572";"19.09.2019";14;m
собаки;метис;"643110800033583";"19.09.2019";14;f
собаки;метис;"643110800033609";"19.09.2019";14;f
собаки;метис;"643110800033682";"19.09.2019";14;m
собаки;метис;"643110800037827";"19.09.2019";14;f
собаки;метис;"643110800037837";"19.09.2019";14;m
собаки;метис;"643110800037854";"19.09.2019";14;f
собаки;метис;"643110800037859";"19.09.2019";14;f
собаки;метис;"643110800037864";"19.09.2019";14;m
собаки;метис;"643110800037868";"19.09.2019";14;f
собаки;метис;"643110800037869";"19.09.2019";14;m
собаки;метис;"643110800037871";"19.09.2019";14;f
собаки;метис;"643110800037878";"19.09.2019";14;f
собаки;метис;"643110800043306";"19.09.2019";14;f
собаки;метис;"643110800043309";"19.09.2019";14;f
собаки;метис;"643110800043316";"19.09.2019";14;f
собаки;метис;"643110800043318";"19.09.2019";14;m
собаки;метис;"643110800043346";"19.09.2019";14;m
собаки;метис;"643110800043365";"19.09.2019";14;f
собаки;метис;"643110800043366";"19.09.2019";14;f
собаки;метис;"643110800043373";"19.09.2019";14;m
собаки;метис;"643110800046008";"19.09.2019";14;f
собаки;метис;"643110800046011";"19.09.2019";14;m
собаки;метис;"643110800046013";"19.09.2019";14;f
собаки;метис;"643110800046014";"19.09.2019";14;m
собаки;метис;"643110800046019";"19.09.2019";14;m
собаки;метис;"643110800046023";"19.09.2019";14;m
собаки;метис;"643110800046024";"19.09.2019";14;f
собаки;метис;"643110800046027";"19.09.2019";14;m
собаки;метис;"643110800046028";"19.09.2019";14;f
собаки;метис;"643110800046032";"19.09.2019";14;m
собаки;метис;"643110800046034";"19.09.2019";14;m
собаки;метис;"643110800046037";"19.09.2019";14;m
собаки;метис;"643110800046039";"19.09.2019";14;f
собаки;метис;"643110800046041";"19.09.2019";14;m
собаки;метис;"643110800046042";"19.09.2019";14;m
собаки;метис;"643110800046058";"19.09.2019";14;f
собаки;метис;"643110800046507";"19.09.2019";14;m
собаки;метис;"643110800046509";"19.09.2019";14;m
собаки;метис;"643110800046512";"19.09.2019";14;m
собаки;метис;"643110800046513";"19.09.2019";14;f
собаки;метис;"643110800046516";"19.09.2019";14;m
собаки;метис;"643110700065106";"19.09.2019";14;m
собаки;метис;"643110700065112";"19.09.2019";14;m
собаки;метис;"643110700065119";"19.09.2019";14;f
собаки;метис;"643110700065121";"19.09.2019";14;f
собаки;метис;"643110700065124";"19.09.2019";14;m
собаки;метис;"643110700065125";"19.09.2019";14;m
собаки;метис;"643110700065129";"19.09.2019";14;m
собаки;метис;"643110700065168";"19.09.2019";14;f
собаки;метис;"643110700065170";"19.09.2019";14;f
собаки;метис;"643110700065195";"19.09.2019";14;f
собаки;метис;"643110800117810";"19.09.2019";14;f
собаки;метис;"643110810050000";"19.09.2019";14;m
собаки;метис;"643110810050214";"19.09.2019";14;m
собаки;метис;"643110800043226";"19.09.2019";14;f
собаки;метис;"643110800043247";"19.09.2019";14;f
собаки;метис;"643110800154968";"20.09.2019";14;f
собаки;метис;"643110800154974";"20.09.2019";14;f
кошки;метис;"643110800154966";"20.09.2019";14;
кошки;метис;"643110800154967";"20.09.2019";14;
собаки;метис;"643110800154976";"23.09.2019";14;m
собаки;метис;"643110800155589";"26.09.2019";14;m
собаки;метис;"643110800155590";"26.09.2019";14;f
собаки;метис;"643110800154986";"01.10.2019";14;m
собаки;метис;"643110800154987";"01.10.2019";14;f
собаки;метис;"643110800154997";"01.10.2019";14;m
собаки;метис;"643110800154998";"01.10.2019";14;m
собаки;метис;"643110800154999";"01.10.2019";14;f
кошки;метис;"643110800154972";"10.10.2019";14;
собаки;метис;"643110800154993";"10.10.2019";14;m
кошки;метис;"643110800154994";"15.10.2019";14;
собаки;метис;"643110800150601";"16.10.2019";14;f
собаки;метис;"643110800150751";"16.10.2019";14;f
собаки;метис;"643110800150604";"16.10.2019";14;f
собаки;метис;"643110800150605";"16.10.2019";14;m
собаки;метис;"643110800150607";"16.10.2019";14;m
собаки;метис;"643110800150608";"16.10.2019";14;m
собаки;метис;"643110800150609";"16.10.2019";14;m
собаки;метис;"643110800150752";"16.10.2019";14;m
собаки;метис;"643110800150753";"16.10.2019";14;m
собаки;метис;"643110800150754";"16.10.2019";14;f
собаки;метис;"643110800150614";"16.10.2019";14;f
собаки;метис;"643110800150615";"16.10.2019";14;m
собаки;метис;"900015637906894";"17.10.2019";14;m
собаки;метис;"643110800150617";"17.10.2019";14;m
собаки;метис;"643110800150622";"18.10.2019";14;f
собаки;метис;"643110800150623";"18.10.2019";14;f
собаки;метис;"643110800150620";"21.10.2019";14;f
собаки;метис;"643110800150645";"24.10.2019";14;f
собаки;метис;"643110800150649";"24.10.2019";14;f
собаки;метис;"643110800150650";"24.10.2019";14;m
собаки;метис;"643110800150651";"25.10.2019";14;m
собаки;метис;"643110800150652";"25.10.2019";14;f
собаки;метис;"643110800150654";"25.10.2019";14;f
собаки;метис;"643110800150657";"25.10.2019";14;m
собаки;метис;"643110800150658";"25.10.2019";14;f
собаки;метис;"643110800150659";"25.10.2019";14;m
собаки;метис;"643110800150661";"30.10.2019";14;m
собаки;метис;"643110800150662";"30.10.2019";14;f
собаки;метис;"643110800150666";"01.11.2019";14;f
собаки;метис;"643110800150667";"01.11.2019";14;f
собаки;метис;"643110800110035";"01.11.2019";14;f
собаки;метис;"643110800150664";"06.11.2019";14;m
собаки;метис;"643110800150665";"06.11.2019";14;m
кошки;метис;"643110800150671";"07.11.2019";14;m
кошки;метис;"643110800150672";"07.11.2019";14;m
кошки;метис;"643110800150673";"07.11.2019";14;m
кошки;метис;"643110800150674";"07.11.2019";14;m
кошки;метис;"643110800150675";"07.11.2019";14;m
кошки;метис;"643110800150676";"07.11.2019";14;
кошки;метис;"643110800150677";"07.11.2019";14;
собаки;метис;"643110800150678";"08.11.2019";14;m
собаки;метис;"643110800150679";"08.11.2019";14;m
собаки;метис;"643110800150686";"15.11.2019";14;m
собаки;метис;"643110800150687";"15.11.2019";14;f
собаки;метис;"643110800150688";"15.11.2019";14;f
собаки;метис;"643110800150689";"15.11.2019";14;f
собаки;метис;"643110800150691";"18.11.2019";14;f
собаки;метис;"643110800150692";"18.11.2019";14;f
собаки;метис;"643110800150693";"18.11.2019";14;f
собаки;метис;"643110800150694";"18.11.2019";14;f
собаки;метис;"643110800150695";"18.11.2019";14;m
собаки;метис;"643110800150696";"18.11.2019";14;m
собаки;метис;"643110800150629";"18.11.2019";14;m
собаки;метис;"643110800150690";"25.11.2019";14;f
собаки;метис;"643110800150699";"25.11.2019";14;f
собаки;метис;"643110800150706";"26.11.2019";14;f
собаки;метис;"643110800150707";"26.11.2019";14;f
собаки;метис;"643110800150708";"26.11.2019";14;m
собаки;метис;"643110800150709";"26.11.2019";14;m
собаки;метис;"643110800150681";"30.11.2019";14;m
собаки;метис;"643110800150682";"30.11.2019";14;m
собаки;метис;"643110800150683";"30.11.2019";14;f
собаки;метис;"643110800150684";"30.11.2019";14;m
собаки;метис;"643110800150685";"30.11.2019";14;f
собаки;метис;"643110800150670";"01.12.2019";14;f
собаки;метис;"643110800150697";"05.12.2019";14;f
кошки;метис;"643110800150711";"05.12.2019";14;
собаки;метис;"643110800150715";"05.12.2019";14;m
собаки;метис;"643110800150716";"09.12.2019";14;m
собаки;метис;"643110800150717";"09.12.2019";14;m
собаки;метис;"643110800150718";"09.12.2019";14;m
собаки;метис;"643110800150719";"09.12.2019";14;m
собаки;метис;"643110800150720";"09.12.2019";14;f
собаки;метис;"643110800150721";"09.12.2019";14;m
собаки;метис;"643110800150722";"09.12.2019";14;m
собаки;метис;"643110800150723";"09.12.2019";14;m
собаки;метис;"643110800150724";"09.12.2019";14;m
собаки;метис;"643110800150725";"09.12.2019";14;m
собаки;метис;"643110800150726";"09.12.2019";14;m
собаки;метис;"643110800150727";"09.12.2019";14;m
собаки;метис;"643110800150728";"09.12.2019";14;m
собаки;метис;"643110800150729";"09.12.2019";14;f
собаки;метис;"643110800150730";"09.12.2019";14;f
собаки;метис;"643110800150731";"09.12.2019";14;f
собаки;метис;"643110800150732";"09.12.2019";14;f
собаки;метис;"643110800150733";"09.12.2019";14;f
собаки;метис;"643110800150734";"09.12.2019";14;f
собаки;метис;"643110800150735";"09.12.2019";14;f
собаки;метис;"643110800150736";"09.12.2019";14;m
собаки;метис;"643110800150737";"18.12.2019";14;m
собаки;метис;"643110800150738";"18.12.2019";14;f
собаки;метис;"643110800043208";"18.12.2019";14;f
собаки;метис;"643110800150712";"20.12.2019";14;m
собаки;метис;"643110800150713";"20.12.2019";14;m
